"job_id","url","title","specialty","employment_type","company","city","province","street_address","location_formatted","latitude","longitude","distance_from_toronto_km","compensation_raw","pay_rate_type","salary_min","salary_max","salary_avg","annualized_salary","physician_split_pct","clinic_split_pct","signing_bonus","relocation_bonus","accommodations_allowance","travel_allowance","is_hospital","requires_emr","requires_cfpc","requires_cpso","is_application_gated","gate_message","posted_date","closing_date","description_summary","full_description_text","structured_sections_overview","external_links","raw_json_ld_@context","raw_json_ld_@type","raw_json_ld_title","raw_json_ld_description","raw_json_ld_datePosted","raw_json_ld_validThrough","raw_json_ld_hiringOrganization_@type","raw_json_ld_hiringOrganization_name","raw_json_ld_jobLocation_@type","raw_json_ld_jobLocation_address_@type","raw_json_ld_jobLocation_address_streetAddress","raw_json_ld_jobLocation_address_addressLocality","raw_json_ld_jobLocation_address_addressRegion","raw_json_ld_jobLocation_address_postalCode","raw_json_ld_jobLocation_address_addressCountry","raw_json_ld_identifier_@type","raw_json_ld_identifier_value","scraped_at","structured_sections_About Unify Health","structured_sections_The Role","structured_sections_Why Join Us","structured_sections_Additional Considerations","structured_sections_Application Process","raw_json_ld_employmentType","structured_sections_DAYTIME OR AFTER-HOURS POSITIONS AVAILABLE","structured_sections_","structured_sections_The offices are brand new. The EMR is PS Suite (Telus).","structured_sections_Our professional office staff handles all the administrative tasks.","structured_sections_Who do we serve?","structured_sections_Patient Follow Up","structured_sections_Attractive fee split","structured_sections_About Kidcrew","structured_sections_LOCUM DERMATOLOGIST, St. Joseph’s Health Centre, Unity Health Toronto","structured_sections_Unity Health Toronto is inviting applications for a locum position in the Division of Dermatology at the St. Joseph’s Health Centre site in Toronto.","structured_sections_The Opportunity","structured_sections_NEW AND MODERN MEDICAL CENTRE IN THE REGAL HEIGHTS AREA OF TORONTO","structured_sections_SEEKING DERMATOLOGIST","structured_sections_NEW GRADS WELCOME","structured_sections_Position Overview","structured_sections_Responsibilities","structured_sections_Qualifications","structured_sections_Compensation and Benefits","structured_sections_Endocrinologist, Dermatologist & Walk-In Physicians Needed (Part-Time)","structured_sections_Why join us?","structured_sections_Location","structured_sections_1473 Danforth Ave, Toronto, ON M4J 1N5 (Danforth & Coxwell)","structured_sections_📱 Call/Text: ***-***-**** (🔒 Premium)","structured_sections_DERMATOLOGIST, St. Joseph’s Health Centre, Unity Health Toronto","structured_sections_Unity Health Toronto is inviting applications for an Active Staff position in the Division of Dermatology at the St. Joseph’s Health Centre site in Toronto.","structured_sections_Dermatologist Needed – Part-Time/Full-Time","structured_sections_ProHealth Walk-In Medical Clinic – Toronto (Danforth & Coxwell)","structured_sections_Humber River Health. Tomorrow’s Healthcare, Today.","structured_sections_We are looking for a","structured_sections_Emergency Physician","structured_sections_Department and Program Overview","structured_sections_Position Summary","structured_sections_Qualifications, Skills and Attributes","structured_sections_Interested Applicants","structured_sections_Why choose Humber River Health?","structured_sections_www.hrh.ca","structured_sections_SUNNYBROOK EMERGENCY MEDICINE","structured_sections_Requirements","structured_sections_Remuneration","structured_sections_To apply, please submit the following documents","structured_sections_To apply, please submit the following documents by end of the day September 2, 2025","raw_json_ld","structured_sections_ABOUT THE CLINIC","structured_sections_Benefits","structured_sections_About Watson Medical Clinic","structured_sections_Key Responsibilities","structured_sections_Required","structured_sections_What We Offer","structured_sections_Flexible Practice Model","structured_sections_Strong Earning Potential","structured_sections_Collaborative Multidisciplinary Environment","structured_sections_Modern Integrated Facility","structured_sections_Full Clinical Support","structured_sections_New Graduates Welcome","structured_sections_Why Join Us?","structured_sections_About the Clinic","structured_sections_Why This Clinic Exists","structured_sections_Why We Are Speaking to You","structured_sections_We Do Healthcare Differently","structured_sections_Terms","structured_sections_Physician Opportunities","structured_sections_Enhanced Care Medical Clinic","structured_sections_Internal Medicine: virtual or in-person","structured_sections_Competitive split - Minimum visit number guarantee available. Ask us about our hourly rate, no overhead option.","structured_sections_About Enhanced Care Medical Clinic","structured_sections_FOR MORE INFORMATION","structured_sections_We look forward to hearing from you soon!","structured_sections_Diversity Statement","structured_sections_Accessibility Statement","structured_sections_Locum General Internist","structured_sections_Endocrinologist(s) F/T or P/T - Lots of Patients - Christie Subway Station - High Traffic - Bloor & Christie","structured_sections_Split or Sublease","structured_sections_Clinic","structured_sections_Position","structured_sections_Job Duties","structured_sections_Required Qualifications","structured_sections_Work Location","structured_sections_Hours","structured_sections_Employment Type","structured_sections_Wage","structured_sections_Language of Work","structured_sections_Contact","structured_sections_Hospital for Sick Children, Division of Clinical and Metabolic Genetics","structured_sections_Dina Kulik, MD","structured_sections_Primary Description","structured_sections_Additional Description","structured_sections_Department Description","structured_sections_Hospital Description","structured_sections_Why Mimico Medical?","structured_sections_About Us","structured_sections_WELCOME TO KIDCREW!","structured_sections_Canada's Largest Multidisciplinary Kids' Health Clinic.","structured_sections_Full-time, part-time, long term or contract","structured_sections_Two clinic locations","structured_sections_New, beautiful, bright, entertaining and technologically advanced clinics.","structured_sections_This is an excellent opportunity to build or relocate a practice in a highly populated residential area.","structured_sections_**New Graduates Encouraged to Apply**","structured_sections_GASTROENTEROLOGIST, full-time or part-time, wanted for a multi-disciplinary clinic at either Kidcrew location.","structured_sections_Midtown:  Bathurst and St Clair","structured_sections_North York: Leslie and 401","structured_sections_Building infection control measures","structured_sections_DAYTIME OR AFTER-HOURS POSITIONS ARE AVAILABLE","structured_sections_❤ Attractive fee split","structured_sections_Additional Requirements","structured_sections_Service Offerings","structured_sections_Requirements & Qualifications","structured_sections_Psychiatrist(s) P/T or F/T and or Virtual","structured_sections_Part-Time Psychiatrist – (Virtual Consultations)","structured_sections_Flexible Remote Opportunity | Competitive Compensation Hybrid of OHIP + Stipend","structured_sections_Duties include","structured_sections_We are looking for a licensed psychiatrist with","structured_sections_About our clinic","structured_sections_Operating for over 15 YEARS in Kensington Market at The Heart of Downtown Toronto!","structured_sections_COLLEGE MEDICAL CARE IS SEEKING AN ADDITIONAL PSYCHIATRIST TO JOIN OUR ESTABLISHED TEAM OF PSYCHIATRISTS!","structured_sections_Some highlights of the clinic","structured_sections_*In-house psychotherapy support*","structured_sections_Psychiatry: virtual or in-person","structured_sections_Why Field Trip","structured_sections_Seeking a Psychiatrist to join an established Family Health Organization of 10 physicians in downtown Toronto. Beautiful location right on Lake Ontario and close to St. Lawrence Market.","structured_sections_About the Centre for Psychodynamic Insights","structured_sections_About the Position","structured_sections_Assets","structured_sections_Please note","structured_sections_Intelligence Disclosure","structured_sections_In this role, you will","structured_sections_All patients are referred by a primary care physician."
"6a34cf89a641db6c31dff995","https://physiciancareers.ca/jobs/dermatology-practice-for-sale-6a34cf89a641db6c31dff995?specialty=Dermatology&city=Toronto","Dermatology Practice for sale","Dermatology","full-time","Dr. Eric Goldstein","downtown toronto","ON","340 College st","Toronto, ON","43.6532","-79.3832","0","Fee-For-Service","unspecified","","","","","","","","","","","false","false","false","false","true","Unlock application details with Premium","2026-06-18","","Busy dermatology practice for sale. Turn key operation. Office has two exam rooms, private back physician office, waiting room, secretary area, store room.

I am looking for someone to take over my practice. Many referring doctors, established medical building, well maintained.

Timing is open to di...","Busy dermatology practice for sale. Turn key operation. Office has two exam rooms, private back physician office, waiting room, secretary area, store room.

I am looking for someone to take over my practice. Many referring doctors, established medical building, well maintained.

Timing is open to discussion.","Busy dermatology practice for sale. Turn key operation. Office has two exam rooms, private back physician office, waiting room, secretary area, store room. | I am looking for someone to take over my practice. Many referring doctors, established medical building, well maintained. | Timing is open to discussion.","","https://schema.org","JobPosting","Dermatology Practice for sale","Busy dermatology practice for sale. Turn key operation. Office has two exam rooms, private back physician office, waiting room, secretary area, store room. I am looking for someone to take over my practice. Many referring doctors, established medical building, well maintained. Timing is open to discussion.","2026-06-18T00:00:00.000Z","2026-09-16T00:00:00.000Z","Organization","Dr. Eric Goldstein","Place","PostalAddress","340 College st","Toronto","ON","M5T3A9","CA","PropertyValue","6a34cf89a641db6c31dff995","2026-09-29T18:25:23.949Z","","","","","","","","","","","","","","","","","","","","","","","","","","","","","","","","","","","","","","","","","","","","","","","","","","","","","","","","","","","","","","","","","","","","","","","","","","","","","","","","","","","","","","","","","","","","","","","","","","","","","","","","","","","","","","","","","","","","","","","","","","","","","","","","","","","",""
"6a0bf00576abc2c85cc7569d","https://physiciancareers.ca/jobs?specialty=Dermatology&city=Toronto","Dermatologist Wanted for Multidisciplinary Clinic Expansion in Markham","Dermatology","full-time","Unify Health","markham","ON","25 Industrial Street","Toronto, ON","43.8561","-79.337","22.86","Fee-For-Service","unspecified","","","","","","","","","","","false","true","false","false","true","Unlock application details with Premium","2026-05-18","","About Unify Health

Unify Health is a physician-owned, integrated, multidisciplinary ambulatory medical centre with over 50 physicians and a comprehensive team of allied health professionals. We are expanding our footprint into Markham and are seeking a part-time or full-time Dermatologist to join o...","About Unify Health

Unify Health is a physician-owned, integrated, multidisciplinary ambulatory medical centre with over 50 physicians and a comprehensive team of allied health professionals. We are expanding our footprint into Markham and are seeking a part-time or full-time Dermatologist to join our growing team.

Our model emphasizes collaborative, patient-centred care with strong internal referral pathways, efficient workflows, and a supportive clinical environment. The Markham site is being developed to serve a diverse and growing population, with significant demand for both medical and procedural dermatology.




The Role

We are seeking a Dermatologist to establish and grow a dermatology practice within our new Markham location. The role includes assessment, diagnosis, and longitudinal management of a wide range of dermatologic conditions, including but not limited to:

General medical dermatology (acne, eczema, psoriasis, rosacea)
Skin cancer screening and lesion assessment
Minor dermatologic procedures and excisions
Cosmetic dermatology (optional, based on interest)

You will benefit from a strong internal referral base from family physicians and specialists within Unify Health, as well as external referrals. The practice can be tailored to your clinical interests, whether focused on medical, procedural, or cosmetic dermatology.

Our clinic is supported by experienced nursing staff and clinical assistants who assist with patient flow, documentation, coordination of investigations, and follow-ups—allowing you to focus on clinical care. You will have autonomy over your schedule, patient volume, and clinical scope.




Why Join Us

Strong Referral Network: Immediate access to a high-volume internal and external referral base
Flexible Practice Model: Full control over clinic structure, scheduling, and scope of practice
Supportive Infrastructure: Dedicated clinical and administrative support to optimize efficiency
Competitive Compensation: Attractive and competitive split with transparent structure
Collaborative Environment: Work within a well-established, physician-led multidisciplinary team
Modern Facilities: Purpose-built clinical space designed for efficiency and patient experience
Technology-Enabled Practice: Accuro EMR with templates and workflow supports to reduce administrative burden
Proven Track Record: Established history of supporting specialists in building successful, sustainable practices




Additional Considerations

Knowledge of Mandarin, Cantonese, or other Chinese languages is considered an asset given the local patient population, but is not required
Opportunities for cross-referral and collaboration with internal medicine, plastic surgery, and other specialties




Application Process

Interested candidates are invited to submit a CV and cover letter to ***@unifyhealth.ca (🔒 Premium)




We look forward to discussing how your dermatology practice can grow within Unify Health’s expanding Markham site.","","{""text"":""***@unifyhealth.ca (🔒 Premium)"",""url"":""/pricing""}","https://schema.org","JobPosting","Dermatologist Wanted for Multidisciplinary Clinic Expansion in Markham","About Unify Health Unify Health is a physician-owned, integrated, multidisciplinary ambulatory medical centre with over 50 physicians and a comprehensive team of allied health professionals. We are expanding our footprint into Markham and are seeking a part-time or full-time Dermatologist to join our growing team. Our model emphasizes collaborative, patient-centred care with strong internal referral pathways, efficient workflows, and a supportive clinical environment. The Markham site is being developed to serve a diverse and growing population, with significant demand for both medical and procedural dermatology. The Role We are seeking a Dermatologist to establish and grow a dermatology practice within our new Markham location. The role includes assessment, diagnosis, and longitudinal management of a wide range of dermatologic conditions, including but not limited to: General medical dermatology (acne, eczema, psoriasis, rosacea) Skin cancer screening and lesion assessment Minor dermatologic procedures and excisions Cosmetic dermatology (optional, based on interest) You will benefit from a strong internal referral base from family physicians and specialists within Unify Health, as well as external referrals. The practice can be tailored to your clinical interests, whether focused on medical, procedural, or cosmetic dermatology. Our clinic is supported by experienced nursing staff and clinical assistants who assist with patient flow, documentation, coordination of investigations, and follow-ups—allowing you to focus on clinical care. You will have autonomy over your schedule, patient volume, and clinical scope. Why Join Us Strong Referral Network: Immediate access to a high-volume internal and external referral base Flexible Practice Model: Full control over clinic structure, scheduling, and scope of practice Supportive Infrastructure: Dedicated clinical and administrative support to optimize efficiency Competitive Compensation: Attractive and competitive split with transparent structure Collaborative Environment: Work within a well-established, physician-led multidisciplinary team Modern Facilities: Purpose-built clinical space designed for efficiency and patient experience Technology-Enabled Practice: Accuro EMR with templates and workflow supports to reduce administrative burden Proven Track Record: Established history of supporting specialists in building successful, sustainable practices Additional Considerations Knowledge of Mandarin, Cantonese, or other Chinese languages is considered an asset given the local patient population, but is not required Opportunities for cross-referral and collaboration with internal medicine, plastic surgery, and other specialties Application Process Interested candidates are invited to submit a CV and cover letter to ginsberg@unifyhealth.ca We look forward to discussing how your dermatology practice can grow within Unify Health’s expanding Markham site.","2026-05-18T00:00:00.000Z","2026-06-30T00:00:00.000Z","Organization","Unify Health","Place","PostalAddress","25 Industrial Street","Toronto","ON","M4G1Z2","CA","PropertyValue","6a0bf00576abc2c85cc7569d","2026-09-29T18:25:24.675Z","Unify Health is a physician-owned, integrated, multidisciplinary ambulatory medical centre with over 50 physicians and a comprehensive team of allied health professionals. We are expanding our footprint into Markham and are seeking a part-time or full-time Dermatologist to join our growing team. | Our model emphasizes collaborative, patient-centred care with strong internal referral pathways, efficient workflows, and a supportive clinical environment. The Markham site is being developed to serve a diverse and growing population, with significant demand for both medical and procedural dermatology.","We are seeking a Dermatologist to establish and grow a dermatology practice within our new Markham location. The role includes assessment, diagnosis, and longitudinal management of a wide range of dermatologic conditions, including but not limited to: | General medical dermatology (acne, eczema, psoriasis, rosacea) | Skin cancer screening and lesion assessment | Minor dermatologic procedures and excisions | Cosmetic dermatology (optional, based on interest) | You will benefit from a strong internal referral base from family physicians and specialists within Unify Health, as well as external referrals. The practice can be tailored to your clinical interests, whether focused on medical, procedural, or cosmetic dermatology. | Our clinic is supported by experienced nursing staff and clinical assistants who assist with patient flow, documentation, coordination of investigations, and follow-ups—allowing you to focus on clinical care. You will have autonomy over your schedule, patient volume, and clinical scope.","Strong Referral Network: Immediate access to a high-volume internal and external referral base | Flexible Practice Model: Full control over clinic structure, scheduling, and scope of practice | Supportive Infrastructure: Dedicated clinical and administrative support to optimize efficiency | Competitive Compensation: Attractive and competitive split with transparent structure | Collaborative Environment: Work within a well-established, physician-led multidisciplinary team | Modern Facilities: Purpose-built clinical space designed for efficiency and patient experience | Technology-Enabled Practice: Accuro EMR with templates and workflow supports to reduce administrative burden | Proven Track Record: Established history of supporting specialists in building successful, sustainable practices","Knowledge of Mandarin, Cantonese, or other Chinese languages is considered an asset given the local patient population, but is not required | Opportunities for cross-referral and collaboration with internal medicine, plastic surgery, and other specialties","Interested candidates are invited to submit a CV and cover letter to ***@unifyhealth.ca (🔒 Premium) | We look forward to discussing how your dermatology practice can grow within Unify Health’s expanding Markham site.","full-time","","","","","","","","","","","","","","","","","","","","","","","","","","","","","","","","","","","","","","","","","","","","","","","","","","","","","","","","","","","","","","","","","","","","","","","","","","","","","","","","","","","","","","","","","","","","","","","","","","","","","","","","","","","","","","","","","","","","","","","","","","","","","",""
"69d4919ae1d60f82dd898513","https://physiciancareers.ca/jobs/dermatologist-or-pediatrician-specializing-in-dermatology-69d4919ae1d60f82dd898513?specialty=Dermatology&city=Toronto","DERMATOLOGIST OR PEDIATRICIAN SPECIALIZING IN DERMATOLOGY","Dermatology","full-time","Kidcrew","north york","ON","1440 Bathurst St","Toronto, ON","43.7615","-79.4111","12.25","Fee-For-Service","hourly","500","500","500","1000000","","","","","","","false","true","false","true","true","Unlock application details with Premium","2026-04-06","","DERMATOLOGIST or PEDIATRICIAN SPECIALIZING IN DERMATOLOGY, full-time or part-time, wanted for a multi-disciplinary clinic at either Kidcrew location

Midtown:  Bathurst and St Clair

North York: Leslie and 401

DAYTIME OR AFTER-HOURS POSITIONS AVAILABLE

 

The offices are brand new. The EMR is PS S...","DERMATOLOGIST or PEDIATRICIAN SPECIALIZING IN DERMATOLOGY, full-time or part-time, wanted for a multi-disciplinary clinic at either Kidcrew location

Midtown: Bathurst and St Clair

North York: Leslie and 401

DAYTIME OR AFTER-HOURS POSITIONS AVAILABLE

 

The offices are brand new. The EMR is PS Suite (Telus).

Our professional office staff handles all the administrative tasks.

Kidcrew is an award-winning multi-disciplinary pediatric practice located in Midtown Toronto and North York. We have over 80,000 patients.

 

Our Virtual Care Clinic serves kids from anywhere in Ontario.

Our virtual-care model provides flexibility to allow doctors to augment with casual, part-time, or full-time work.

Cloud-based, HIPAA/PHIPA compliant EMR with VPN access from home.

Chart, bill, order labs/imaging/write sick notes/referrals and discharge notes from anywhere you want!

Guaranteed patient volume (4-6/hr) depending on preference. 

ZERO EMR fee.

Competitive overhead rate.

Overhead is tax-deductible as an associate (versus an employee at other clinics).

Bill upwards of $500/hour

Commitment is casual or long-term. You can pick up as much or as little as you want. When you want to work, how long, and how frequently you see patients, it's up to you.

Our professional office staff handles all the administrative tasks.

 

Who do we serve?

We can see patients from anywhere in Ontario, including in rural, northern, and underserviced areas. Telemedicine can improve the health and well-being of patients who have poor access to care or can only use the ER. We can help improve access and, therefore, patients' overall health and well-being in these areas. We are thrilled to help more families with timely expert pediatric care.

 

Patient Follow Up

Kidcrew clinicians collaborate to ensure patients have timely and accessible follow-up, in order to avoid unnecessary emergency room use and ensure continuity of care.

 

Flexible patient encounters: urgent visits, consults or follow-ups, in person or via virtual medicine.

 

Flexibility in hours: the ability to work part-time, FT, evenings, or weekends 

 

Work alongside specialists: with over 20 different medical and surgical specialties affiliated

 

Attractive fee split

 

Requirement: CPSO licensed

This is an excellent opportunity to build or relocate a practice in a highly populated residential area.

The clinic is open seven days a week.

**New Graduates Encouraged to Apply**

 

About Kidcrew

At Kidcrew, we have created forward-thinking and innovative children's clinics focusing on family-centred care and wellness for children of all ages. We are looking to bring on excellent, eager, and friendly pediatricians and specialists. Pediatricians will provide well-baby care, sick visits, and general pediatrics to this thriving community. In addition, the clinic provides nursing care.

We are passionate about providing quality pediatric care for kids and families. A state-of-the-art EMR is used along with well-qualified friendly, trained support staff. 

From our friendly front desk staff to our non-traditional 2,000 square-foot patient lounges with a playground, iPad stations, and a playroom, Kidcrew is committed to providing an exceptional patient experience. We have over 120 clinicians on our team: pediatricians, a variety of pediatric sub-specialists, dietitians, speech-language pathologists, physiotherapists, occupational therapists, psychologists, and others to provide a comprehensive and collaborative model under one roof. 

Join us on our journey to reinventing kids' healthcare.

https://kidcrew.com/

 

Our founder, Dr Dina Kulik, is happy to review opportunities at ***@kidcrew.com (🔒 Premium)","DERMATOLOGIST or PEDIATRICIAN SPECIALIZING IN DERMATOLOGY, full-time or part-time, wanted for a multi-disciplinary clinic at either Kidcrew location | Midtown:  Bathurst and St Clair | North York: Leslie and 401","{""text"":""***@kidcrew.com (🔒 Premium)"",""url"":""/pricing""}","https://schema.org","JobPosting","DERMATOLOGIST OR PEDIATRICIAN SPECIALIZING IN DERMATOLOGY","DERMATOLOGIST or PEDIATRICIAN SPECIALIZING IN DERMATOLOGY , full-time or part-time, wanted for a multi-disciplinary clinic at either Kidcrew location Midtown: Bathurst and St Clair North York: Leslie and 401 DAYTIME OR AFTER-HOURS POSITIONS AVAILABLE The offices are brand new. The EMR is PS Suite (Telus). Our professional office staff handles all the administrative tasks. Kidcrew is an award-winning multi-disciplinary pediatric practice located in Midtown Toronto and North York. We have over 80,000 patients. Our Virtual Care Clinic serves kids from anywhere in Ontario. Our virtual-care model provides flexibility to allow doctors to augment with casual, part-time, or full-time work. Cloud-based, HIPAA/PHIPA compliant EMR with VPN access from home. Chart, bill, order labs/imaging/write sick notes/referrals and discharge notes from anywhere you want! Guaranteed patient volume (4-6/hr) depending on preference. ZERO EMR fee. Competitive overhead rate. Overhead is tax-deductible as an associate (versus an employee at other clinics). Bill upwards of $500/hour Commitment is casual or long-term. You can pick up as much or as little as you want. When you want to work, how long, and how frequently you see patients, it&#39;s up to you. Our professional office staff handles all the administrative tasks. Who do we serve? We can see patients from anywhere in Ontario, including in rural, northern, and underserviced areas. Telemedicine can improve the health and well-being of patients who have poor access to care or can only use the ER. We can help improve access and, therefore, patients&#39; overall health and well-being in these areas. We are thrilled to help more families with timely expert pediatric care. Patient Follow Up Kidcrew clinicians collaborate to ensure patients have timely and accessible follow-up, in order to avoid unnecessary emergency room use and ensure continuity of care. Flexible patient encounters : urgent visits, consults or follow-ups, in person or via virtual medicine. Flexibility in hours : the ability to work part-time, FT, evenings, or weekends Work alongside specialists: with over 20 different medical and surgical specialties affiliated Attractive fee split Requirement: CPSO licensed This is an excellent opportunity to build or relocate a practice in a highly populated residential area. The clinic is open seven days a week. **New Graduates Encouraged to Apply** About Kidcrew At Kidcrew, we have created forward-thinking and innovative children&#39;s clinics focusing on family-centred care and wellness for children of all ages. We are looking to bring on excellent, eager, and friendly pediatricians and specialists. Pediatricians will provide well-baby care, sick visits, and general pediatrics to this thriving community. In addition, the clinic provides nursing care. We are passionate about providing quality pediatric care for kids and families. A state-of-the-art EMR is used along with well-qualified friendly, trained support staff. From our friendly front desk staff to our non-traditional 2,000 square-foot patient lounges with a playground, iPad stations, and a playroom, Kidcrew is committed to providing an exceptional patient experience. We have over 120 clinicians on our team: pediatricians, a variety of pediatric sub-specialists, dietitians, speech-language pathologists, physiotherapists, occupational therapists, psychologists, and others to provide a comprehensive and collaborative model under one roof. Join us on our journey to reinventing kids&#39; healthcare. https://kidcrew.com/ Our founder, Dr Dina Kulik, is happy to review opportunities at drdina@kidcrew.com","2026-04-06T00:00:00.000Z","2026-07-05T00:00:00.000Z","Organization","Kidcrew","Place","PostalAddress","1440 Bathurst St","Toronto","ON","M5R3J3","CA","PropertyValue","69d4919ae1d60f82dd898513","2026-09-29T18:25:25.416Z","","","","","","full-time","","","","Kidcrew is an award-winning multi-disciplinary pediatric practice located in Midtown Toronto and North York. We have over 80,000 patients. | Our Virtual Care Clinic serves kids from anywhere in Ontario. | Our virtual-care model provides flexibility to allow doctors to augment with casual, part-time, or full-time work. | Cloud-based, HIPAA/PHIPA compliant EMR with VPN access from home. | Chart, bill, order labs/imaging/write sick notes/referrals and discharge notes from anywhere you want! | Guaranteed patient volume (4-6/hr) depending on preference. | ZERO EMR fee. | Competitive overhead rate. | Overhead is tax-deductible as an associate (versus an employee at other clinics). | Bill upwards of $500/hour | Commitment is casual or long-term. You can pick up as much or as little as you want. When you want to work, how long, and how frequently you see patients, it's up to you. | Our professional office staff handles all the administrative tasks.","We can see patients from anywhere in Ontario, including in rural, northern, and underserviced areas. Telemedicine can improve the health and well-being of patients who have poor access to care or can only use the ER. We can help improve access and, therefore, patients' overall health and well-being in these areas. We are thrilled to help more families with timely expert pediatric care.","Kidcrew clinicians collaborate to ensure patients have timely and accessible follow-up,  in order to avoid unnecessary emergency room use and ensure continuity of care. | Flexible patient encounters: urgent visits, consults or follow-ups, in person or via virtual medicine. | Flexibility in hours: the ability to work part-time, FT, evenings, or weekends | Work alongside specialists: with over 20 different medical and surgical specialties affiliated","Requirement: CPSO licensed | This is an excellent opportunity to build or relocate a practice in a highly populated residential area. | The clinic is open seven days a week. | **New Graduates Encouraged to Apply**","At Kidcrew, we have created forward-thinking and innovative children's clinics focusing on family-centred care and wellness for children of all ages. We are looking to bring on excellent, eager, and friendly pediatricians and specialists.  Pediatricians will provide well-baby care, sick visits, and general pediatrics to this thriving community. In addition, the clinic provides nursing care. | We are passionate about providing quality pediatric care for kids and families. A state-of-the-art EMR is used along with well-qualified friendly, trained support staff. | From our friendly front desk staff to our non-traditional 2,000 square-foot patient lounges with a playground, iPad stations, and a playroom, Kidcrew is committed to providing an exceptional patient experience. We have over 120 clinicians on our team: pediatricians, a variety of pediatric sub-specialists, dietitians, speech-language pathologists, physiotherapists, occupational therapists, psychologists, and others to provide a comprehensive and collaborative model under one roof. | Join us on our journey to reinventing kids' healthcare. | https://kidcrew.com/ | Our founder, Dr Dina Kulik, is happy to review opportunities at ***@kidcrew.com (🔒 Premium)","","","","","","","","","","","","","","","","","","","","","","","","","","","","","","","","","","","","","","","","","","","","","","","","","","","","","","","","","","","","","","","","","","","","","","","","","","","","","","","","","","","","","","","","","","","","","","","","","","","","","","","","","","","","","","","","","","","","","",""
"69c8b39ee1d60f82dd7de84d","https://physiciancareers.ca/jobs/dermatologist-wanted-for-multidisciplinary-clinic-expansion-in-markham-69c8b39ee1d60f82dd7de84d?specialty=Dermatology&city=Toronto","Dermatologist Wanted for Multidisciplinary Clinic Expansion in Markham","Dermatology","full-time","Unify Health","markham","ON","25 Industrial Street","Toronto, ON","43.8561","-79.337","22.86","Fee-For-Service","unspecified","","","","","","","","","","","false","true","false","false","true","Unlock application details with Premium","2026-03-28","","About Unify Health

Unify Health is a physician-owned, integrated, multidisciplinary ambulatory medical centre with over 50 physicians and a comprehensive team of allied health professionals. We are expanding our footprint into Markham and are seeking a part-time or full-time Dermatologist to join o...","About Unify Health

Unify Health is a physician-owned, integrated, multidisciplinary ambulatory medical centre with over 50 physicians and a comprehensive team of allied health professionals. We are expanding our footprint into Markham and are seeking a part-time or full-time Dermatologist to join our growing team.

Our model emphasizes collaborative, patient-centred care with strong internal referral pathways, efficient workflows, and a supportive clinical environment. The Markham site is being developed to serve a diverse and growing population, with significant demand for both medical and procedural dermatology.




The Role

We are seeking a Dermatologist to establish and grow a dermatology practice within our new Markham location. The role includes assessment, diagnosis, and longitudinal management of a wide range of dermatologic conditions, including but not limited to:

General medical dermatology (acne, eczema, psoriasis, rosacea)
Skin cancer screening and lesion assessment
Minor dermatologic procedures and excisions
Cosmetic dermatology (optional, based on interest)

You will benefit from a strong internal referral base from family physicians and specialists within Unify Health, as well as external referrals. The practice can be tailored to your clinical interests, whether focused on medical, procedural, or cosmetic dermatology.

Our clinic is supported by experienced nursing staff and clinical assistants who assist with patient flow, documentation, coordination of investigations, and follow-ups—allowing you to focus on clinical care. You will have autonomy over your schedule, patient volume, and clinical scope.




Why Join Us

Strong Referral Network: Immediate access to a high-volume internal and external referral base
Flexible Practice Model: Full control over clinic structure, scheduling, and scope of practice
Supportive Infrastructure: Dedicated clinical and administrative support to optimize efficiency
Competitive Compensation: Attractive and competitive split with transparent structure
Collaborative Environment: Work within a well-established, physician-led multidisciplinary team
Modern Facilities: Purpose-built clinical space designed for efficiency and patient experience
Technology-Enabled Practice: Accuro EMR with templates and workflow supports to reduce administrative burden
Proven Track Record: Established history of supporting specialists in building successful, sustainable practices




Additional Considerations

Knowledge of Mandarin, Cantonese, or other Chinese languages is considered an asset given the local patient population, but is not required
Opportunities for cross-referral and collaboration with internal medicine, plastic surgery, and other specialties




Application Process

Interested candidates are invited to submit a CV and cover letter to ***@unifyhealth.ca (🔒 Premium)




We look forward to discussing how your dermatology practice can grow within Unify Health’s expanding Markham site.","","{""text"":""***@unifyhealth.ca (🔒 Premium)"",""url"":""/pricing""}","https://schema.org","JobPosting","Dermatologist Wanted for Multidisciplinary Clinic Expansion in Markham","About Unify Health Unify Health is a physician-owned, integrated, multidisciplinary ambulatory medical centre with over 50 physicians and a comprehensive team of allied health professionals. We are expanding our footprint into Markham and are seeking a part-time or full-time Dermatologist to join our growing team. Our model emphasizes collaborative, patient-centred care with strong internal referral pathways, efficient workflows, and a supportive clinical environment. The Markham site is being developed to serve a diverse and growing population, with significant demand for both medical and procedural dermatology. The Role We are seeking a Dermatologist to establish and grow a dermatology practice within our new Markham location. The role includes assessment, diagnosis, and longitudinal management of a wide range of dermatologic conditions, including but not limited to: General medical dermatology (acne, eczema, psoriasis, rosacea) Skin cancer screening and lesion assessment Minor dermatologic procedures and excisions Cosmetic dermatology (optional, based on interest) You will benefit from a strong internal referral base from family physicians and specialists within Unify Health, as well as external referrals. The practice can be tailored to your clinical interests, whether focused on medical, procedural, or cosmetic dermatology. Our clinic is supported by experienced nursing staff and clinical assistants who assist with patient flow, documentation, coordination of investigations, and follow-ups—allowing you to focus on clinical care. You will have autonomy over your schedule, patient volume, and clinical scope. Why Join Us Strong Referral Network: Immediate access to a high-volume internal and external referral base Flexible Practice Model: Full control over clinic structure, scheduling, and scope of practice Supportive Infrastructure: Dedicated clinical and administrative support to optimize efficiency Competitive Compensation: Attractive and competitive split with transparent structure Collaborative Environment: Work within a well-established, physician-led multidisciplinary team Modern Facilities: Purpose-built clinical space designed for efficiency and patient experience Technology-Enabled Practice: Accuro EMR with templates and workflow supports to reduce administrative burden Proven Track Record: Established history of supporting specialists in building successful, sustainable practices Additional Considerations Knowledge of Mandarin, Cantonese, or other Chinese languages is considered an asset given the local patient population, but is not required Opportunities for cross-referral and collaboration with internal medicine, plastic surgery, and other specialties Application Process Interested candidates are invited to submit a CV and cover letter to ginsberg@unifyhealth.ca We look forward to discussing how your dermatology practice can grow within Unify Health’s expanding Markham site.","2026-03-28T00:00:00.000Z","2026-04-05T00:00:00.000Z","Organization","Unify Health","Place","PostalAddress","25 Industrial Street","Toronto","ON","M4G1Z2","CA","PropertyValue","69c8b39ee1d60f82dd7de84d","2026-09-29T18:25:26.168Z","Unify Health is a physician-owned, integrated, multidisciplinary ambulatory medical centre with over 50 physicians and a comprehensive team of allied health professionals. We are expanding our footprint into Markham and are seeking a part-time or full-time Dermatologist to join our growing team. | Our model emphasizes collaborative, patient-centred care with strong internal referral pathways, efficient workflows, and a supportive clinical environment. The Markham site is being developed to serve a diverse and growing population, with significant demand for both medical and procedural dermatology.","We are seeking a Dermatologist to establish and grow a dermatology practice within our new Markham location. The role includes assessment, diagnosis, and longitudinal management of a wide range of dermatologic conditions, including but not limited to: | General medical dermatology (acne, eczema, psoriasis, rosacea) | Skin cancer screening and lesion assessment | Minor dermatologic procedures and excisions | Cosmetic dermatology (optional, based on interest) | You will benefit from a strong internal referral base from family physicians and specialists within Unify Health, as well as external referrals. The practice can be tailored to your clinical interests, whether focused on medical, procedural, or cosmetic dermatology. | Our clinic is supported by experienced nursing staff and clinical assistants who assist with patient flow, documentation, coordination of investigations, and follow-ups—allowing you to focus on clinical care. You will have autonomy over your schedule, patient volume, and clinical scope.","Strong Referral Network: Immediate access to a high-volume internal and external referral base | Flexible Practice Model: Full control over clinic structure, scheduling, and scope of practice | Supportive Infrastructure: Dedicated clinical and administrative support to optimize efficiency | Competitive Compensation: Attractive and competitive split with transparent structure | Collaborative Environment: Work within a well-established, physician-led multidisciplinary team | Modern Facilities: Purpose-built clinical space designed for efficiency and patient experience | Technology-Enabled Practice: Accuro EMR with templates and workflow supports to reduce administrative burden | Proven Track Record: Established history of supporting specialists in building successful, sustainable practices","Knowledge of Mandarin, Cantonese, or other Chinese languages is considered an asset given the local patient population, but is not required | Opportunities for cross-referral and collaboration with internal medicine, plastic surgery, and other specialties","Interested candidates are invited to submit a CV and cover letter to ***@unifyhealth.ca (🔒 Premium) | We look forward to discussing how your dermatology practice can grow within Unify Health’s expanding Markham site.","full-time","","","","","","","","","","","","","","","","","","","","","","","","","","","","","","","","","","","","","","","","","","","","","","","","","","","","","","","","","","","","","","","","","","","","","","","","","","","","","","","","","","","","","","","","","","","","","","","","","","","","","","","","","","","","","","","","","","","","","","","","","","","","","",""
"69c54412db676bd89873e9a6","https://physiciancareers.ca/jobs/dermatologist-locum-69c54412db676bd89873e9a6?specialty=Dermatology&city=Toronto","Dermatologist Locum","Dermatology","locum","St. Joseph Health Centre, Unity Health Toronto","downtown toronto","ON","30 The Queensway","Old Toronto, ON","43.6532","-79.3832","0","Fee-For-Service","unspecified","","","","","","","","","","","true","false","false","true","true","Unlock application details with Premium","2026-03-26","","LOCUM DERMATOLOGIST, St. Joseph’s Health Centre, Unity Health Toronto




Unity Health Toronto is inviting applications for a locum position in the Division of Dermatology at the St. Joseph’s Health Centre site in Toronto.

St. Joseph’s Health Centre is a key site within Unity Health Toronto, servin...","LOCUM DERMATOLOGIST, St. Joseph’s Health Centre, Unity Health Toronto




Unity Health Toronto is inviting applications for a locum position in the Division of Dermatology at the St. Joseph’s Health Centre site in Toronto.

St. Joseph’s Health Centre is a key site within Unity Health Toronto, serving a culturally and economically diverse population of approximately 530,000. The hospital is a 400-bed facility that employs around 2,500 staff and includes 500 credentialed physicians. Recently, the hospital received a $1 billion investment from the Province of Ontario to build a state-of-the-art patient tower. Unity Health Toronto’s mission is to deliver compassionate care and advance healthcare excellence through education, research, and innovation. The Department of Medicine at St. Joseph’s Health Centre includes over 130 physicians across 13 divisions, committed to clinical care, education, and hospital leadership. Department members actively participate in undergraduate, postgraduate, and continuing education programs at the University of Toronto, frequently earning teaching awards.

The Opportunity:

The successful candidate will join the Division of Dermatology in the Department of Medicine and will have access to outpatient clinic time in general dermatology at the newly renovated Ambulatory Care Centre within the hospital. They will also provide shared daytime coverage for inpatient dermatology consultations on clinic days, rotating with our current dermatologists. 

The ideal candidate will have an interest in general dermatology and medical dermatology. The successful candidate must possess exemplary clinical skills and professionalism, with evidence of excellent interpersonal and collaborative skills and a proven ability to work effectively in a team. The role will also involve joining the University of Toronto Division of Dermatology with ample opportunities for involvement in medical education for residents and medical students with two core dermatology residency rotations based at our site. Compensation will be through OHIP billings (fee-for-service).

Applicants must be proficient in English and eligible for an academic appointment at the University of Toronto at the rank of Lecturer or higher. Certification by the Royal College of Physicians and Surgeons of Canada, along with licensure by the College of Physicians and Surgeons of Ontario, is required. Candidates must also hold Canadian Medical Protective Association (CMPA) coverage or an equivalent in good standing. The start for this position is spring/summer 2026, or as mutually agreed.




The University of Toronto and Unity Health Toronto are strongly committed to diversity within its community and especially welcomes applications from racialized persons, persons of colour, women, Indigenous/Aboriginal People of North America, persons with disability, LGBTQ persons, and others who may contribute to further diversification of ideas. All qualified candidates are encouraged to apply; however, Canadians and permanent residents will be given priority.","","","https://schema.org","JobPosting","Dermatologist Locum","LOCUM DERMATOLOGIST, St. Joseph’s Health Centre, Unity Health Toronto Unity Health Toronto is inviting applications for a locum position in the Division of Dermatology at the St. Joseph’s Health Centre site in Toronto. St. Joseph’s Health Centre is a key site within Unity Health Toronto, serving a culturally and economically diverse population of approximately 530,000. The hospital is a 400-bed facility that employs around 2,500 staff and includes 500 credentialed physicians. Recently, the hospital received a $1 billion investment from the Province of Ontario to build a state-of-the-art patient tower. Unity Health Toronto’s mission is to deliver compassionate care and advance healthcare excellence through education, research, and innovation. The Department of Medicine at St. Joseph’s Health Centre includes over 130 physicians across 13 divisions, committed to clinical care, education, and hospital leadership. Department members actively participate in undergraduate, postgraduate, and continuing education programs at the University of Toronto, frequently earning teaching awards. The Opportunity: The successful candidate will join the Division of Dermatology in the Department of Medicine and will have access to outpatient clinic time in general dermatology at the newly renovated Ambulatory Care Centre within the hospital. They will also provide shared daytime coverage for inpatient dermatology consultations on clinic days, rotating with our current dermatologists. The ideal candidate will have an interest in general dermatology and medical dermatology. The successful candidate must possess exemplary clinical skills and professionalism, with evidence of excellent interpersonal and collaborative skills and a proven ability to work effectively in a team. The role will also involve joining the University of Toronto Division of Dermatology with ample opportunities for involvement in medical education for residents and medical students with two core dermatology residency rotations based at our site. Compensation will be through OHIP billings (fee-for-service). Applicants must be proficient in English and eligible for an academic appointment at the University of Toronto at the rank of Lecturer or higher. Certification by the Royal College of Physicians and Surgeons of Canada, along with licensure by the College of Physicians and Surgeons of Ontario, is required. Candidates must also hold Canadian Medical Protective Association (CMPA) coverage or an equivalent in good standing. The start for this position is spring/summer 2026, or as mutually agreed. The University of Toronto and Unity Health Toronto are strongly committed to diversity within its community and especially welcomes applications from racialized persons, persons of colour, women, Indigenous/Aboriginal People of North America, persons with disability, LGBTQ persons, and others who may contribute to further diversification of ideas. All qualified candidates are encouraged to apply; however, Canadians and permanent residents will be given priority .","2026-03-26T00:00:00.000Z","2026-06-24T00:00:00.000Z","Organization","St. Joseph Health Centre, Unity Health Toronto","Place","PostalAddress","30 The Queensway","Old Toronto","ON","M6R 1B5","CA","PropertyValue","69c54412db676bd89873e9a6","2026-09-29T18:25:26.569Z","","","","","","locum","","","","","","","","","","St. Joseph’s Health Centre is a key site within Unity Health Toronto, serving a culturally and economically diverse population of approximately 530,000. The hospital is a 400-bed facility that employs around 2,500 staff and includes 500 credentialed physicians. Recently, the hospital received a $1 billion investment from the Province of Ontario to build a state-of-the-art patient tower. Unity Health Toronto’s mission is to deliver compassionate care and advance healthcare excellence through education, research, and innovation. The Department of Medicine at St. Joseph’s Health Centre includes over 130 physicians across 13 divisions, committed to clinical care, education, and hospital leadership. Department members actively participate in undergraduate, postgraduate, and continuing education programs at the University of Toronto, frequently earning teaching awards.","The successful candidate will join the Division of Dermatology in the Department of Medicine and will have access to outpatient clinic time in general dermatology at the newly renovated Ambulatory Care Centre within the hospital. They will also provide shared daytime coverage for inpatient dermatology consultations on clinic days, rotating with our current dermatologists. | The ideal candidate will have an interest in general dermatology and medical dermatology. The successful candidate must possess exemplary clinical skills and professionalism, with evidence of excellent interpersonal and collaborative skills and a proven ability to work effectively in a team.  The role will also involve joining the University of Toronto Division of Dermatology with ample opportunities for involvement in medical education for residents and medical students with two core dermatology residency rotations based at our site. Compensation will be through OHIP billings (fee-for-service). | Applicants must be proficient in English and eligible for an academic appointment at the University of Toronto at the rank of Lecturer or higher. Certification by the Royal College of Physicians and Surgeons of Canada, along with licensure by the College of Physicians and Surgeons of Ontario, is required. Candidates must also hold Canadian Medical Protective Association (CMPA) coverage or an equivalent in good standing. The start for this position is spring/summer 2026, or as mutually agreed. | The University of Toronto and Unity Health Toronto are strongly committed to diversity within its community and especially welcomes applications from racialized persons, persons of colour, women, Indigenous/Aboriginal People of North America, persons with disability, LGBTQ persons, and others who may contribute to further diversification of ideas. All qualified candidates are encouraged to apply; however, Canadians and permanent residents will be given priority.","","","","","","","","","","","","","","","","","","","","","","","","","","","","","","","","","","","","","","","","","","","","","","","","","","","","","","","","","","","","","","","","","","","","","","","","","","","","","","","","","","","","","","","","","","","","","","","","","","","","","","","","","","","","","","","","","","",""
"699bee36201c01c84d81fea7","https://physiciancareers.ca/jobs/looking-for-dermatologist-699bee36201c01c84d81fea7?specialty=Dermatology&city=Toronto","Looking For Dermatologist","Dermatology","full-time","Regal Heights Medical Centre","downtown toronto","ON","1086 St. Clair Ave W","Toronto, ON","43.6532","-79.3832","0","Fee-For-Service Split","fee_for_service_split","","","","","70","30","","","","","false","true","false","false","true","Unlock application details with Premium","2026-02-22","","NEW AND MODERN MEDICAL CENTRE IN THE REGAL HEIGHTS AREA OF TORONTO

SEEKING DERMATOLOGIST

NEW GRADS WELCOME

 

Job Title: Dermatologist

Location: Toronto, ON

Company: Regal Heights Medical Centre




About Us: Regal Heights Medical Centre is a brand new medical centre that is physician-owned nea...","NEW AND MODERN MEDICAL CENTRE IN THE REGAL HEIGHTS AREA OF TORONTO

SEEKING DERMATOLOGIST

NEW GRADS WELCOME

 

Job Title: Dermatologist

Location: Toronto, ON

Company: Regal Heights Medical Centre




About Us: Regal Heights Medical Centre is a brand new medical centre that is physician-owned near Dufferin and St. Clair Ave West, Toronto that opened February 2025. We are dedicated to providing exceptional healthcare services to individuals and families in Regal Heights and all surrounding communities. We offer a wide range of medical services, including family medicine and specialty medicine, pharmacy services, blood-work lab, ultrasound imaging, and walk-in all under one roof. Our mission is to deliver personalized, compassionate care in a comfortable, modern and welcoming environment.




Position Overview:

Busy, well-established multidisciplinary medical clinic seeking a Dermatologist to join our growing team. This is an excellent opportunity to build a strong dermatology practice with a steady referral base, modern infrastructure, and administrative support. Flexible scheduling and autonomy in practice style are supported. A 70/30 revenue split (physician/clinic) is offered and negotiable with possibility of partnership and shared expense model for interested candidates.




Responsibilities:




Provide comprehensive medical dermatology care (assessment, diagnosis, and management of skin, hair, and nail conditions)
Perform dermatologic procedures within scope (e.g., biopsies, cryotherapy, excisions, cosmetic procedures if desired)
Maintain accurate and timely medical records (ACCURO EMR)
Collaborate with referring physicians and allied health professionals
Participate in quality improvement and patient education initiatives
Option to develop subspecialty or cosmetic focus if desired




Qualifications:




MD with certification in Dermatology (Royal College or equivalent)
Licensed or eligible for independent licensure in Ontario
CMPA coverage
Strong clinical and communication skills
Ability to work independently and as part of a team
New graduates welcome; mentorship available

Compensation and Benefits:




70/30 split (negotiable)
High patient demand and strong referral network
Full administrative and billing support
Modern EMR and fully equipped procedure rooms
Flexible schedule and vacation time
Option to become a partner with shared overhead/expense model
Opportunity to shape and grow your own dermatology service line




Regal Heights Medical Centre is an equal opportunity employer and welcomes applicants from diverse backgrounds. We thank all applicants for their interest; however, only those selected for an interview will be contacted.




Join us in making a difference in the lives of our patients and community! We look forward to welcoming you to our team at Regal Heights Medical Centre.","","","https://schema.org","JobPosting","Looking For Dermatologist","NEW AND MODERN MEDICAL CENTRE IN THE REGAL HEIGHTS AREA OF TORONTO SEEKING DERMATOLOGIST NEW GRADS WELCOME Job Title : Dermatologist Location: Toronto, ON Company: Regal Heights Medical Centre About Us: Regal Heights Medical Centre is a brand new medical centre that is physician-owned near Dufferin and St. Clair Ave West, Toronto that opened February 2025. We are dedicated to providing exceptional healthcare services to individuals and families in Regal Heights and all surrounding communities. We offer a wide range of medical services, including family medicine and specialty medicine, pharmacy services, blood-work lab, ultrasound imaging, and walk-in all under one roof. Our mission is to deliver personalized, compassionate care in a comfortable, modern and welcoming environment. Position Overview: Busy, well-established multidisciplinary medical clinic seeking a Dermatologist to join our growing team. This is an excellent opportunity to build a strong dermatology practice with a steady referral base, modern infrastructure, and administrative support. Flexible scheduling and autonomy in practice style are supported. A 70/30 revenue split (physician/clinic) is offered and negotiable with possibility of partnership and shared expense model for interested candidates. Responsibilities: Provide comprehensive medical dermatology care (assessment, diagnosis, and management of skin, hair, and nail conditions) Perform dermatologic procedures within scope (e.g., biopsies, cryotherapy, excisions, cosmetic procedures if desired) Maintain accurate and timely medical records (ACCURO EMR) Collaborate with referring physicians and allied health professionals Participate in quality improvement and patient education initiatives Option to develop subspecialty or cosmetic focus if desired Qualifications: MD with certification in Dermatology (Royal College or equivalent) Licensed or eligible for independent licensure in Ontario CMPA coverage Strong clinical and communication skills Ability to work independently and as part of a team New graduates welcome; mentorship available Compensation and Benefits: 70/30 split (negotiable) High patient demand and strong referral network Full administrative and billing support Modern EMR and fully equipped procedure rooms Flexible schedule and vacation time Option to become a partner with shared overhead/expense model Opportunity to shape and grow your own dermatology service line Regal Heights Medical Centre is an equal opportunity employer and welcomes applicants from diverse backgrounds. We thank all applicants for their interest; however, only those selected for an interview will be contacted. Join us in making a difference in the lives of our patients and community! We look forward to welcoming you to our team at Regal Heights Medical Centre.","2026-02-22T00:00:00.000Z","2026-05-01T00:00:00.000Z","Organization","Regal Heights Medical Centre","Place","PostalAddress","1086 St. Clair Ave W","Toronto","ON","M6E1A7","CA","PropertyValue","699bee36201c01c84d81fea7","2026-09-29T18:25:27.254Z","","","","","","full-time","","","","","","","","","","","","","","Job Title: Dermatologist | Location: Toronto, ON | Company: Regal Heights Medical Centre | About Us: Regal Heights Medical Centre is a brand new medical centre that is physician-owned near Dufferin and St. Clair Ave West, Toronto that opened February 2025. We are dedicated to providing exceptional healthcare services to individuals and families in Regal Heights and all surrounding communities. We offer a wide range of medical services, including family medicine and specialty medicine, pharmacy services, blood-work lab, ultrasound imaging, and walk-in all under one roof. Our mission is to deliver personalized, compassionate care in a comfortable, modern and welcoming environment.","Busy, well-established multidisciplinary medical clinic seeking a Dermatologist to join our growing team. This is an excellent opportunity to build a strong dermatology practice with a steady referral base, modern infrastructure, and administrative support. Flexible scheduling and autonomy in practice style are supported. A 70/30 revenue split (physician/clinic) is offered and negotiable with possibility of partnership and shared expense model for interested candidates.","Provide comprehensive medical dermatology care (assessment, diagnosis, and management of skin, hair, and nail conditions) | Perform dermatologic procedures within scope (e.g., biopsies, cryotherapy, excisions, cosmetic procedures if desired) | Maintain accurate and timely medical records (ACCURO EMR) | Collaborate with referring physicians and allied health professionals | Participate in quality improvement and patient education initiatives | Option to develop subspecialty or cosmetic focus if desired","MD with certification in Dermatology (Royal College or equivalent) | Licensed or eligible for independent licensure in Ontario | CMPA coverage | Strong clinical and communication skills | Ability to work independently and as part of a team | New graduates welcome; mentorship available","70/30 split (negotiable) | High patient demand and strong referral network | Full administrative and billing support | Modern EMR and fully equipped procedure rooms | Flexible schedule and vacation time | Option to become a partner with shared overhead/expense model | Opportunity to shape and grow your own dermatology service line | Regal Heights Medical Centre is an equal opportunity employer and welcomes applicants from diverse backgrounds. We thank all applicants for their interest; however, only those selected for an interview will be contacted. | Join us in making a difference in the lives of our patients and community! We look forward to welcoming you to our team at Regal Heights Medical Centre.","","","","","","","","","","","","","","","","","","","","","","","","","","","","","","","","","","","","","","","","","","","","","","","","","","","","","","","","","","","","","","","","","","","","","","","","","","","","","","","","","","","","","","","","","","","","","","","","","","","","","","","","","","","",""
"69960b02eb882ca80774cff9","https://physiciancareers.ca/jobs/looking-for-a-dermatologist-69960b02eb882ca80774cff9?specialty=Dermatology&city=Toronto","looking for a dermatologist","Dermatology","full-time","Jane Sheppard","downtown toronto","ON","2528 Jane Street","Toronto, ON","43.6532","-79.3832","0","Fee-For-Service","unspecified","","","","","","","","","","","false","false","false","false","true","Unlock application details with Premium","2026-02-18","","A great opportunity ; A Turn-key clinic in a high residential area , Plenty of parking in the plaza makes the clinic very convenient to your patients.

very decent space and very low overhead , attached to a busy walk in clinic and a family practice that can guarantee a lot of referrals .

if you ar...","A great opportunity ; A Turn-key clinic in a high residential area , Plenty of parking in the plaza makes the clinic very convenient to your patients.

very decent space and very low overhead , attached to a busy walk in clinic and a family practice that can guarantee a lot of referrals .

if you are interested please email me at ***@hotmail.com (🔒 Premium).

Regards","A great opportunity ; A Turn-key clinic in a high residential area , Plenty of parking in the plaza makes the clinic very convenient to your patients. | very decent space and very low overhead , attached to a busy walk in clinic and a family practice that can guarantee a lot of referrals . | if you are interested please email me at ***@hotmail.com (🔒 Premium). | Regards","{""text"":""***@hotmail.com (🔒 Premium)"",""url"":""/pricing""}","https://schema.org","JobPosting","looking for a dermatologist","A great opportunity ; A Turn-key clinic in a high residential area , Plenty of parking in the plaza makes the clinic very convenient to your patients. very decent space and very low overhead , attached to a busy walk in clinic and a family practice that can guarantee a lot of referrals . if you are interested please email me at ramynt2002@hotmail.com. Regards","2026-02-18T00:00:00.000Z","2026-05-19T00:00:00.000Z","Organization","Jane Sheppard","Place","PostalAddress","2528 Jane Street","Toronto","ON","M3L1S1","CA","PropertyValue","69960b02eb882ca80774cff9","2026-09-29T18:25:27.932Z","","","","","","full-time","","","","","","","","","","","","","","","","","","","","","","","","","","","","","","","","","","","","","","","","","","","","","","","","","","","","","","","","","","","","","","","","","","","","","","","","","","","","","","","","","","","","","","","","","","","","","","","","","","","","","","","","","","","","","","","","","","","","","","","","","","","","","",""
"69956506eb882ca807744b44","https://physiciancareers.ca/jobs/dermatologist-or-pediatrician-specializing-in-dermatology-69956506eb882ca807744b44?specialty=Dermatology&city=Toronto","DERMATOLOGIST OR PEDIATRICIAN SPECIALIZING IN DERMATOLOGY","Dermatology","full-time","Kidcrew","north york","ON","1440 Bathurst St","Toronto, ON","43.7615","-79.4111","12.25","Fee-For-Service","hourly","500","500","500","1000000","","","","","","","false","true","false","true","true","Unlock application details with Premium","2026-01-13","","DERMATOLOGIST or PEDIATRICIAN SPECIALIZING IN DERMATOLOGY, full-time or part-time, wanted for a multi-disciplinary clinic at either Kidcrew location

Midtown:  Bathurst and St Clair

North York: Leslie and 401

DAYTIME OR AFTER-HOURS POSITIONS AVAILABLE

 

The offices are brand new. The EMR is PS S...","DERMATOLOGIST or PEDIATRICIAN SPECIALIZING IN DERMATOLOGY, full-time or part-time, wanted for a multi-disciplinary clinic at either Kidcrew location

Midtown: Bathurst and St Clair

North York: Leslie and 401

DAYTIME OR AFTER-HOURS POSITIONS AVAILABLE

 

The offices are brand new. The EMR is PS Suite (Telus).

Our professional office staff handles all the administrative tasks.

Kidcrew is an award-winning multi-disciplinary pediatric practice located in Midtown Toronto and North York. We have over 80,000 patients.

 

Our Virtual Care Clinic serves kids from anywhere in Ontario.

Our virtual-care model provides flexibility to allow doctors to augment with casual, part-time, or full-time work.

Cloud-based, HIPAA/PHIPA compliant EMR with VPN access from home.

Chart, bill, order labs/imaging/write sick notes/referrals and discharge notes from anywhere you want!

Guaranteed patient volume (4-6/hr) depending on preference. 

ZERO EMR fee.

Competitive overhead rate.

Overhead is tax-deductible as an associate (versus an employee at other clinics).

Bill upwards of $500/hour

Commitment is casual or long-term. You can pick up as much or as little as you want. When you want to work, how long, and how frequently you see patients, it's up to you.

Our professional office staff handles all the administrative tasks.

 

Who do we serve?

We can see patients from anywhere in Ontario, including in rural, northern, and underserviced areas. Telemedicine can improve the health and well-being of patients who have poor access to care or can only use the ER. We can help improve access and, therefore, patients' overall health and well-being in these areas. We are thrilled to help more families with timely expert pediatric care.

 

Patient Follow Up

Kidcrew clinicians collaborate to ensure patients have timely and accessible follow-up, in order to avoid unnecessary emergency room use and ensure continuity of care.

 

Flexible patient encounters: urgent visits, consults or follow-ups, in person or via virtual medicine.

 

Flexibility in hours: the ability to work part-time, FT, evenings, or weekends 

 

Work alongside specialists: with over 20 different medical and surgical specialties affiliated

 

Attractive fee split

 

Requirement: CPSO licensed

This is an excellent opportunity to build or relocate a practice in a highly populated residential area.

The clinic is open seven days a week.

**New Graduates Encouraged to Apply**

 

About Kidcrew

At Kidcrew, we have created forward-thinking and innovative children's clinics focusing on family-centred care and wellness for children of all ages. We are looking to bring on excellent, eager, and friendly pediatricians and specialists. Pediatricians will provide well-baby care, sick visits, and general pediatrics to this thriving community. In addition, the clinic provides nursing care.

We are passionate about providing quality pediatric care for kids and families. A state-of-the-art EMR is used along with well-qualified friendly, trained support staff. 

From our friendly front desk staff to our non-traditional 2,000 square-foot patient lounges with a playground, iPad stations, and a playroom, Kidcrew is committed to providing an exceptional patient experience. We have over 120 clinicians on our team: pediatricians, a variety of pediatric sub-specialists, dietitians, speech-language pathologists, physiotherapists, occupational therapists, psychologists, and others to provide a comprehensive and collaborative model under one roof. 

Join us on our journey to reinventing kids' healthcare.

https://kidcrew.com/

 

Our founder, Dr Dina Kulik, is happy to review opportunities at ***@kidcrew.com (🔒 Premium)","DERMATOLOGIST or PEDIATRICIAN SPECIALIZING IN DERMATOLOGY, full-time or part-time, wanted for a multi-disciplinary clinic at either Kidcrew location | Midtown:  Bathurst and St Clair | North York: Leslie and 401","{""text"":""***@kidcrew.com (🔒 Premium)"",""url"":""/pricing""}","https://schema.org","JobPosting","DERMATOLOGIST OR PEDIATRICIAN SPECIALIZING IN DERMATOLOGY","DERMATOLOGIST or PEDIATRICIAN SPECIALIZING IN DERMATOLOGY , full-time or part-time, wanted for a multi-disciplinary clinic at either Kidcrew location Midtown: Bathurst and St Clair North York: Leslie and 401 DAYTIME OR AFTER-HOURS POSITIONS AVAILABLE The offices are brand new. The EMR is PS Suite (Telus). Our professional office staff handles all the administrative tasks. Kidcrew is an award-winning multi-disciplinary pediatric practice located in Midtown Toronto and North York. We have over 80,000 patients. Our Virtual Care Clinic serves kids from anywhere in Ontario. Our virtual-care model provides flexibility to allow doctors to augment with casual, part-time, or full-time work. Cloud-based, HIPAA/PHIPA compliant EMR with VPN access from home. Chart, bill, order labs/imaging/write sick notes/referrals and discharge notes from anywhere you want! Guaranteed patient volume (4-6/hr) depending on preference. ZERO EMR fee. Competitive overhead rate. Overhead is tax-deductible as an associate (versus an employee at other clinics). Bill upwards of $500/hour Commitment is casual or long-term. You can pick up as much or as little as you want. When you want to work, how long, and how frequently you see patients, it&#39;s up to you. Our professional office staff handles all the administrative tasks. Who do we serve? We can see patients from anywhere in Ontario, including in rural, northern, and underserviced areas. Telemedicine can improve the health and well-being of patients who have poor access to care or can only use the ER. We can help improve access and, therefore, patients&#39; overall health and well-being in these areas. We are thrilled to help more families with timely expert pediatric care. Patient Follow Up Kidcrew clinicians collaborate to ensure patients have timely and accessible follow-up, in order to avoid unnecessary emergency room use and ensure continuity of care. Flexible patient encounters : urgent visits, consults or follow-ups, in person or via virtual medicine. Flexibility in hours : the ability to work part-time, FT, evenings, or weekends Work alongside specialists: with over 20 different medical and surgical specialties affiliated Attractive fee split Requirement: CPSO licensed This is an excellent opportunity to build or relocate a practice in a highly populated residential area. The clinic is open seven days a week. **New Graduates Encouraged to Apply** About Kidcrew At Kidcrew, we have created forward-thinking and innovative children&#39;s clinics focusing on family-centred care and wellness for children of all ages. We are looking to bring on excellent, eager, and friendly pediatricians and specialists. Pediatricians will provide well-baby care, sick visits, and general pediatrics to this thriving community. In addition, the clinic provides nursing care. We are passionate about providing quality pediatric care for kids and families. A state-of-the-art EMR is used along with well-qualified friendly, trained support staff. From our friendly front desk staff to our non-traditional 2,000 square-foot patient lounges with a playground, iPad stations, and a playroom, Kidcrew is committed to providing an exceptional patient experience. We have over 120 clinicians on our team: pediatricians, a variety of pediatric sub-specialists, dietitians, speech-language pathologists, physiotherapists, occupational therapists, psychologists, and others to provide a comprehensive and collaborative model under one roof. Join us on our journey to reinventing kids&#39; healthcare. https://kidcrew.com/ Our founder, Dr Dina Kulik, is happy to review opportunities at drdina@kidcrew.com","2026-01-13T00:00:00.000Z","2026-04-13T00:00:00.000Z","Organization","Kidcrew","Place","PostalAddress","1440 Bathurst St","Toronto","ON","M5R3J3","CA","PropertyValue","69956506eb882ca807744b44","2026-09-29T18:25:28.592Z","","","","","","full-time","","","","Kidcrew is an award-winning multi-disciplinary pediatric practice located in Midtown Toronto and North York. We have over 80,000 patients. | Our Virtual Care Clinic serves kids from anywhere in Ontario. | Our virtual-care model provides flexibility to allow doctors to augment with casual, part-time, or full-time work. | Cloud-based, HIPAA/PHIPA compliant EMR with VPN access from home. | Chart, bill, order labs/imaging/write sick notes/referrals and discharge notes from anywhere you want! | Guaranteed patient volume (4-6/hr) depending on preference. | ZERO EMR fee. | Competitive overhead rate. | Overhead is tax-deductible as an associate (versus an employee at other clinics). | Bill upwards of $500/hour | Commitment is casual or long-term. You can pick up as much or as little as you want. When you want to work, how long, and how frequently you see patients, it's up to you. | Our professional office staff handles all the administrative tasks.","We can see patients from anywhere in Ontario, including in rural, northern, and underserviced areas. Telemedicine can improve the health and well-being of patients who have poor access to care or can only use the ER. We can help improve access and, therefore, patients' overall health and well-being in these areas. We are thrilled to help more families with timely expert pediatric care.","Kidcrew clinicians collaborate to ensure patients have timely and accessible follow-up,  in order to avoid unnecessary emergency room use and ensure continuity of care. | Flexible patient encounters: urgent visits, consults or follow-ups, in person or via virtual medicine. | Flexibility in hours: the ability to work part-time, FT, evenings, or weekends | Work alongside specialists: with over 20 different medical and surgical specialties affiliated","Requirement: CPSO licensed | This is an excellent opportunity to build or relocate a practice in a highly populated residential area. | The clinic is open seven days a week. | **New Graduates Encouraged to Apply**","At Kidcrew, we have created forward-thinking and innovative children's clinics focusing on family-centred care and wellness for children of all ages. We are looking to bring on excellent, eager, and friendly pediatricians and specialists.  Pediatricians will provide well-baby care, sick visits, and general pediatrics to this thriving community. In addition, the clinic provides nursing care. | We are passionate about providing quality pediatric care for kids and families. A state-of-the-art EMR is used along with well-qualified friendly, trained support staff. | From our friendly front desk staff to our non-traditional 2,000 square-foot patient lounges with a playground, iPad stations, and a playroom, Kidcrew is committed to providing an exceptional patient experience. We have over 120 clinicians on our team: pediatricians, a variety of pediatric sub-specialists, dietitians, speech-language pathologists, physiotherapists, occupational therapists, psychologists, and others to provide a comprehensive and collaborative model under one roof. | Join us on our journey to reinventing kids' healthcare. | https://kidcrew.com/ | Our founder, Dr Dina Kulik, is happy to review opportunities at ***@kidcrew.com (🔒 Premium)","","","","","","","","","","","","","","","","","","","","","","","","","","","","","","","","","","","","","","","","","","","","","","","","","","","","","","","","","","","","","","","","","","","","","","","","","","","","","","","","","","","","","","","","","","","","","","","","","","","","","","","","","","","","","","","","","","","","","",""
"69463bfc748f7f5bd938efa0","https://physiciancareers.ca/jobs/dermatologist-needed-in-toronto-danforth-area-69463bfc748f7f5bd938efa0?specialty=Dermatology&city=Toronto","Dermatologist Needed in Toronto Danforth Area","Dermatology","part-time","Danforth Golden Apple Medical Centre","danforth","ON","1473 Danforth Avenue","Toronto, ON","43.6865","-79.33","5.66","Fee-For-Service Split","unspecified","","","","","","","","","","","false","true","false","false","true","Unlock application details with Premium","2025-12-19","","Endocrinologist, Dermatologist & Walk-In Physicians Needed (Part-Time)

ProHealth Walk-In Medical Clinic, a top-rated and busy FFS clinic in Toronto’s Danforth area, is urgently seeking a Part-Time Endocrinologist, Dermatologist, and Walk-In Physicians to join our team.

Why join us?

Low overhead
O...","Endocrinologist, Dermatologist & Walk-In Physicians Needed (Part-Time)

ProHealth Walk-In Medical Clinic, a top-rated and busy FFS clinic in Toronto’s Danforth area, is urgently seeking a Part-Time Endocrinologist, Dermatologist, and Walk-In Physicians to join our team.

Why join us?

Low overhead
Oscar EMR
Supportive, experienced team
Established and growing patient base

Location:

1473 Danforth Ave, Toronto, ON M4J 1N5 (Danforth & Coxwell)

🌐 Website: www.prohealthwalkinclinic.com

📧 Contact: ***@gmail.com (🔒 Premium)

📱 Call/Text: ***-***-**** (🔒 Premium)","","{""text"":""***@gmail.com (🔒 Premium)"",""url"":""/pricing""} | {""text"":""***-***-**** (🔒 Premium)"",""url"":""/pricing""}","https://schema.org","JobPosting","Dermatologist Needed in Toronto Danforth Area","Endocrinologist, Dermatologist &amp; Walk-In Physicians Needed (Part-Time) ProHealth Walk-In Medical Clinic, a top-rated and busy FFS clinic in Toronto’s Danforth area, is urgently seeking a Part-Time Endocrinologist, Dermatologist, and Walk-In Physicians to join our team. Why join us? Low overhead Oscar EMR Supportive, experienced team Established and growing patient base Location: 1473 Danforth Ave, Toronto, ON M4J 1N5 (Danforth &amp; Coxwell) &#127760; Website: www.prohealthwalkinclinic.com &#128231; Contact: billykliu@gmail.com &#128241; Call/Text: 416-720-7088","2025-12-19T00:00:00.000Z","2026-01-19T00:00:00.000Z","Organization","Danforth Golden Apple Medical Centre","Place","PostalAddress","1473 Danforth Avenue","Toronto","ON","M4J1N5","CA","PropertyValue","69463bfc748f7f5bd938efa0","2026-09-29T18:25:29.303Z","","","","","","part-time","","","","","","","","","","","","","","","","","","","ProHealth Walk-In Medical Clinic, a top-rated and busy FFS clinic in Toronto’s Danforth area, is urgently seeking a Part-Time Endocrinologist, Dermatologist, and Walk-In Physicians to join our team.","Low overhead | Oscar EMR | Supportive, experienced team | Established and growing patient base","","🌐 Website: www.prohealthwalkinclinic.com | 📧 Contact: ***@gmail.com (🔒 Premium)","","","","","","","","","","","","","","","","","","","","","","","","","","","","","","","","","","","","","","","","","","","","","","","","","","","","","","","","","","","","","","","","","","","","","","","","","","","","","","","","","","","","","","","","","","","","","","","","","","","","","","","",""
"69293b4675676d4f4206121f","https://physiciancareers.ca/jobs/dermatologist-69293b4675676d4f4206121f?specialty=Dermatology&city=Toronto","Dermatologist","Dermatology","full-time","St. Joseph Health Centre, Unity Health Toronto","downtown toronto","ON","30 The Queensway","Old Toronto, ON","43.6532","-79.3832","0","Fee-For-Service","unspecified","","","","","","","","","","","true","false","false","true","true","Unlock application details with Premium","2025-11-27","","Academic Community Hospital Dermatologist Job Opportunity - Toronto, Ontario, Canada

The University of Toronto at St. Joseph’s Hospital, Unity Health Toronto, in downtown west Toronto is recruiting for 1 general dermatologist for 2026. This is a unique opportunity with ample outpatient dermatology ...","Academic Community Hospital Dermatologist Job Opportunity - Toronto, Ontario, Canada

The University of Toronto at St. Joseph’s Hospital, Unity Health Toronto, in downtown west Toronto is recruiting for 1 general dermatologist for 2026. This is a unique opportunity with ample outpatient dermatology clinic time in our newly renovated clinic facilities within the hospital, and associated Academic Appointment at the University of Toronto. Responsibilities include outpatient general dermatology clinics and shared weekday daytime hospital dermatology coverage. The successful candidate will have strong communication and collaborative skills. Opportunity for involvement in dermatology medical education and research with the Division of Dermatology at the University of Toronto. Favourable compensation set up. We are a young and growing friendly Division and would love to meet you!

E.Dahlke, Division Head, Dermatology, SJHC

***@gmail.com (🔒 Premium)




------------------------------------------------------------------




 

DERMATOLOGIST, St. Joseph’s Health Centre, Unity Health Toronto

Unity Health Toronto is inviting applications for an Active Staff position in the Division of Dermatology at the St. Joseph’s Health Centre site in Toronto.

St. Joseph’s Health Centre is a key site within Unity Health Toronto, serving a culturally and economically diverse population of approximately 530,000. The hospital is a 400-bed facility that employs around 2,500 staff and includes 500 credentialed physicians. Recently, the hospital received a $1 billion investment from the Province of Ontario to build a state-of-the-art patient tower. Unity Health Toronto’s mission is to deliver compassionate care and advance healthcare excellence through education, research, and innovation. The Department of Medicine at St. Joseph’s Health Centre includes over 130 physicians across 13 divisions, committed to clinical care, education, and hospital leadership. Department members actively participate in undergraduate, postgraduate, and continuing education programs at the University of Toronto, frequently earning teaching awards. The Department supports a comprehensive patient care experience, from acute to post-acute care.

The Opportunity:

The successful candidate will join a team of two dermatologists, one pediatric dermatologist, one wound care specialist, and one Mohs surgeon/dermatologist. The selected candidate will have access to outpatient clinic time in general dermatology at the newly renovated Ambulatory Care Centre within the hospital. Depending on the candidates interests there may be additional opportunity to work in a pediatric dermatology clinic, wound care specialty clinic, and/or monthly minor surgery clinics. They will also provide shared daytime coverage for inpatient dermatology consultations, rotating with our current dermatologists. The ideal candidate will have an interest in general dermatology and medical dermatology. Subspecialty training in complex medical dermatology, an interest in education, research, and or quality improvement/patient satisfaction would be considered assets but are not required. Compensation will be through OHIP billings (fee-for-service).

The successful candidate must possess exemplary clinical skills and professionalism, with evidence of excellent interpersonal and collaborative skills and a proven ability to work effectively in a team. 

The role will also involve joining the University of Toronto Division of Dermatology with ample opportunities for involvement in medical education for residents and medical students with two core dermatology residency rotations based at our site. 

Applicants must be proficient in English and eligible for an academic appointment at the University of Toronto at the rank of Lecturer or higher. Certification by the Royal College of Physicians and Surgeons of Canada, along with licensure by the College of Physicians and Surgeons of Ontario, is required. Candidates must also hold Canadian Medical Protective Association (CMPA) coverage or an equivalent in good standing.

The start for this position is spring/summer 2026, or as mutually agreed.

Questions about the position can be directed to Dr. Erin Dahlke, Division Head, Dermatology, St. Joseph's Health Centre (***@gmail.com (🔒 Premium), ***@unityhealth.to (🔒 Premium))

Interested applicants should submit their curriculum vitae and the names of three references to Dr. Urszula Zurawska-Fortin, Chief of Medicine, St. Joseph's Health Centre, ***@unityhealth.to (🔒 Premium)

Dr. Urszula Zurawska-Fortin, Chief of Medicine, St. Joseph’s Health Centre, Unity Health Toronto, 30 The Queensway, Room 1S-124, Toronto, ON, M6R1B5, ***@unityhealth.to (🔒 Premium)

The University of Toronto and Unity Health Toronto are strongly committed to diversity within its community and especially welcomes applications from racialized persons, persons of colour, women, Indigenous/Aboriginal People of North America, persons with disability, LGBTQ persons, and others who may contribute to further diversification of ideas. All qualified candidates are encouraged to apply; however, Canadians and permanent residents will be given priority.","Academic Community Hospital Dermatologist Job Opportunity - Toronto, Ontario, Canada | The University of Toronto at St. Joseph’s Hospital, Unity Health Toronto, in downtown west Toronto is recruiting for 1 general dermatologist for 2026. This is a unique opportunity with ample outpatient dermatology clinic time in our newly renovated clinic facilities within the hospital, and associated Academic Appointment at the University of Toronto. Responsibilities include outpatient general dermatology clinics and shared weekday daytime hospital dermatology coverage. The successful candidate will have strong communication and collaborative skills. Opportunity for involvement in dermatology medical education and research with the Division of Dermatology at the University of Toronto. Favourable compensation set up. We are a young and growing friendly Division and would love to meet you! | E.Dahlke, Division Head, Dermatology, SJHC | ***@gmail.com (🔒 Premium) | ------------------------------------------------------------------","{""text"":""***@gmail.com (🔒 Premium)"",""url"":""/pricing""} | {""text"":""***@gmail.com (🔒 Premium)"",""url"":""/pricing""} | {""text"":""***@unityhealth.to (🔒 Premium)"",""url"":""/pricing""} | {""text"":""***@unityhealth.to (🔒 Premium)"",""url"":""/pricing""} | {""text"":""***@unityhealth.to (🔒 Premium)"",""url"":""/pricing""}","https://schema.org","JobPosting","Dermatologist","Academic Community Hospital Dermatologist Job Opportunity - Toronto, Ontario, Canada The University of Toronto at St. Joseph’s Hospital, Unity Health Toronto, in downtown west Toronto is recruiting for 1 general dermatologist for 2026. This is a unique opportunity with ample outpatient dermatology clinic time in our newly renovated clinic facilities within the hospital, and associated Academic Appointment at the University of Toronto. Responsibilities include outpatient general dermatology clinics and shared weekday daytime hospital dermatology coverage. The successful candidate will have strong communication and collaborative skills. Opportunity for involvement in dermatology medical education and research with the Division of Dermatology at the University of Toronto. Favourable compensation set up. We are a young and growing friendly Division and would love to meet you! E.Dahlke, Division Head, Dermatology, SJHC erinjadedahlke@gmail.com ------------------------------------------------------------------ DERMATOLOGIST, St. Joseph’s Health Centre, Unity Health Toronto Unity Health Toronto is inviting applications for an Active Staff position in the Division of Dermatology at the St. Joseph’s Health Centre site in Toronto. St. Joseph’s Health Centre is a key site within Unity Health Toronto, serving a culturally and economically diverse population of approximately 530,000. The hospital is a 400-bed facility that employs around 2,500 staff and includes 500 credentialed physicians. Recently, the hospital received a $1 billion investment from the Province of Ontario to build a state-of-the-art patient tower. Unity Health Toronto’s mission is to deliver compassionate care and advance healthcare excellence through education, research, and innovation. The Department of Medicine at St. Joseph’s Health Centre includes over 130 physicians across 13 divisions, committed to clinical care, education, and hospital leadership. Department members actively participate in undergraduate, postgraduate, and continuing education programs at the University of Toronto, frequently earning teaching awards. The Department supports a comprehensive patient care experience, from acute to post-acute care. The Opportunity: The successful candidate will join a team of two dermatologists, one pediatric dermatologist, one wound care specialist, and one Mohs surgeon/dermatologist. The selected candidate will have access to outpatient clinic time in general dermatology at the newly renovated Ambulatory Care Centre within the hospital. Depending on the candidates interests there may be additional opportunity to work in a pediatric dermatology clinic, wound care specialty clinic, and/or monthly minor surgery clinics. They will also provide shared daytime coverage for inpatient dermatology consultations, rotating with our current dermatologists. The ideal candidate will have an interest in general dermatology and medical dermatology. Subspecialty training in complex medical dermatology, an interest in education, research, and or quality improvement/patient satisfaction would be considered assets but are not required. Compensation will be through OHIP billings (fee-for-service). The successful candidate must possess exemplary clinical skills and professionalism, with evidence of excellent interpersonal and collaborative skills and a proven ability to work effectively in a team. The role will also involve joining the University of Toronto Division of Dermatology with ample opportunities for involvement in medical education for residents and medical students with two core dermatology residency rotations based at our site. Applicants must be proficient in English and eligible for an academic appointment at the University of Toronto at the rank of Lecturer or higher. Certification by the Royal College of Physicians and Surgeons of Canada, along with licensure by the College of Physicians and Surgeons of Ontario, is required. Candidates must also hold Canadian Medical Protective Association (CMPA) coverage or an equivalent in good standing. The start for this position is spring/summer 2026, or as mutually agreed. Questions about the position can be directed to Dr. Erin Dahlke, Division Head, Dermatology, St. Joseph&#39;s Health Centre (erinjadedahlke@gmail.com, erin.dahlke@unityhealth.to) Interested applicants should submit their curriculum vitae and the names of three references to Dr. Urszula Zurawska-Fortin, Chief of Medicine, St. Joseph&#39;s Health Centre, Urszula.Zurawska@unityhealth.to Dr. Urszula Zurawska-Fortin, Chief of Medicine, St. Joseph’s Health Centre, Unity Health Toronto, 30 The Queensway, Room 1S-124, Toronto, ON, M6R1B5, Urszula.Zurawska@unityhealth.to The University of Toronto and Unity Health Toronto are strongly committed to diversity within its community and especially welcomes applications from racialized persons, persons of colour, women, Indigenous/Aboriginal People of North America, persons with disability, LGBTQ persons, and others who may contribute to further diversification of ideas. All qualified candidates are encouraged to apply; however, Canadians and permanent residents will be given priority .","2025-11-27T00:00:00.000Z","2026-02-25T00:00:00.000Z","Organization","St. Joseph Health Centre, Unity Health Toronto","Place","PostalAddress","30 The Queensway","Old Toronto","ON","M6R 1B5","CA","PropertyValue","69293b4675676d4f4206121f","2026-09-29T18:25:29.949Z","","","","","","full-time","","","","","","","","","","","The successful candidate will join a team of two dermatologists, one pediatric dermatologist, one wound care specialist, and one Mohs surgeon/dermatologist. The selected candidate will have access to outpatient clinic time in general dermatology at the newly renovated Ambulatory Care Centre within the hospital. Depending on the candidates interests there may be additional opportunity to work in a pediatric dermatology clinic, wound care specialty clinic, and/or monthly minor surgery clinics. They will also provide shared daytime coverage for inpatient dermatology consultations, rotating with our current dermatologists. The ideal candidate will have an interest in general dermatology and medical dermatology. Subspecialty training in complex medical dermatology, an interest in education, research, and or quality improvement/patient satisfaction would be considered assets but are not required. Compensation will be through OHIP billings (fee-for-service). | The successful candidate must possess exemplary clinical skills and professionalism, with evidence of excellent interpersonal and collaborative skills and a proven ability to work effectively in a team. | The role will also involve joining the University of Toronto Division of Dermatology with ample opportunities for involvement in medical education for residents and medical students with two core dermatology residency rotations based at our site. | Applicants must be proficient in English and eligible for an academic appointment at the University of Toronto at the rank of Lecturer or higher. Certification by the Royal College of Physicians and Surgeons of Canada, along with licensure by the College of Physicians and Surgeons of Ontario, is required. Candidates must also hold Canadian Medical Protective Association (CMPA) coverage or an equivalent in good standing. | The start for this position is spring/summer 2026, or as mutually agreed. | Questions about the position can be directed to Dr. Erin Dahlke, Division Head, Dermatology, St. Joseph's Health Centre (***@gmail.com (🔒 Premium), ***@unityhealth.to (🔒 Premium)) | Interested applicants should submit their curriculum vitae and the names of three references to Dr. Urszula Zurawska-Fortin, Chief of Medicine, St. Joseph's Health Centre, ***@unityhealth.to (🔒 Premium) | Dr. Urszula Zurawska-Fortin, Chief of Medicine, St. Joseph’s Health Centre, Unity Health Toronto, 30 The Queensway, Room 1S-124, Toronto, ON, M6R1B5, ***@unityhealth.to (🔒 Premium) | The University of Toronto and Unity Health Toronto are strongly committed to diversity within its community and especially welcomes applications from racialized persons, persons of colour, women, Indigenous/Aboriginal People of North America, persons with disability, LGBTQ persons, and others who may contribute to further diversification of ideas. All qualified candidates are encouraged to apply; however, Canadians and permanent residents will be given priority.","","","","","","","","","","","","","","St. Joseph’s Health Centre is a key site within Unity Health Toronto, serving a culturally and economically diverse population of approximately 530,000. The hospital is a 400-bed facility that employs around 2,500 staff and includes 500 credentialed physicians. Recently, the hospital received a $1 billion investment from the Province of Ontario to build a state-of-the-art patient tower. Unity Health Toronto’s mission is to deliver compassionate care and advance healthcare excellence through education, research, and innovation. The Department of Medicine at St. Joseph’s Health Centre includes over 130 physicians across 13 divisions, committed to clinical care, education, and hospital leadership. Department members actively participate in undergraduate, postgraduate, and continuing education programs at the University of Toronto, frequently earning teaching awards. The Department supports a comprehensive patient care experience, from acute to post-acute care.","","","","","","","","","","","","","","","","","","","","","","","","","","","","","","","","","","","","","","","","","","","","","","","","","","","","","","","","","","","","","","","","","","","","","","","","","","","","","","","","","","","","","","","","","","","","","","","","","","","","",""
"68f9b7014660a802f684f749","https://physiciancareers.ca/jobs/dermatologist-or-pediatrician-specializing-in-dermatology-68f9b7014660a802f684f749?specialty=Dermatology&city=Toronto","DERMATOLOGIST OR PEDIATRICIAN SPECIALIZING IN DERMATOLOGY","Dermatology","full-time","Kidcrew","north york","ON","1440 Bathurst St","Toronto, ON","43.7615","-79.4111","12.25","Fee-For-Service","hourly","500","500","500","1000000","","","","","","","false","true","false","true","true","Unlock application details with Premium","2025-10-22","","DERMATOLOGIST or PEDIATRICIAN SPECIALIZING IN DERMATOLOGY, full-time or part-time, wanted for a multi-disciplinary clinic at either Kidcrew location

Midtown:  Bathurst and St Clair

North York: Leslie and 401

DAYTIME OR AFTER-HOURS POSITIONS AVAILABLE

 

The offices are brand new. The EMR is PS S...","DERMATOLOGIST or PEDIATRICIAN SPECIALIZING IN DERMATOLOGY, full-time or part-time, wanted for a multi-disciplinary clinic at either Kidcrew location

Midtown: Bathurst and St Clair

North York: Leslie and 401

DAYTIME OR AFTER-HOURS POSITIONS AVAILABLE

 

The offices are brand new. The EMR is PS Suite (Telus).

Our professional office staff handles all the administrative tasks.

Kidcrew is an award-winning multi-disciplinary pediatric practice located in Midtown Toronto and North York. We have over 80,000 patients.

 

Our Virtual Care Clinic serves kids from anywhere in Ontario.

Our virtual-care model provides flexibility to allow doctors to augment with casual, part-time, or full-time work.

Cloud-based, HIPAA/PHIPA compliant EMR with VPN access from home.

Chart, bill, order labs/imaging/write sick notes/referrals and discharge notes from anywhere you want!

Guaranteed patient volume (4-6/hr) depending on preference. 

ZERO EMR fee.

Competitive overhead rate.

Overhead is tax-deductible as an associate (versus an employee at other clinics).

Bill upwards of $500/hour

Commitment is casual or long-term. You can pick up as much or as little as you want. When you want to work, how long, and how frequently you see patients, it's up to you.

Our professional office staff handles all the administrative tasks.

 

Who do we serve?

We can see patients from anywhere in Ontario, including in rural, northern, and underserviced areas. Telemedicine can improve the health and well-being of patients who have poor access to care or can only use the ER. We can help improve access and, therefore, patients' overall health and well-being in these areas. We are thrilled to help more families with timely expert pediatric care.

 

Patient Follow Up

Kidcrew clinicians collaborate to ensure patients have timely and accessible follow-up, in order to avoid unnecessary emergency room use and ensure continuity of care.

 

Flexible patient encounters: urgent visits, consults or follow-ups, in person or via virtual medicine.

 

Flexibility in hours: the ability to work part-time, FT, evenings, or weekends 

 

Work alongside specialists: with over 20 different medical and surgical specialties affiliated

 

Attractive fee split

 

Requirement: CPSO licensed

This is an excellent opportunity to build or relocate a practice in a highly populated residential area.

The clinic is open seven days a week.

**New Graduates Encouraged to Apply**

 

About Kidcrew

At Kidcrew, we have created forward-thinking and innovative children's clinics focusing on family-centred care and wellness for children of all ages. We are looking to bring on excellent, eager, and friendly pediatricians and specialists. Pediatricians will provide well-baby care, sick visits, and general pediatrics to this thriving community. In addition, the clinic provides nursing care.

We are passionate about providing quality pediatric care for kids and families. A state-of-the-art EMR is used along with well-qualified friendly, trained support staff. 

From our friendly front desk staff to our non-traditional 2,000 square-foot patient lounges with a playground, iPad stations, and a playroom, Kidcrew is committed to providing an exceptional patient experience. We have over 120 clinicians on our team: pediatricians, a variety of pediatric sub-specialists, dietitians, speech-language pathologists, physiotherapists, occupational therapists, psychologists, and others to provide a comprehensive and collaborative model under one roof. 

Join us on our journey to reinventing kids' healthcare.

https://kidcrew.com/

 

Our founder, Dr Dina Kulik, is happy to review opportunities at ***@kidcrew.com (🔒 Premium)","DERMATOLOGIST or PEDIATRICIAN SPECIALIZING IN DERMATOLOGY, full-time or part-time, wanted for a multi-disciplinary clinic at either Kidcrew location | Midtown:  Bathurst and St Clair | North York: Leslie and 401","{""text"":""***@kidcrew.com (🔒 Premium)"",""url"":""/pricing""}","https://schema.org","JobPosting","DERMATOLOGIST OR PEDIATRICIAN SPECIALIZING IN DERMATOLOGY","DERMATOLOGIST or PEDIATRICIAN SPECIALIZING IN DERMATOLOGY , full-time or part-time, wanted for a multi-disciplinary clinic at either Kidcrew location Midtown: Bathurst and St Clair North York: Leslie and 401 DAYTIME OR AFTER-HOURS POSITIONS AVAILABLE The offices are brand new. The EMR is PS Suite (Telus). Our professional office staff handles all the administrative tasks. Kidcrew is an award-winning multi-disciplinary pediatric practice located in Midtown Toronto and North York. We have over 80,000 patients. Our Virtual Care Clinic serves kids from anywhere in Ontario. Our virtual-care model provides flexibility to allow doctors to augment with casual, part-time, or full-time work. Cloud-based, HIPAA/PHIPA compliant EMR with VPN access from home. Chart, bill, order labs/imaging/write sick notes/referrals and discharge notes from anywhere you want! Guaranteed patient volume (4-6/hr) depending on preference. ZERO EMR fee. Competitive overhead rate. Overhead is tax-deductible as an associate (versus an employee at other clinics). Bill upwards of $500/hour Commitment is casual or long-term. You can pick up as much or as little as you want. When you want to work, how long, and how frequently you see patients, it&#39;s up to you. Our professional office staff handles all the administrative tasks. Who do we serve? We can see patients from anywhere in Ontario, including in rural, northern, and underserviced areas. Telemedicine can improve the health and well-being of patients who have poor access to care or can only use the ER. We can help improve access and, therefore, patients&#39; overall health and well-being in these areas. We are thrilled to help more families with timely expert pediatric care. Patient Follow Up Kidcrew clinicians collaborate to ensure patients have timely and accessible follow-up, in order to avoid unnecessary emergency room use and ensure continuity of care. Flexible patient encounters : urgent visits, consults or follow-ups, in person or via virtual medicine. Flexibility in hours : the ability to work part-time, FT, evenings, or weekends Work alongside specialists: with over 20 different medical and surgical specialties affiliated Attractive fee split Requirement: CPSO licensed This is an excellent opportunity to build or relocate a practice in a highly populated residential area. The clinic is open seven days a week. **New Graduates Encouraged to Apply** About Kidcrew At Kidcrew, we have created forward-thinking and innovative children&#39;s clinics focusing on family-centred care and wellness for children of all ages. We are looking to bring on excellent, eager, and friendly pediatricians and specialists. Pediatricians will provide well-baby care, sick visits, and general pediatrics to this thriving community. In addition, the clinic provides nursing care. We are passionate about providing quality pediatric care for kids and families. A state-of-the-art EMR is used along with well-qualified friendly, trained support staff. From our friendly front desk staff to our non-traditional 2,000 square-foot patient lounges with a playground, iPad stations, and a playroom, Kidcrew is committed to providing an exceptional patient experience. We have over 120 clinicians on our team: pediatricians, a variety of pediatric sub-specialists, dietitians, speech-language pathologists, physiotherapists, occupational therapists, psychologists, and others to provide a comprehensive and collaborative model under one roof. Join us on our journey to reinventing kids&#39; healthcare. https://kidcrew.com/ Our founder, Dr Dina Kulik, is happy to review opportunities at drdina@kidcrew.com","2025-10-22T00:00:00.000Z","2026-01-20T00:00:00.000Z","Organization","Kidcrew","Place","PostalAddress","1440 Bathurst St","Toronto","ON","M5R3J3","CA","PropertyValue","68f9b7014660a802f684f749","2026-09-29T18:25:30.710Z","","","","","","full-time","","","","Kidcrew is an award-winning multi-disciplinary pediatric practice located in Midtown Toronto and North York. We have over 80,000 patients. | Our Virtual Care Clinic serves kids from anywhere in Ontario. | Our virtual-care model provides flexibility to allow doctors to augment with casual, part-time, or full-time work. | Cloud-based, HIPAA/PHIPA compliant EMR with VPN access from home. | Chart, bill, order labs/imaging/write sick notes/referrals and discharge notes from anywhere you want! | Guaranteed patient volume (4-6/hr) depending on preference. | ZERO EMR fee. | Competitive overhead rate. | Overhead is tax-deductible as an associate (versus an employee at other clinics). | Bill upwards of $500/hour | Commitment is casual or long-term. You can pick up as much or as little as you want. When you want to work, how long, and how frequently you see patients, it's up to you. | Our professional office staff handles all the administrative tasks.","We can see patients from anywhere in Ontario, including in rural, northern, and underserviced areas. Telemedicine can improve the health and well-being of patients who have poor access to care or can only use the ER. We can help improve access and, therefore, patients' overall health and well-being in these areas. We are thrilled to help more families with timely expert pediatric care.","Kidcrew clinicians collaborate to ensure patients have timely and accessible follow-up,  in order to avoid unnecessary emergency room use and ensure continuity of care. | Flexible patient encounters: urgent visits, consults or follow-ups, in person or via virtual medicine. | Flexibility in hours: the ability to work part-time, FT, evenings, or weekends | Work alongside specialists: with over 20 different medical and surgical specialties affiliated","Requirement: CPSO licensed | This is an excellent opportunity to build or relocate a practice in a highly populated residential area. | The clinic is open seven days a week. | **New Graduates Encouraged to Apply**","At Kidcrew, we have created forward-thinking and innovative children's clinics focusing on family-centred care and wellness for children of all ages. We are looking to bring on excellent, eager, and friendly pediatricians and specialists.  Pediatricians will provide well-baby care, sick visits, and general pediatrics to this thriving community. In addition, the clinic provides nursing care. | We are passionate about providing quality pediatric care for kids and families. A state-of-the-art EMR is used along with well-qualified friendly, trained support staff. | From our friendly front desk staff to our non-traditional 2,000 square-foot patient lounges with a playground, iPad stations, and a playroom, Kidcrew is committed to providing an exceptional patient experience. We have over 120 clinicians on our team: pediatricians, a variety of pediatric sub-specialists, dietitians, speech-language pathologists, physiotherapists, occupational therapists, psychologists, and others to provide a comprehensive and collaborative model under one roof. | Join us on our journey to reinventing kids' healthcare. | https://kidcrew.com/ | Our founder, Dr Dina Kulik, is happy to review opportunities at ***@kidcrew.com (🔒 Premium)","","","","","","","","","","","","","","","","","","","","","","","","","","","","","","","","","","","","","","","","","","","","","","","","","","","","","","","","","","","","","","","","","","","","","","","","","","","","","","","","","","","","","","","","","","","","","","","","","","","","","","","","","","","","","","","","","","","","","",""
"68f9b7014660a802f684f730","https://physiciancareers.ca/jobs/dermatology-for-busy-peds-clinic-68f9b7014660a802f684f730?specialty=Dermatology&city=Toronto","Dermatology for busy peds clinic","Dermatology","full-time","Kidcrew","north york","ON","1440 Bathurst St","Toronto, ON","43.7615","-79.4111","12.25","","unspecified","","","","","","","","","","","false","true","false","true","true","Unlock application details with Premium","2025-10-22","","Peds derm - full-time or part-time, wanted for our multi-disciplinary clinic at Bathurst and St Clair and North York location on Duncan Mill Road. 

DAYTIME OR AFTER-HOURS POSITIONS AVAILABLE

The offices are brand new. The EMR is PS Suite (Telus).

Our professional office staff handles all the admi...","Peds derm - full-time or part-time, wanted for our multi-disciplinary clinic at Bathurst and St Clair and North York location on Duncan Mill Road. 

DAYTIME OR AFTER-HOURS POSITIONS AVAILABLE

The offices are brand new. The EMR is PS Suite (Telus).

Our professional office staff handles all the administrative tasks.

Part-time, full-time, or casual, wanted for our large, collaborative, multidisciplinary clinic.

Kidcrew is an award-winning multidisciplinary pediatric practice located at Bathurst and St Clair in Midtown Toronto.

We have over 100,000 patients.

Our Virtual Care Clinic serves kids from anywhere in Ontario.

Our virtual-care model provides flexibility to allow doctors to augment with casual, part-time, or full-time work.

Cloud-based, HIPAA/PHIPA compliant EMR with VPN access from home.

Chart, bill, order labs/imaging/write sick notes/referrals and discharge notes from anywhere you want!

Guaranteed patient volume depending on preference. 

ZERO EMR fee.

Competitive overhead rate.

Overhead is tax-deductible as an associate (versus an employee at other clinics).

Commitment is casual or long-term. You can pick up as much or as little as you want. When you want to work, how long, and how frequently you see patients, it's up to you.

Our professional office staff handles all the administrative tasks.

Who do we serve?

We can see patients from anywhere in Ontario, including in rural, northern, and underserviced areas. Telemedicine can improve the health and well-being of patients who have poor access to care or can only use the ER. We are thrilled to help more families with timely expert pediatric care.

Patient Follow Up

As we have a brick-and-mortar location, if you want a patient examined, one of the Kidcrew colleagues can accommodate seeing a patient for a follow-up, avoid emergency room use and ensure continuity of care.

Flexible patient encounters: sick visits, consults or follow-ups, in person or via telemedicine

Flexibility in hours: the ability to work part-time, FT, evenings, or weekends 

Work alongside specialists: with over 20 different medical and surgical specialties affiliated

Attractive fee split

Requirement: CPSO licensed

This is an excellent opportunity to build or relocate a practice in a highly populated residential area.

The clinic is open seven days a week.

**New Graduates Encouraged to Apply**

About Kidcrew

At Kidcrew, we have created a forward-thinking and innovative children's clinic focusing on family-centered care and wellness for children of all ages. We are looking to bring on excellent, eager, and friendly pediatricians and specialists. Pediatricians will provide well-baby care, sick visits, and general pediatrics to this thriving community. In addition, the clinic provides nursing care.

We are passionate about providing quality pediatric care for kids and families. A state-of-the-art EMR is used along with well-qualified friendly, trained support staff. 

From our friendly front desk staff to our non-traditional 2,000 square-foot patient lounge with a playground, iPad stations, and a playroom, Kidcrew is committed to providing an exceptional patient experience. We have over 120 clinicians on our team: pediatricians, a variety of pediatric sub-specialists, dietitians, speech-language pathologists, physiotherapists, occupational therapists, psychologists, and others to provide a comprehensive and collaborative model under one roof. 

Join us on our journey in reinventing kids' healthcare.","Peds derm - full-time or part-time, wanted for our multi-disciplinary clinic at Bathurst and St Clair and North York location on Duncan Mill Road.","","https://schema.org","JobPosting","Dermatology for busy peds clinic","Peds derm - full-time or part-time, wanted for our multi-disciplinary clinic at Bathurst and St Clair and North York location on Duncan Mill Road. DAYTIME OR AFTER-HOURS POSITIONS AVAILABLE The offices are brand new. The EMR is PS Suite (Telus). Our professional office staff handles all the administrative tasks. Part-time, full-time, or casual, wanted for our large, collaborative, multidisciplinary clinic. Kidcrew is an award-winning multidisciplinary pediatric practice located at Bathurst and St Clair in Midtown Toronto. We have over 100,000 patients. Our Virtual Care Clinic serves kids from anywhere in Ontario. Our virtual-care model provides flexibility to allow doctors to augment with casual, part-time, or full-time work. Cloud-based, HIPAA/PHIPA compliant EMR with VPN access from home. Chart, bill, order labs/imaging/write sick notes/referrals and discharge notes from anywhere you want! Guaranteed patient volume depending on preference. ZERO EMR fee. Competitive overhead rate. Overhead is tax-deductible as an associate (versus an employee at other clinics). Commitment is casual or long-term. You can pick up as much or as little as you want. When you want to work, how long, and how frequently you see patients, it&#39;s up to you. Our professional office staff handles all the administrative tasks. Who do we serve? We can see patients from anywhere in Ontario, including in rural, northern, and underserviced areas. Telemedicine can improve the health and well-being of patients who have poor access to care or can only use the ER. We are thrilled to help more families with timely expert pediatric care. Patient Follow Up As we have a brick-and-mortar location, if you want a patient examined, one of the Kidcrew colleagues can accommodate seeing a patient for a follow-up, avoid emergency room use and ensure continuity of care. Flexible patient encounters : sick visits, consults or follow-ups, in person or via telemedicine Flexibility in hours : the ability to work part-time, FT, evenings, or weekends Work alongside specialists: with over 20 different medical and surgical specialties affiliated Attractive fee split Requirement: CPSO licensed This is an excellent opportunity to build or relocate a practice in a highly populated residential area. The clinic is open seven days a week. **New Graduates Encouraged to Apply** About Kidcrew At Kidcrew, we have created a forward-thinking and innovative children&#39;s clinic focusing on family-centered care and wellness for children of all ages. We are looking to bring on excellent, eager, and friendly pediatricians and specialists. Pediatricians will provide well-baby care, sick visits, and general pediatrics to this thriving community. In addition, the clinic provides nursing care. We are passionate about providing quality pediatric care for kids and families. A state-of-the-art EMR is used along with well-qualified friendly, trained support staff. From our friendly front desk staff to our non-traditional 2,000 square-foot patient lounge with a playground, iPad stations, and a playroom, Kidcrew is committed to providing an exceptional patient experience. We have over 120 clinicians on our team: pediatricians, a variety of pediatric sub-specialists, dietitians, speech-language pathologists, physiotherapists, occupational therapists, psychologists, and others to provide a comprehensive and collaborative model under one roof. Join us on our journey in reinventing kids&#39; healthcare.","2025-10-22T00:00:00.000Z","2025-10-24T00:00:00.000Z","Organization","Kidcrew","Place","PostalAddress","1440 Bathurst St","Toronto","ON","M5R3J3","CA","PropertyValue","68f9b7014660a802f684f730","2026-09-29T18:25:31.427Z","","","","","","full-time","The offices are brand new. The EMR is PS Suite (Telus). | Our professional office staff handles all the administrative tasks. | Part-time, full-time, or casual, wanted for our large, collaborative, multidisciplinary clinic. | Kidcrew is an award-winning multidisciplinary pediatric practice located at Bathurst and St Clair in Midtown Toronto. | We have over 100,000 patients. | Our Virtual Care Clinic serves kids from anywhere in Ontario. | Our virtual-care model provides flexibility to allow doctors to augment with casual, part-time, or full-time work. | Cloud-based, HIPAA/PHIPA compliant EMR with VPN access from home. | Chart, bill, order labs/imaging/write sick notes/referrals and discharge notes from anywhere you want! | Guaranteed patient volume depending on preference. | ZERO EMR fee. | Competitive overhead rate. | Overhead is tax-deductible as an associate (versus an employee at other clinics). | Commitment is casual or long-term. You can pick up as much or as little as you want. When you want to work, how long, and how frequently you see patients, it's up to you. | Our professional office staff handles all the administrative tasks.","","","","We can see patients from anywhere in Ontario, including in rural, northern, and underserviced areas. Telemedicine can improve the health and well-being of patients who have poor access to care or can only use the ER. We are thrilled to help more families with timely expert pediatric care.","As we have a brick-and-mortar location, if you want a patient examined, one of the Kidcrew colleagues can accommodate seeing a patient for a follow-up, avoid emergency room use and ensure continuity of care. | Flexible patient encounters: sick visits, consults or follow-ups, in person or via telemedicine | Flexibility in hours: the ability to work part-time, FT, evenings, or weekends | Work alongside specialists: with over 20 different medical and surgical specialties affiliated","Requirement: CPSO licensed | This is an excellent opportunity to build or relocate a practice in a highly populated residential area. | The clinic is open seven days a week. | **New Graduates Encouraged to Apply**","At Kidcrew, we have created a forward-thinking and innovative children's clinic focusing on family-centered care and wellness for children of all ages. We are looking to bring on excellent, eager, and friendly pediatricians and specialists.  Pediatricians will provide well-baby care, sick visits, and general pediatrics to this thriving community. In addition, the clinic provides nursing care. | We are passionate about providing quality pediatric care for kids and families. A state-of-the-art EMR is used along with well-qualified friendly, trained support staff. | From our friendly front desk staff to our non-traditional 2,000 square-foot patient lounge with a playground, iPad stations, and a playroom, Kidcrew is committed to providing an exceptional patient experience. We have over 120 clinicians on our team: pediatricians, a variety of pediatric sub-specialists, dietitians, speech-language pathologists, physiotherapists, occupational therapists, psychologists, and others to provide a comprehensive and collaborative model under one roof. | Join us on our journey in reinventing kids' healthcare.","","","","","","","","","","","","","","","","","","","","","","","","","","","","","","","","","","","","","","","","","","","","","","","","","","","","","","","","","","","","","","","","","","","","","","","","","","","","","","","","","","","","","","","","","","","","","","","","","","","","","","","","","","","","","","","","","","","","","",""
"68f865624660a802f6848cf2","https://physiciancareers.ca/jobs/looking-for-a-dermatologist-68f865624660a802f6848cf2?specialty=Dermatology&city=Toronto","looking for a dermatologist","Dermatology","full-time","Jane Sheppard","downtown toronto","ON","2528 Jane Street","Toronto, ON","43.6532","-79.3832","0","Fee-For-Service","unspecified","","","","","","","","","","","false","false","false","false","true","Unlock application details with Premium","2025-10-21","","A great opportunity ; A Turn-key clinic in a high residential area , Plenty of parking in the plaza makes the clinic very convenient to your patients.

very decent space and very low overhead , attached to a walk in clinic and a family practice.

if you are interested please email me at ***@hotmail....","A great opportunity ; A Turn-key clinic in a high residential area , Plenty of parking in the plaza makes the clinic very convenient to your patients.

very decent space and very low overhead , attached to a walk in clinic and a family practice.

if you are interested please email me at ***@hotmail.com (🔒 Premium).

Regards","A great opportunity ; A Turn-key clinic in a high residential area , Plenty of parking in the plaza makes the clinic very convenient to your patients. | very decent space and very low overhead , attached to a walk in clinic and a family practice. | if you are interested please email me at ***@hotmail.com (🔒 Premium). | Regards","{""text"":""***@hotmail.com (🔒 Premium)"",""url"":""/pricing""}","https://schema.org","JobPosting","looking for a dermatologist","A great opportunity ; A Turn-key clinic in a high residential area , Plenty of parking in the plaza makes the clinic very convenient to your patients. very decent space and very low overhead , attached to a walk in clinic and a family practice. if you are interested please email me at ramynt2002@hotmail.com. Regards","2025-10-21T00:00:00.000Z","2026-01-19T00:00:00.000Z","Organization","Jane Sheppard","Place","PostalAddress","2528 Jane Street","Toronto","ON","M3L1S1","CA","PropertyValue","68f865624660a802f6848cf2","2026-09-29T18:25:32.339Z","","","","","","full-time","","","","","","","","","","","","","","","","","","","","","","","","","","","","","","","","","","","","","","","","","","","","","","","","","","","","","","","","","","","","","","","","","","","","","","","","","","","","","","","","","","","","","","","","","","","","","","","","","","","","","","","","","","","","","","","","","","","","","","","","","","","","","",""
"68cce50da416349a6cde0cfb","https://physiciancareers.ca/jobs/dermatologist-68cce50da416349a6cde0cfb?specialty=Dermatology&city=Toronto","dermatologist","Dermatology","part-time","Jane Sheppard","downtown toronto","ON","2528 Jane Street","Toronto, ON","43.6532","-79.3832","0","Fee-For-Service Split","unspecified","","","","","","","","","","","false","true","false","false","true","Unlock application details with Premium","2025-09-18","","A good opportunity in an existing busy walk in/Family Practice, Looking for a dermatologist to see the patients referred by our doctor and

could be patients referred from outside too.

you will get a full staff support and EMR , If you are interested please send me to discuss more details.

Regards...","A good opportunity in an existing busy walk in/Family Practice, Looking for a dermatologist to see the patients referred by our doctor and

could be patients referred from outside too.

you will get a full staff support and EMR , If you are interested please send me to discuss more details.

Regards,

Ramy Youssef","A good opportunity in an existing busy walk in/Family Practice, Looking for a dermatologist to see the patients referred by our doctor and | could be patients referred from outside too. | you will get a full staff support and EMR , If you are interested please send me to discuss more details. | Regards, | Ramy Youssef","","https://schema.org","JobPosting","dermatologist","A good opportunity in an existing busy walk in/Family Practice, Looking for a dermatologist to see the patients referred by our doctor and could be patients referred from outside too. you will get a full staff support and EMR , If you are interested please send me to discuss more details. Regards, Ramy Youssef","2025-09-18T00:00:00.000Z","2025-12-17T00:00:00.000Z","Organization","Jane Sheppard","Place","PostalAddress","2528 Jane Street","Toronto","ON","M3L1S1","CA","PropertyValue","68cce50da416349a6cde0cfb","2026-09-29T18:25:32.782Z","","","","","","part-time","","","","","","","","","","","","","","","","","","","","","","","","","","","","","","","","","","","","","","","","","","","","","","","","","","","","","","","","","","","","","","","","","","","","","","","","","","","","","","","","","","","","","","","","","","","","","","","","","","","","","","","","","","","","","","","","","","","","","","","","","","","","","",""
"68c3a9c0a416349a6cd8fa24","https://physiciancareers.ca/jobs/dermatology-dermatologist-dermatologists-bloor-street-splitlease-68c3a9c0a416349a6cd8fa24?specialty=Dermatology&city=Toronto","Dermatology Dermatologist Dermatologists - Bloor Street - Split/Lease","Dermatology","full-time","Omni Medical Centre","bloor","ON","799 Bloor Street West","Toronto, ON","43.6685","-79.39","1.79","","unspecified","","","","","","","","","","","false","false","false","false","true","Unlock application details with Premium","2025-09-11","","Dermatology Dermatologist Dermatologists - Bloor Street - Split/Lease




Please Call or Text or WhatsApp Message Cell***-***-**** (🔒 Premium)




Thanks 

Samir Patel

Cell***-***-**** (🔒 Premium)

E-mail: ***@gmail.com (🔒 Premium)...","Dermatology Dermatologist Dermatologists - Bloor Street - Split/Lease




Please Call or Text or WhatsApp Message Cell***-***-**** (🔒 Premium)




Thanks 

Samir Patel

Cell***-***-**** (🔒 Premium)

E-mail: ***@gmail.com (🔒 Premium)","Dermatology Dermatologist Dermatologists - Bloor Street - Split/Lease | Please Call or Text or WhatsApp Message Cell***-***-**** (🔒 Premium) | Thanks | Samir Patel | Cell***-***-**** (🔒 Premium) | E-mail: ***@gmail.com (🔒 Premium)","{""text"":""***-***-**** (🔒 Premium)"",""url"":""/pricing""} | {""text"":""***-***-**** (🔒 Premium)"",""url"":""/pricing""} | {""text"":""***@gmail.com (🔒 Premium)"",""url"":""/pricing""}","https://schema.org","JobPosting","Dermatology Dermatologist Dermatologists - Bloor Street - Split/Lease","Dermatology Dermatologist Dermatologists - Bloor Street - Split/Lease Please Call or Text or WhatsApp Message Cell (416) 729-7290 Thanks Samir Patel Cell (416) 729-7290 E-mail: spatel7290@gmail.com","2025-09-11T00:00:00.000Z","2025-12-10T00:00:00.000Z","Organization","Omni Medical Centre","Place","PostalAddress","799 Bloor Street West","Toronto","ON","M6G1L8","CA","PropertyValue","68c3a9c0a416349a6cd8fa24","2026-09-29T18:25:33.291Z","","","","","","full-time","","","","","","","","","","","","","","","","","","","","","","","","","","","","","","","","","","","","","","","","","","","","","","","","","","","","","","","","","","","","","","","","","","","","","","","","","","","","","","","","","","","","","","","","","","","","","","","","","","","","","","","","","","","","","","","","","","","","","","","","","","","","","",""
"68be632ea416349a6cd8010c","https://physiciancareers.ca/jobs/dermatologist-needed-in-toronto-danforth-area-68be632ea416349a6cd8010c?specialty=Dermatology&city=Toronto","Dermatologist Needed in Toronto Danforth Area","Dermatology","full-time","Danforth Golden Apple Medical Centre","danforth","ON","1473 Danforth Avenue","Toronto, ON","43.6865","-79.33","5.66","Fee-For-Service Split","unspecified","","","","","","","","","","","false","true","false","false","true","Unlock application details with Premium","2025-09-08","","Dermatologist Needed – Part-Time/Full-Time

ProHealth Walk-In Medical Clinic – Toronto (Danforth & Coxwell)

A top-rated, busy FFS walk-in clinic in Toronto’s Danforth area is urgently seeking a Dermatologist. Other specialist positions may also be available.

Low overhead
Oscar EMR
Supportive team ...","Dermatologist Needed – Part-Time/Full-Time

ProHealth Walk-In Medical Clinic – Toronto (Danforth & Coxwell)

A top-rated, busy FFS walk-in clinic in Toronto’s Danforth area is urgently seeking a Dermatologist. Other specialist positions may also be available.

Low overhead
Oscar EMR
Supportive team and established patient base

Location: 1473 Danforth Ave, Toronto, ON M4J 1N5

Website: www.prohealthwalkinclinic.com

Contact: ***@prohealthwalkinclinic.com (🔒 Premium)","","{""text"":""www.prohealthwalkinclinic.com"",""url"":""http://www.prohealthwalkinclinic.com/""} | {""text"":"""",""url"":""mailto:info@prohealthwalkinclinic.com""} | {""text"":""***@prohealthwalkinclinic.com (🔒 Premium)"",""url"":""/pricing""}","https://schema.org","JobPosting","Dermatologist Needed in Toronto Danforth Area","Dermatologist Needed – Part-Time/Full-Time ProHealth Walk-In Medical Clinic – Toronto (Danforth &amp; Coxwell) A top-rated, busy FFS walk-in clinic in Toronto’s Danforth area is urgently seeking a Dermatologist. Other specialist positions may also be available. Low overhead Oscar EMR Supportive team and established patient base Location: 1473 Danforth Ave, Toronto, ON M4J 1N5 Website: www.prohealthwalkinclinic.com Contact: info@prohealthwalkinclinic.com","2025-09-08T00:00:00.000Z","2025-10-09T00:00:00.000Z","Organization","Danforth Golden Apple Medical Centre","Place","PostalAddress","1473 Danforth Avenue","Toronto","ON","M4J1N5","CA","PropertyValue","68be632ea416349a6cd8010c","2026-09-29T18:25:33.862Z","","","","","","full-time","","","","","","","","","","","","","","","","","","","","","","","","","","","A top-rated, busy FFS walk-in clinic in Toronto’s Danforth area is urgently seeking a Dermatologist. Other specialist positions may also be available. | Low overhead | Oscar EMR | Supportive team and established patient base | Location: 1473 Danforth Ave, Toronto, ON M4J 1N5 | Website: www.prohealthwalkinclinic.com | Contact: ***@prohealthwalkinclinic.com (🔒 Premium)","","","","","","","","","","","","","","","","","","","","","","","","","","","","","","","","","","","","","","","","","","","","","","","","","","","","","","","","","","","","","","","","","","","","","","","","","","","","","","","","","","","","","","","","","","","","","","","","","","",""
"68b7cc3da416349a6cd7fde7","https://physiciancareers.ca/jobs/dermatologist-dermatology-68b7cc3da416349a6cd7fde7?specialty=Dermatology&city=Toronto","Dermatologist Dermatology","Dermatology","full-time","Bloor Park Medical Centre","bloor","ON","726 Bloor Street West","Toronto, ON","43.6685","-79.39","1.79","","unspecified","","","","","","","","","","","false","false","false","false","true","Unlock application details with Premium","2025-09-01","","Sublease or Split - 2 Sites - 726 Bloor Street West or 799 Bloor Street West




Please email or text Samir at ***@gmail.com (🔒 Premium) or Cell***-***-**** (🔒 Premium)...","Sublease or Split - 2 Sites - 726 Bloor Street West or 799 Bloor Street West




Please email or text Samir at ***@gmail.com (🔒 Premium) or Cell***-***-**** (🔒 Premium)","Sublease or Split - 2 Sites - 726 Bloor Street West or 799 Bloor Street West | Please email or text Samir at ***@gmail.com (🔒 Premium) or Cell***-***-**** (🔒 Premium)","{""text"":""***@gmail.com (🔒 Premium)"",""url"":""/pricing""} | {""text"":""***-***-**** (🔒 Premium)"",""url"":""/pricing""}","https://schema.org","JobPosting","Dermatologist Dermatology","Sublease or Split - 2 Sites - 726 Bloor Street West or 799 Bloor Street West Please email or text Samir at spatel7290@gmail.com or Cell 416-729-7290","2025-09-01T00:00:00.000Z","2025-11-26T00:00:00.000Z","Organization","Bloor Park Medical Centre","Place","PostalAddress","726 Bloor Street West","Toronto","ON","M6G1L4","CA","PropertyValue","68b7cc3da416349a6cd7fde7","2026-09-29T18:25:34.348Z","","","","","","full-time","","","","","","","","","","","","","","","","","","","","","","","","","","","","","","","","","","","","","","","","","","","","","","","","","","","","","","","","","","","","","","","","","","","","","","","","","","","","","","","","","","","","","","","","","","","","","","","","","","","","","","","","","","","","","","","","","","","","","","","","","","","","","",""
"689e967f30088ea7ed2fb261","https://physiciancareers.ca/jobs/derma-clinic-689e967f30088ea7ed2fb261?specialty=Dermatology&city=Toronto","Derma Clinic","Dermatology","full-time","Westside Clinic and Pharmacy","downtown toronto","ON","2404 EGLINTON AVE W","Toronto, ON","43.6532","-79.3832","0","Fee-For-Service","unspecified","","","","","","","","","","","false","false","false","false","true","Unlock application details with Premium","2025-08-07","","A great opportunity to start your clinic or reallocate your clinic, a very busy walk in clinic is around .

A prime location with a lot of high rise buildings , heavy density residentials

subway and condominiums are coming in the near future

If you are interested please email me at

***@hotmail.co...","A great opportunity to start your clinic or reallocate your clinic, a very busy walk in clinic is around .

A prime location with a lot of high rise buildings , heavy density residentials

subway and condominiums are coming in the near future

If you are interested please email me at

***@hotmail.com (🔒 Premium)

Regards","A great opportunity to start your clinic or reallocate your clinic, a very busy walk in clinic is around . | A prime location with a lot of high rise buildings , heavy density residentials | subway and condominiums are coming in the near future | If you are interested please email me at | ***@hotmail.com (🔒 Premium) | Regards","{""text"":""***@hotmail.com (🔒 Premium)"",""url"":""/pricing""}","https://schema.org","JobPosting","Derma Clinic","A great opportunity to start your clinic or reallocate your clinic, a very busy walk in clinic is around . A prime location with a lot of high rise buildings , heavy density residentials subway and condominiums are coming in the near future If you are interested please email me at ramynt2002@hotmail.com Regards","2025-08-07T00:00:00.000Z","2025-11-05T00:00:00.000Z","Organization","Westside Clinic and Pharmacy","Place","PostalAddress","2404 EGLINTON AVE W","Toronto","ON","M6M1S6","CA","PropertyValue","689e967f30088ea7ed2fb261","2026-09-29T18:25:34.795Z","","","","","","full-time","","","","","","","","","","","","","","","","","","","","","","","","","","","","","","","","","","","","","","","","","","","","","","","","","","","","","","","","","","","","","","","","","","","","","","","","","","","","","","","","","","","","","","","","","","","","","","","","","","","","","","","","","","","","","","","","","","","","","","","","","","","","","",""
"689e968030088ea7ed2fb3fb","https://physiciancareers.ca/jobs/dermatologist-dermatology-689e968030088ea7ed2fb3fb?specialty=Dermatology&city=Toronto","Dermatologist Dermatology","Dermatology","full-time","Bloor Park Medical Centre","bloor","ON","726 Bloor Street West","Toronto, ON","43.6685","-79.39","1.79","","unspecified","","","","","","","","","","","false","false","false","false","true","Unlock application details with Premium","2025-08-04","","Sublease or Split - 2 Sites - 726 Bloor Street West or 799 Bloor Street West




Please email or text Samir at ***@gmail.com (🔒 Premium) or Cell***-***-**** (🔒 Premium)...","Sublease or Split - 2 Sites - 726 Bloor Street West or 799 Bloor Street West




Please email or text Samir at ***@gmail.com (🔒 Premium) or Cell***-***-**** (🔒 Premium)","Sublease or Split - 2 Sites - 726 Bloor Street West or 799 Bloor Street West | Please email or text Samir at ***@gmail.com (🔒 Premium) or Cell***-***-**** (🔒 Premium)","{""text"":""***@gmail.com (🔒 Premium)"",""url"":""/pricing""} | {""text"":""***-***-**** (🔒 Premium)"",""url"":""/pricing""}","https://schema.org","JobPosting","Dermatologist Dermatology","Sublease or Split - 2 Sites - 726 Bloor Street West or 799 Bloor Street West Please email or text Samir at spatel7290@gmail.com or Cell 416-729-7290","2025-08-04T00:00:00.000Z","2025-11-02T00:00:00.000Z","Organization","Bloor Park Medical Centre","Place","PostalAddress","726 Bloor Street West","Toronto","ON","M6G1L4","CA","PropertyValue","689e968030088ea7ed2fb3fb","2026-09-29T18:25:35.458Z","","","","","","full-time","","","","","","","","","","","","","","","","","","","","","","","","","","","","","","","","","","","","","","","","","","","","","","","","","","","","","","","","","","","","","","","","","","","","","","","","","","","","","","","","","","","","","","","","","","","","","","","","","","","","","","","","","","","","","","","","","","","","","","","","","","","","","",""
"689e968130088ea7ed2fb5bb","https://physiciancareers.ca/jobs/dermatologist-for-a-multidisciplinary-medical-clinic-in-toronto-689e968130088ea7ed2fb5bb?specialty=Dermatology&city=Toronto","DERMATOLOGIST for a multidisciplinary medical clinic in TORONTO","Dermatology","part-time","The Clinic at Christie St.","downtown toronto","ON","672 Dupont Street","Toronto, ON","43.6532","-79.3832","0","Fee-For-Service Split","unspecified","","","","","","","","","","","false","true","false","false","true","Unlock application details with Premium","2025-07-31","","We're seeking a dermatologist for a multidisciplinary medical clinic in Toronto.  A great opportunity to work in a busy clinic and see patients immediately!  We currently have a lot of dermatology referrals from the physicians on staff and are looking for a dermatologist who would be interested in p...","We're seeking a dermatologist for a multidisciplinary medical clinic in Toronto. A great opportunity to work in a busy clinic and see patients immediately! We currently have a lot of dermatology referrals from the physicians on staff and are looking for a dermatologist who would be interested in part-time hours/shifts.




We are a beautiful modern multidisciplinary healthcare facility in Downtown West Toronto. The clinic currently offers family medicine/walk-in, OBGYN and sports medicine services.




The dermatologist would provide consultations, assessments and minor procedures.




The Clinic:

A multidisciplinary clinic in a beautiful heritage site building in downtown Toronto. The team currently consists of 4 family physicians as well as walk-in physicians, a sports medicine physician, OBGYN, registered physiotherapists, chiropractors, registered massage therapists and acupuncturists. We have a fully enclosed rehab gym that includes aqua therapy.

Free parking on site for patients. A 5 min walk to the Christie subway station.




The Offer:

Competitive Split.

The clinic is staffed with an experienced and trained administrative team. Accuro EMR equipped with training available if necessary.

New graduates and experienced physicians are welcome to apply.




For more information please contact us at: ***@theclinicatchristie.com (🔒 Premium)

Phone: ***-***-**** (🔒 Premium)

Website: The Clinic Health Group","We're seeking a dermatologist for a multidisciplinary medical clinic in Toronto.  A great opportunity to work in a busy clinic and see patients immediately!  We currently have a lot of dermatology referrals from the physicians on staff and are looking for a dermatologist who would be interested in part-time hours/shifts. | We are a beautiful modern multidisciplinary healthcare facility in Downtown West Toronto. The clinic currently offers family medicine/walk-in, OBGYN and sports medicine services. | The dermatologist would provide consultations, assessments and minor procedures. | The Clinic: | A multidisciplinary clinic in a beautiful heritage site building in downtown Toronto. The team currently consists of 4 family physicians as well as walk-in physicians, a sports medicine physician, OBGYN, registered physiotherapists, chiropractors, registered massage therapists and acupuncturists. We have a fully enclosed rehab gym that includes aqua therapy. | Free parking on site for patients. A 5 min walk to the Christie subway station. | The Offer: | Competitive Split. | The clinic is staffed with an experienced and trained administrative team. Accuro EMR equipped with training available if necessary. | New graduates and experienced physicians are welcome to apply. | For more information please contact us at: ***@theclinicatchristie.com (🔒 Premium) | Phone: ***-***-**** (🔒 Premium) | Website: The Clinic Health Group","{""text"":""***@theclinicatchristie.com (🔒 Premium)"",""url"":""/pricing""} | {""text"":""***-***-**** (🔒 Premium)"",""url"":""/pricing""} | {""text"":""The Clinic Health Group"",""url"":""https://theclinichealthgroup.com/""}","https://schema.org","JobPosting","DERMATOLOGIST for a multidisciplinary medical clinic in TORONTO","We&#39;re seeking a dermatologist for a multidisciplinary medical clinic in Toronto. A great opportunity to work in a busy clinic and see patients immediately! We currently have a lot of dermatology referrals from the physicians on staff and are looking for a dermatologist who would be interested in part-time hours/shifts. We are a beautiful modern multidisciplinary healthcare facility in Downtown West Toronto. The clinic currently offers family medicine/walk-in, OBGYN and sports medicine services. The dermatologist would provide consultations, assessments and minor procedures. The Clinic: A multidisciplinary clinic in a beautiful heritage site building in downtown Toronto. The team currently consists of 4 family physicians as well as walk-in physicians, a sports medicine physician, OBGYN, registered physiotherapists, chiropractors, registered massage therapists and acupuncturists. We have a fully enclosed rehab gym that includes aqua therapy. Free parking on site for patients. A 5 min walk to the Christie subway station. The Offer: Competitive Split. The clinic is staffed with an experienced and trained administrative team. Accuro EMR equipped with training available if necessary. New graduates and experienced physicians are welcome to apply. For more information please contact us at: joe@theclinicatchristie.com Phone: 416-536-8000 Website: The Clinic Health Group","2025-07-31T00:00:00.000Z","2025-10-29T00:00:00.000Z","Organization","The Clinic at Christie St.","Place","PostalAddress","672 Dupont Street","Toronto","ON","M6G1Z6","CA","PropertyValue","689e968130088ea7ed2fb5bb","2026-09-29T18:25:35.993Z","","","","","","part-time","","","","","","","","","","","","","","","","","","","","","","","","","","","","","","","","","","","","","","","","","","","","","","","","","","","","","","","","","","","","","","","","","","","","","","","","","","","","","","","","","","","","","","","","","","","","","","","","","","","","","","","","","","","","","","","","","","","","","","","","","","","","","",""
"6a3f5afda641db6c31f086d0","https://physiciancareers.ca/jobs?specialty=Emergency+Medicine&city=Toronto","Emergency Physician","Emergency Medicine","full-time","Humber River Hospital","downtown toronto","ON","1235 Wilson Ave","Toronto, ON","43.6532","-79.3832","0","","unspecified","","","","","","","","","","","true","false","true","true","true","Unlock application details with Premium","2026-06-26","","Humber River Health. Tomorrow’s Healthcare, Today.  

 

Humber River Health is a multi-site organization serving a population of more than 850,000 people in the northwest Greater Toronto Area. The organization is a member of the Toronto Academic Health Science Network (TAHSN) and operates Hennick H...","Humber River Health. Tomorrow’s Healthcare, Today. 

 

Humber River Health is a multi-site organization serving a population of more than 850,000 people in the northwest Greater Toronto Area. The organization is a member of the Toronto Academic Health Science Network (TAHSN) and operates Hennick Humber Hospital, along with its Finch and Church campuses, supported by more than 5,000 employees, approximately 800 physicians, and over 600 volunteers.

 

Hennick Humber Hospital is North America’s first fully digital hospital. Through robotics and advanced technology, patients benefit from less pain, fewer complications, and shorter hospital stays. A custom combination of technology and clinical expertise supports a reimagined model of care focused on safety, efficiency, and improved outcomes. Its digital ecosystem includes automated laboratory services, medication management robotics, electronic health records, a Command Centre, computerized physician order entry, bedside computer terminals, and surgical tracking systems that keep families informed in real time.

 

These innovations enhance communication, improve efficiency, and create a more connected experience for patients and families.

 

This transformation has been made possible through the dedication of Humber’s staff, physicians, and volunteers. Together, they are united by a shared belief: the power to transform healthcare through innovation, collaboration, and excellence. With strong teams and a commitment to continuous improvement, Humber River Health continues to deliver Tomorrow’s Healthcare, Today.

 




 

We are looking for a:

 

Emergency Physician

 

Department and Program Overview

 

Department of Emergency Medicine

 

Position Summary

 

The Department of Emergency Medicine is seeking Emergency Physicians who are passionate about practicing the full spectrum of emergency medicine in a high-volume, academically engaged community hospital. Successful candidates will join a collaborative team and participate in a balanced schedule that includes day, evening, overnight, weekend, and holiday shifts.

 

Qualifications, Skills and Attributes

 

Certification in Emergency Medicine from the College of Family Physicians of Canada or hold a fellowship in Emergency Medicine from the Royal college of Physicians and Surgeons of Canada

License to practice and in good standing with the College of Physicians and Surgeons of Ontario

An interest in pediatrics, care of the elderly, POCUS, academics or research will be consider an assist but not mandatory.

 

In addition to demonstrated clinical excellence and outstanding interpersonal skills, candidates must be a qualified medical practitioner and a member of, or eligible for membership, with the College of Physicians & Surgeons of Ontario. Candidates must also have relevant certification from the Royal College of Physicians and Surgeons of Canada (RCPSC).

As a member of TAHSN, HRH provides placements for medical learners at all levels. The successful candidate will have a recognized interest in education initiatives, including the teaching, supervision and mentoring of medical learners. Applicants must have or be eligible for a faculty appointment in the appropriate clinical department at the Temerty Faculty of Medicine, University of Toronto.

 

 

Interested Applicants

 

Applications will be accepted until August 7th, however, the position will remain open until filled or recruitment is closed.

 

We encourage all interested candidates to apply in confidence by forwarding: (1) Letter of Interest and (2) up-to-date curriculum vitae 

 

Application package should be submitted to: 

 

 

Dr. Tajinder Kaura

Humber River Health

1235 Wilson Avenue

Toronto, ON M3M 0B2

 

Send via email: ***@hrh.ca (🔒 Premium)

 

 

Why choose Humber River Health?

 

At Humber River Health, our staff, physicians, and volunteers are delivering Tomorrow's Healthcare, Today. We are proud to have been recognized as a part of Greater Toronto’s Top Employers by Mediacorp Canada Inc. We support employees by providing evidence-based leadership and cultivating a culture that consistently wows with our unwavering commitment to staff, physician and volunteer engagement. We are dedicated to high-quality patient care and demonstrate our values of compassion, professionalism, and respect.

 

Humber River Health is committed to creating an inclusive, equitable and accessible workplace that reflects the diversity of our communities. Guided by our strategic direction to embed equity, diversity and inclusion in everything we do – and to address systemic barriers – we foster a culture where everyone feels respected, valued and empowered to contribute.

 

We welcome applications from individuals of all equity-deserving groups, including Indigenous peoples, racialized communities, persons living with disabilities, women, 2SLGBTQ+ individuals and seniors. We recognize that diverse identities and perspectives strengthen our ability to deliver safe, innovative and compassionate care.

 

As an equal opportunity employer, Humber River Health complies with the Ontario Human Rights Code and the Accessibility for Ontarians with Disabilities Act. We do not discriminate on the basis of race, ancestry, place of origin, colour, ethnic origin, citizenship, creed, sex, sexual orientation, gender identity or expression, age, marital status, family status, disability, or any other protected ground.

 

Accommodations are available throughout the recruitment process and employment. Please contact our recruitment team to discuss your needs confidentially.

 

This position is being posted in response to an existing vacancy at Humber River Health.

 

The hospital reserves the right not to appoint anyone to this position.

www.hrh.ca","","{""text"":""***@hrh.ca (🔒 Premium)"",""url"":""/pricing""} | {""text"":""www.hrh.ca"",""url"":""http://www.hrh.ca/""}","https://schema.org","JobPosting","Emergency Physician","Humber River Health. Tomorrow’s Healthcare, Today. Humber River Health is a multi-site organization serving a population of more than 850,000 people in the northwest Greater Toronto Area. The organization is a member of the Toronto Academic Health Science Network (TAHSN) and operates Hennick Humber Hospital, along with its Finch and Church campuses, supported by more than 5,000 employees, approximately 800 physicians, and over 600 volunteers. Hennick Humber Hospital is North America’s first fully digital hospital. Through robotics and advanced technology, patients benefit from less pain, fewer complications, and shorter hospital stays. A custom combination of technology and clinical expertise supports a reimagined model of care focused on safety, efficiency, and improved outcomes. Its digital ecosystem includes automated laboratory services, medication management robotics, electronic health records, a Command Centre, computerized physician order entry, bedside computer terminals, and surgical tracking systems that keep families informed in real time. These innovations enhance communication, improve efficiency, and create a more connected experience for patients and families. This transformation has been made possible through the dedication of Humber’s staff, physicians, and volunteers. Together, they are united by a shared belief: the power to transform healthcare through innovation, collaboration, and excellence. With strong teams and a commitment to continuous improvement, Humber River Health continues to deliver Tomorrow’s Healthcare, Today . We are looking for a: Emergency Physician Department and Program Overview Department of Emergency Medicine Position Summary The Department of Emergency Medicine is seeking Emergency Physicians who are passionate about practicing the full spectrum of emergency medicine in a high-volume, academically engaged community hospital. Successful candidates will join a collaborative team and participate in a balanced schedule that includes day, evening, overnight, weekend, and holiday shifts. Qualifications, Skills and Attributes Certification in Emergency Medicine from the College of Family Physicians of Canada or hold a fellowship in Emergency Medicine from the Royal college of Physicians and Surgeons of Canada License to practice and in good standing with the College of Physicians and Surgeons of Ontario An interest in pediatrics, care of the elderly, POCUS, academics or research will be consider an assist but not mandatory. In addition to demonstrated clinical excellence and outstanding interpersonal skills, candidates must be a qualified medical practitioner and a member of, or eligible for membership, with the College of Physicians &amp; Surgeons of Ontario. Candidates must also have relevant certification from the Royal College of Physicians and Surgeons of Canada (RCPSC). As a member of TAHSN, HRH provides placements for medical learners at all levels. The successful candidate will have a recognized interest in education initiatives, including the teaching, supervision and mentoring of medical learners. Applicants must have or be eligible for a faculty appointment in the appropriate clinical department at the Temerty Faculty of Medicine, University of Toronto. Interested Applicants Applications will be accepted until August 7th , however, the position will remain open until filled or recruitment is closed. We encourage all interested candidates to apply in confidence by forwarding: (1) Letter of Interest and (2) up-to-date curriculum vitae Application package should be submitted to: Dr. Tajinder Kaura Humber River Health 1235 Wilson Avenue Toronto, ON M3M 0B2 Send via email: MedicalRecruitment@hrh.ca Why choose Humber River Health? At Humber River Health, our staff, physicians, and volunteers are delivering Tomorrow&#39;s Healthcare, Today. We are proud to have been recognized as a part of Greater Toronto’s Top Employers by Mediacorp Canada Inc. We support employees by providing evidence-based leadership and cultivating a culture that consistently wows with our unwavering commitment to staff, physician and volunteer engagement. We are dedicated to high-quality patient care and demonstrate our values of compassion, professionalism, and respect. Humber River Health is committed to creating an inclusive, equitable and accessible workplace that reflects the diversity of our communities. Guided by our strategic direction to embed equity, diversity and inclusion in everything we do – and to address systemic barriers – we foster a culture where everyone feels respected, valued and empowered to contribute. We welcome applications from individuals of all equity-deserving groups, including Indigenous peoples, racialized communities, persons living with disabilities, women, 2SLGBTQ+ individuals and seniors. We recognize that diverse identities and perspectives strengthen our ability to deliver safe, innovative and compassionate care. As an equal opportunity employer, Humber River Health complies with the Ontario Human Rights Code and the Accessibility for Ontarians with Disabilities Act. We do not discriminate on the basis of race, ancestry, place of origin, colour, ethnic origin, citizenship, creed, sex, sexual orientation, gender identity or expression, age, marital status, family status, disability, or any other protected ground. Accommodations are available throughout the recruitment process and employment. Please contact our recruitment team to discuss your needs confidentially. This position is being posted in response to an existing vacancy at Humber River Health. The hospital reserves the right not to appoint anyone to this position. www.hrh.ca","2026-06-26T00:00:00.000Z","2026-08-07T00:00:00.000Z","Organization","Humber River Hospital","Place","PostalAddress","1235 Wilson Ave","Toronto","ON","M3M0B2","CA","PropertyValue","6a3f5afda641db6c31f086d0","2026-09-29T18:25:39.365Z","","","","","","full-time","","Humber River Health is a multi-site organization serving a population of more than 850,000 people in the northwest Greater Toronto Area. The organization is a member of the Toronto Academic Health Science Network (TAHSN) and operates Hennick Humber Hospital, along with its Finch and Church campuses, supported by more than 5,000 employees, approximately 800 physicians, and over 600 volunteers. | Hennick Humber Hospital is North America’s first fully digital hospital. Through robotics and advanced technology, patients benefit from less pain, fewer complications, and shorter hospital stays. A custom combination of technology and clinical expertise supports a reimagined model of care focused on safety, efficiency, and improved outcomes. Its digital ecosystem includes automated laboratory services, medication management robotics, electronic health records, a Command Centre, computerized physician order entry, bedside computer terminals, and surgical tracking systems that keep families informed in real time. | These innovations enhance communication, improve efficiency, and create a more connected experience for patients and families. | This transformation has been made possible through the dedication of Humber’s staff, physicians, and volunteers. Together, they are united by a shared belief: the power to transform healthcare through innovation, collaboration, and excellence. With strong teams and a commitment to continuous improvement, Humber River Health continues to deliver Tomorrow’s Healthcare, Today. | Department of Emergency Medicine | The Department of Emergency Medicine is seeking Emergency Physicians who are passionate about practicing the full spectrum of emergency medicine in a high-volume, academically engaged community hospital. Successful candidates will join a collaborative team and participate in a balanced schedule that includes day, evening, overnight, weekend, and holiday shifts. | Certification in Emergency Medicine from the College of Family Physicians of Canada or hold a fellowship in Emergency Medicine from the Royal college of Physicians and Surgeons of Canada | License to practice and in good standing with the College of Physicians and Surgeons of Ontario | An interest in pediatrics, care of the elderly, POCUS, academics or research will be consider an assist but not mandatory. | In addition to demonstrated clinical excellence and outstanding interpersonal skills, candidates must be a qualified medical practitioner and a member of, or eligible for membership, with the College of Physicians & Surgeons of Ontario. Candidates must also have relevant certification from the Royal College of Physicians and Surgeons of Canada (RCPSC). | As a member of TAHSN, HRH provides placements for medical learners at all levels. The successful candidate will have a recognized interest in education initiatives, including the teaching, supervision and mentoring of medical learners. Applicants must have or be eligible for a faculty appointment in the appropriate clinical department at the Temerty Faculty of Medicine, University of Toronto.","","","","","","","","","","","","","","","","","","","","","","","","","","","","","","","","Applications will be accepted until August 7th, however, the position will remain open until filled or recruitment is closed. | We encourage all interested candidates to apply in confidence by forwarding: (1) Letter of Interest and (2) up-to-date curriculum vitae | Application package should be submitted to: | Dr. Tajinder Kaura | Humber River Health | 1235 Wilson Avenue | Toronto, ON M3M 0B2 | Send via email: ***@hrh.ca (🔒 Premium)","At Humber River Health, our staff, physicians, and volunteers are delivering Tomorrow's Healthcare, Today. We are proud to have been recognized as a part of Greater Toronto’s Top Employers by Mediacorp Canada Inc. We support employees by providing evidence-based leadership and cultivating a culture that consistently wows with our unwavering commitment to staff, physician and volunteer engagement. We are dedicated to high-quality patient care and demonstrate our values of compassion, professionalism, and respect. | Humber River Health is committed to creating an inclusive, equitable and accessible workplace that reflects the diversity of our communities. Guided by our strategic direction to embed equity, diversity and inclusion in everything we do – and to address systemic barriers – we foster a culture where everyone feels respected, valued and empowered to contribute. | We welcome applications from individuals of all equity-deserving groups, including Indigenous peoples, racialized communities, persons living with disabilities, women, 2SLGBTQ+ individuals and seniors. We recognize that diverse identities and perspectives strengthen our ability to deliver safe, innovative and compassionate care. | As an equal opportunity employer, Humber River Health complies with the Ontario Human Rights Code and the Accessibility for Ontarians with Disabilities Act. We do not discriminate on the basis of race, ancestry, place of origin, colour, ethnic origin, citizenship, creed, sex, sexual orientation, gender identity or expression, age, marital status, family status, disability, or any other protected ground. | Accommodations are available throughout the recruitment process and employment. Please contact our recruitment team to discuss your needs confidentially. | This position is being posted in response to an existing vacancy at Humber River Health. | The hospital reserves the right not to appoint anyone to this position.","","","","","","","","","","","","","","","","","","","","","","","","","","","","","","","","","","","","","","","","","","","","","","","","","","","","","","","","","","","","","","","","","","","","","","","","","","","","","","","","","","","","","","","","","","",""
"6a30daaf819ddc5dc2c373ab","https://physiciancareers.ca/jobs/test-emergency-physician-b-6a30daaf819ddc5dc2c373ab?specialty=Emergency+Medicine&city=Toronto","Test Emergency Physician B","Emergency Medicine","full-time","Test Org-Mariam Malu","downtown toronto","ON","438 University Avenue","Toronto, ON","43.6532","-79.3832","0","","unspecified","","","","","","","","","","","false","false","false","false","true","Unlock application details with Premium","2026-06-16","","Test B job 5 emergency...","Test B job 5 emergency","","","https://schema.org","JobPosting","Test Emergency Physician B","Test B job 5 emergency","2026-06-16T00:00:00.000Z","2026-09-14T00:00:00.000Z","Organization","Test Org-Mariam Malu","Place","PostalAddress","438 University Avenue","Toronto","ON","L1X 1S9","CA","PropertyValue","6a30daaf819ddc5dc2c373ab","2026-09-29T18:25:40.188Z","","","","","","full-time","","","","","","","","","","","","","","","","","","","","","","","","","","","","","","","","","","","","","","","","","","","","","","","","","","","","","","","","","","","","","","","","","","","","","","","","","","","","","","","","","","","","","","","","","","","","","","","","","","","","","","","","","","","","","","","","","","","","","","","","","","","","","",""
"69bb5f86db676bd8986abc5e","https://physiciancareers.ca/jobs/division-of-paediatric-emergency-medicine-faculty-position-69bb5f86db676bd8986abc5e?specialty=Emergency+Medicine&city=Toronto","Division of Paediatric Emergency Medicine. Faculty position","Emergency Medicine","full-time","The Hospital for Sick Children","downtown toronto","ON","555 University Avenue","Toronto, ON","43.6532","-79.3832","0","","unspecified","","","","","","","","","","","true","false","false","true","true","Unlock application details with Premium","2026-03-18","","Effective immediately The Division of Paediatric Emergency Medicine is seeking a full-time permanent faculty position at the Hospital for Sick Children (SickKids), 555 University Ave., Toronto, ON which is an academic health science centre dedicated to the care of children: affiliated with the Unive...","Effective immediately The Division of Paediatric Emergency Medicine is seeking a full-time permanent faculty position at the Hospital for Sick Children (SickKids), 555 University Ave., Toronto, ON which is an academic health science centre dedicated to the care of children: affiliated with the University of Toronto.

The Emergency Department at SickKids sees more than 70,000 patient visits per year and is the Paediatric Level 1 Trauma Centre for the greater Toronto area. The division trains a broad range of practitioners who care for ill and injured children, the centerpiece of the division’s training mission is our fully accredited Fellowship training Program which matriculates Royal College fellows and international PEM fellows.

Formally trained PEM physicians with outstanding clinical skills and a commitment to academic success are encouraged to apply. International candidates with a strong academic portfolio, PEM fellowship training, and experience in an academic teaching center will be considered. Candidates with additional specialized training in machine learning, robotics, or pre-hospital medicine are preferred.

The successful candidate will be eligible for an academic appointment at the University of Toronto. Rank and salary ($268,340 – $318,823) per annum will be commensurate with qualifications and experience. The successful candidate will be eligible for a benefit package which includes medical, dental, life insurance, long term disability insurance, group insurance, pension plan, vision care, academic allowance, and a relocation package.

All candidates must be able to function proficiently in English, hold an MD, MBBS or equivalent thereto and be certified or eligible for certification by the Royal College of Physicians and Surgeons of Canada or have comparable qualifications. Candidates must hold or be eligible for licensure with the College of Physicians and Surgeons of Ontario.

Interested individuals should submit a letter of application and a curriculum vitae with the names and addresses of three references to Dr. Jason Fischer, Head, Division of Emergency Medicine,

The Hospital for Sick Children, 555 University Avenue, Toronto, ON M5G 1X8, Canada, or email ***@sickkids.ca (🔒 Premium).

For additional information regarding the Department of Paediatrics see http://www.sickkids.ca/paediatrics/. This position will remain open until filled.

All qualified applicants are encouraged to apply; however, in accordance with Canadian immigration requirements, Canadians and permanent residents will be given priority. Only those applicants selected for the interview will be contacted.","Effective immediately The Division of Paediatric Emergency Medicine is seeking a full-time permanent faculty position at the Hospital for Sick Children (SickKids), 555 University Ave., Toronto, ON which is an academic health science centre dedicated to the care of children: affiliated with the University of Toronto. | The Emergency Department at SickKids sees more than 70,000 patient visits per year and is the Paediatric Level 1 Trauma Centre for the greater Toronto area. The division trains a broad range of practitioners who care for ill and injured children, the centerpiece of the division’s training mission is our fully accredited Fellowship training Program which matriculates Royal College fellows and international PEM fellows. | Formally trained PEM physicians with outstanding clinical skills and a commitment to academic success are encouraged to apply. International candidates with a strong academic portfolio, PEM fellowship training, and experience in an academic teaching center will be considered. Candidates with additional specialized training in machine learning, robotics, or pre-hospital medicine are preferred. | The successful candidate will be eligible for an academic appointment at the University of Toronto. Rank and salary ($268,340 – $318,823) per annum will be commensurate with qualifications and experience. The successful candidate will be eligible for a benefit package which includes medical, dental, life insurance, long term disability insurance, group insurance, pension plan, vision care, academic allowance, and a relocation package. | All candidates must be able to function proficiently in English, hold an MD, MBBS or equivalent thereto and be certified or eligible for certification by the Royal College of Physicians and Surgeons of Canada or have comparable qualifications. Candidates must hold or be eligible for licensure with the College of Physicians and Surgeons of Ontario. | Interested individuals should submit a letter of application and a curriculum vitae with the names and addresses of three references to Dr. Jason Fischer, Head, Division of Emergency Medicine, | The Hospital for Sick Children, 555 University Avenue, Toronto, ON M5G 1X8, Canada, or email ***@sickkids.ca (🔒 Premium). | For additional information regarding the Department of Paediatrics see http://www.sickkids.ca/paediatrics/. This position will remain open until filled. | All qualified applicants are encouraged to apply; however, in accordance with Canadian immigration requirements, Canadians and permanent residents will be given priority. Only those applicants selected for the interview will be contacted.","{""text"":""***@sickkids.ca (🔒 Premium)"",""url"":""/pricing""} | {""text"":""http://www.sickkids.ca/paediatrics/"",""url"":""http://www.sickkids.ca/paediatrics/""}","https://schema.org","JobPosting","Division of Paediatric Emergency Medicine. Faculty position","Effective immediately The Division of Paediatric Emergency Medicine is seeking a full-time permanent faculty position at the Hospital for Sick Children (SickKids), 555 University Ave., Toronto, ON which is an academic health science centre dedicated to the care of children: affiliated with the University of Toronto. The Emergency Department at SickKids sees more than 70,000 patient visits per year and is the Paediatric Level 1 Trauma Centre for the greater Toronto area. The division trains a broad range of practitioners who care for ill and injured children, the centerpiece of the division’s training mission is our fully accredited Fellowship training Program which matriculates Royal College fellows and international PEM fellows. Formally trained PEM physicians with outstanding clinical skills and a commitment to academic success are encouraged to apply. International candidates with a strong academic portfolio, PEM fellowship training, and experience in an academic teaching center will be considered. Candidates with additional specialized training in machine learning, robotics, or pre-hospital medicine are preferred. The successful candidate will be eligible for an academic appointment at the University of Toronto. Rank and salary ($268,340 – $318,823) per annum will be commensurate with qualifications and experience. The successful candidate will be eligible for a benefit package which includes medical, dental, life insurance, long term disability insurance, group insurance, pension plan, vision care, academic allowance, and a relocation package. All candidates must be able to function proficiently in English, hold an MD, MBBS or equivalent thereto and be certified or eligible for certification by the Royal College of Physicians and Surgeons of Canada or have comparable qualifications. Candidates must hold or be eligible for licensure with the College of Physicians and Surgeons of Ontario. Interested individuals should submit a letter of application and a curriculum vitae with the names and addresses of three references to Dr. Jason Fischer, Head, Division of Emergency Medicine, The Hospital for Sick Children, 555 University Avenue, Toronto, ON M5G 1X8, Canada, or email jason.fischer@sickkids.ca . For additional information regarding the Department of Paediatrics see http://www.sickkids.ca/paediatrics/ . This position will remain open until filled. All qualified applicants are encouraged to apply; however, in accordance with Canadian immigration requirements, Canadians and permanent residents will be given priority. Only those applicants selected for the interview will be contacted.","2026-03-18T00:00:00.000Z","2026-05-01T00:00:00.000Z","Organization","The Hospital for Sick Children","Place","PostalAddress","555 University Avenue","Toronto","ON","M5G1X8","CA","PropertyValue","69bb5f86db676bd8986abc5e","2026-09-29T18:25:40.739Z","","","","","","full-time","","","","","","","","","","","","","","","","","","","","","","","","","","","","","","","","","","","","","","","","","","","","","","","","","","","","","","","","","","","","","","","","","","","","","","","","","","","","","","","","","","","","","","","","","","","","","","","","","","","","","","","","","","","","","","","","","","","","","","","","","","","","","",""
"69b8e22f1e656e769e5f6e4e","https://physiciancareers.ca/jobs/emergency-physicians-69b8e22f1e656e769e5f6e4e?specialty=Emergency+Medicine&city=Toronto","Emergency Physicians","Emergency Medicine","full-time","Sunnybrook Health Sciences Centre","downtown toronto","ON","2075 Bayview Avenue","Toronto, ON","43.6532","-79.3832","0","Fee-For-Service","annual","300000","400000","350000","350000","","","","","","","true","false","true","true","true","Unlock application details with Premium","2026-03-16","","SUNNYBROOK EMERGENCY MEDICINE

Are you an Emergency Physician seeking a challenging and rewarding opportunity in a dynamic and progressive healthcare environment? Sunnybrook Health Sciences Centre is seeking passionate individuals to join our team. We are always on the lookout for ambitious physicia...","SUNNYBROOK EMERGENCY MEDICINE

Are you an Emergency Physician seeking a challenging and rewarding opportunity in a dynamic and progressive healthcare environment? Sunnybrook Health Sciences Centre is seeking passionate individuals to join our team. We are always on the lookout for ambitious physicians who aim to leave their mark on the emergency medicine landscape, and we are fully dedicated to supporting you every step of the way to reach your goals. Sunnybrook is a tertiary care hospital in the heart of the Greater Toronto Area with 1.2 million patient visits annually including 64,000 ED visits. We serve as a regional referral centre for diverse specialties, including burns, stroke, cancer, interventional cardiology, neurosurgery, vascular, spinal surgery, and high-risk maternal/neonatal care. We function as the base hospital for Toronto EMS and are proud to be Canada’s largest trauma centre and the first hospital in Canada to be accredited by the American College of Surgeons as a Level 1 Trauma Centre. 

We are a collaborative and collegial group of approximately 45 physicians with a commitment to academic success and clinical excellence. We prioritize group wellness and flexible scheduling due to our varied practice patterns and interests. These interests include pre-hospital care, quality improvement and patient safety, health services research, virtual care, technological innovation, ultrasound, and medical education. Clinically, we function in a well-resourced environment with a diverse, complex patient population. We have unparalleled support from specialist consultants and allied health, as well as comprehensive options for follow-up to ensure our patients receive the best care during and after their ED visit.

 Sunnybrook is fully affiliated with the University of Toronto and a core training site for the Emergency Medicine Residency Program and various Postgraduate and Fellowship Programs. Our staff are well-established leaders in medical education. We are a lead site for the residency program’s POCUS training, and our simulation program offers both teaching and continuing professional development opportunities in a high-fidelity, interprofessional, team-based environment.

 Duties:

· Provide exemplary, efficient, and patient-centred clinical care

· Supervise and support bedside teaching of trainees

· Provide medical consults to in-field paramedic teams through our patch program

· Contribute to the academic priorities of the University through education, quality improvement, research, and/or administration

 Requirements:

· FRCPC, CCFP-EM or DABEM certified in Emergency Medicine

· MD or equivalent

· English proficiency

· Eligible for licensure with the College of Physicians and Surgeons of Ontario

· Strong clinical and teaching skills

· Though all are welcome to apply, Canadian citizens and permanent residents will be given priority

 Terms and Remuneration:

· Full time position starting July 1, 2026

· Estimated compensation of $300,000-$400,000 (fee-for-service estimate) per year based on full-time clinical work and academic contributions via our Alternate Funding Arrangement (AFA) and academic work via our Alternate Funding Plan (AFP), SED Administrative Agent Inc.

To apply, please submit the following documents. Applications will be accepted until the position is filled.

· Cover letter

· Curriculum vitae

· Three referee names and email addresses (including your most recent ED Chief or Program Director)

Submit to Sunnybrook Health Sciences Centre, 2075 Bayview Avenue, Room C753, Toronto, Ontario M4N 3M5, care of Dr. Justin Hall, Chief, Department of Emergency Medicine (***@sunnybrook.ca (🔒 Premium)) and Ms. Paola Tiveron (***@sunnybrook.ca (🔒 Premium)). We will contact each of your three referees. For further inquiries or to arrange a meeting, please email us to schedule a virtual discussion.","","{""text"":""***@sunnybrook.ca (🔒 Premium)"",""url"":""/pricing""} | {""text"":""***@sunnybrook.ca (🔒 Premium)"",""url"":""/pricing""}","https://schema.org","JobPosting","Emergency Physicians","SUNNYBROOK EMERGENCY MEDICINE Are you an Emergency Physician seeking a challenging and rewarding opportunity in a dynamic and progressive healthcare environment? Sunnybrook Health Sciences Centre is seeking passionate individuals to join our team. We are always on the lookout for ambitious physicians who aim to leave their mark on the emergency medicine landscape, and we are fully dedicated to supporting you every step of the way to reach your goals. Sunnybrook is a tertiary care hospital in the heart of the Greater Toronto Area with 1.2 million patient visits annually including 64,000 ED visits. We serve as a regional referral centre for diverse specialties, including burns, stroke, cancer, interventional cardiology, neurosurgery, vascular, spinal surgery, and high-risk maternal/neonatal care. We function as the base hospital for Toronto EMS and are proud to be Canada’s largest trauma centre and the first hospital in Canada to be accredited by the American College of Surgeons as a Level 1 Trauma Centre. We are a collaborative and collegial group of approximately 45 physicians with a commitment to academic success and clinical excellence. We prioritize group wellness and flexible scheduling due to our varied practice patterns and interests. These interests include pre-hospital care, quality improvement and patient safety, health services research, virtual care, technological innovation, ultrasound, and medical education. Clinically, we function in a well-resourced environment with a diverse, complex patient population. We have unparalleled support from specialist consultants and allied health, as well as comprehensive options for follow-up to ensure our patients receive the best care during and after their ED visit. Sunnybrook is fully affiliated with the University of Toronto and a core training site for the Emergency Medicine Residency Program and various Postgraduate and Fellowship Programs. Our staff are well-established leaders in medical education. We are a lead site for the residency program’s POCUS training, and our simulation program offers both teaching and continuing professional development opportunities in a high-fidelity, interprofessional, team-based environment. Duties: · Provide exemplary, efficient, and patient-centred clinical care · Supervise and support bedside teaching of trainees · Provide medical consults to in-field paramedic teams through our patch program · Contribute to the academic priorities of the University through education, quality improvement, research, and/or administration Requirements: · FRCPC, CCFP-EM or DABEM certified in Emergency Medicine · MD or equivalent · English proficiency · Eligible for licensure with the College of Physicians and Surgeons of Ontario · Strong clinical and teaching skills · Though all are welcome to apply, Canadian citizens and permanent residents will be given priority Terms and Remuneration: · Full time position starting July 1, 2026 · Estimated compensation of $300,000-$400,000 (fee-for-service estimate) per year based on full-time clinical work and academic contributions via our Alternate Funding Arrangement (AFA) and academic work via our Alternate Funding Plan (AFP), SED Administrative Agent Inc. To apply, please submit the following documents. Applications will be accepted until the position is filled. · Cover letter · Curriculum vitae · Three referee names and email addresses (including your most recent ED Chief or Program Director) Submit to Sunnybrook Health Sciences Centre, 2075 Bayview Avenue, Room C753, Toronto, Ontario M4N 3M5, care of Dr. Justin Hall, Chief, Department of Emergency Medicine ( justin.hall@sunnybrook.ca ) and Ms. Paola Tiveron ( paola.tiveron@sunnybrook.ca ). We will contact each of your three referees. For further inquiries or to arrange a meeting, please email us to schedule a virtual discussion.","2026-03-16T00:00:00.000Z","2026-06-14T00:00:00.000Z","Organization","Sunnybrook Health Sciences Centre","Place","PostalAddress","2075 Bayview Avenue","Toronto","ON","M4N3M5","CA","PropertyValue","69b8e22f1e656e769e5f6e4e","2026-09-29T18:25:41.395Z","","","","","","full-time","","","","","","","","","","","","","","","","","","","","","","","","","","","","","","","","","","","","","Are you an Emergency Physician seeking a challenging and rewarding opportunity in a dynamic and progressive healthcare environment? Sunnybrook Health Sciences Centre is seeking passionate individuals to join our team. We are always on the lookout for ambitious physicians who aim to leave their mark on the emergency medicine landscape, and we are fully dedicated to supporting you every step of the way to reach your goals. Sunnybrook is a tertiary care hospital in the heart of the Greater Toronto Area with 1.2 million patient visits annually including 64,000 ED visits. We serve as a regional referral centre for diverse specialties, including burns, stroke, cancer, interventional cardiology, neurosurgery, vascular, spinal surgery, and high-risk maternal/neonatal care. We function as the base hospital for Toronto EMS and are proud to be Canada’s largest trauma centre and the first hospital in Canada to be accredited by the American College of Surgeons as a Level 1 Trauma Centre. | We are a collaborative and collegial group of approximately 45 physicians with a commitment to academic success and clinical excellence. We prioritize group wellness and flexible scheduling due to our varied practice patterns and interests. These interests include pre-hospital care, quality improvement and patient safety, health services research, virtual care, technological innovation, ultrasound, and medical education. Clinically, we function in a well-resourced environment with a diverse, complex patient population. We have unparalleled support from specialist consultants and allied health, as well as comprehensive options for follow-up to ensure our patients receive the best care during and after their ED visit. | Sunnybrook is fully affiliated with the University of Toronto and a core training site for the Emergency Medicine Residency Program and various Postgraduate and Fellowship Programs. Our staff are well-established leaders in medical education. We are a lead site for the residency program’s POCUS training, and our simulation program offers both teaching and continuing professional development opportunities in a high-fidelity, interprofessional, team-based environment. | Duties: | ·        Provide exemplary, efficient, and patient-centred clinical care | ·        Supervise and support bedside teaching of trainees | ·        Provide medical consults to in-field paramedic teams through our patch program | ·        Contribute to the academic priorities of the University through education, quality improvement, research, and/or administration | Requirements: | ·        FRCPC, CCFP-EM or DABEM certified in Emergency Medicine | ·        MD or equivalent | ·        English proficiency | ·        Eligible for licensure with the College of Physicians and Surgeons of Ontario | ·        Strong clinical and teaching skills | ·        Though all are welcome to apply, Canadian citizens and permanent residents will be given priority | Terms and Remuneration: | ·        Full time position starting July 1, 2026 | ·        Estimated compensation of $300,000-$400,000 (fee-for-service estimate) per year based on full-time clinical work and academic contributions via our Alternate Funding Arrangement (AFA) and academic work via our Alternate Funding Plan (AFP), SED Administrative Agent Inc. | To apply, please submit the following documents. Applications will be accepted until the position is filled. | ·        Cover letter | ·        Curriculum vitae | ·        Three referee names and email addresses (including your most recent ED Chief or Program Director) | Submit to Sunnybrook Health Sciences Centre, 2075 Bayview Avenue, Room C753, Toronto, Ontario M4N 3M5, care of Dr. Justin Hall, Chief, Department of Emergency Medicine (***@sunnybrook.ca (🔒 Premium)) and Ms. Paola Tiveron (***@sunnybrook.ca (🔒 Premium)). We will contact each of your three referees. For further inquiries or to arrange a meeting, please email us to schedule a virtual discussion.","","","","","","","","","","","","","","","","","","","","","","","","","","","","","","","","","","","","","","","","","","","","","","","","","","","","","","","","","","","","","","","","","","","","","","","","","","","","","","","","","","","","","","","","",""
"69960affeb882ca80774cd21","https://physiciancareers.ca/jobs/division-of-paediatric-emergency-medicine-faculty-position-69960affeb882ca80774cd21?specialty=Emergency+Medicine&city=Toronto","Division of Paediatric Emergency Medicine. Faculty position","Emergency Medicine","full-time","The Hospital for Sick Children","downtown toronto","ON","555 University Avenue","Toronto, ON","43.6532","-79.3832","0","","unspecified","","","","","","","","","","","true","false","false","true","true","Unlock application details with Premium","2025-12-18","","Effective immediately The Division of Paediatric Emergency Medicine is seeking a full-time permanent faculty position at the Hospital for Sick Children (SickKids), 555 University Ave., Toronto, ON which is an academic health science centre dedicated to the care of children: affiliated with the Unive...","Effective immediately The Division of Paediatric Emergency Medicine is seeking a full-time permanent faculty position at the Hospital for Sick Children (SickKids), 555 University Ave., Toronto, ON which is an academic health science centre dedicated to the care of children: affiliated with the University of Toronto.

The Emergency Department at SickKids sees more than 70,000 patient visits per year and is the Paediatric Level 1 Trauma Centre for the greater Toronto area. The division trains a broad range of practitioners who care for ill and injured children, the centerpiece of the division’s training mission is our fully accredited Fellowship training Program which matriculates Royal College fellows and international PEM fellows.

Formally trained PEM physicians with outstanding clinical skills and a commitment to academic success are encouraged to apply. International candidates with a strong academic portfolio, PEM fellowship training, and experience in an academic teaching center will be considered. Candidates with additional specialized training in machine learning, robotics, or pre-hospital medicine are preferred.

The successful candidate will be eligible for an academic appointment at the University of Toronto. Rank and salary ($268,340 – $318,823) per annum will be commensurate with qualifications and experience. The successful candidate will be eligible for a benefit package which includes medical, dental, life insurance, long term disability insurance, group insurance, pension plan, vision care, academic allowance, and a relocation package.

All candidates must be able to function proficiently in English, hold an MD, MBBS or equivalent thereto and be certified or eligible for certification by the Royal College of Physicians and Surgeons of Canada or have comparable qualifications. Candidates must hold or be eligible for licensure with the College of Physicians and Surgeons of Ontario.

Interested individuals should submit a letter of application and a curriculum vitae with the names and addresses of three references to Dr. Jason Fischer, Head, Division of Emergency Medicine,

The Hospital for Sick Children, 555 University Avenue, Toronto, ON M5G 1X8, Canada, or email ***@sickkids.ca (🔒 Premium).

For additional information regarding the Department of Paediatrics see http://www.sickkids.ca/paediatrics/. This position will remain open until filled.

All qualified applicants are encouraged to apply; however, in accordance with Canadian immigration requirements, Canadians and permanent residents will be given priority. Only those applicants selected for the interview will be contacted.","Effective immediately The Division of Paediatric Emergency Medicine is seeking a full-time permanent faculty position at the Hospital for Sick Children (SickKids), 555 University Ave., Toronto, ON which is an academic health science centre dedicated to the care of children: affiliated with the University of Toronto. | The Emergency Department at SickKids sees more than 70,000 patient visits per year and is the Paediatric Level 1 Trauma Centre for the greater Toronto area. The division trains a broad range of practitioners who care for ill and injured children, the centerpiece of the division’s training mission is our fully accredited Fellowship training Program which matriculates Royal College fellows and international PEM fellows. | Formally trained PEM physicians with outstanding clinical skills and a commitment to academic success are encouraged to apply. International candidates with a strong academic portfolio, PEM fellowship training, and experience in an academic teaching center will be considered. Candidates with additional specialized training in machine learning, robotics, or pre-hospital medicine are preferred. | The successful candidate will be eligible for an academic appointment at the University of Toronto. Rank and salary ($268,340 – $318,823) per annum will be commensurate with qualifications and experience. The successful candidate will be eligible for a benefit package which includes medical, dental, life insurance, long term disability insurance, group insurance, pension plan, vision care, academic allowance, and a relocation package. | All candidates must be able to function proficiently in English, hold an MD, MBBS or equivalent thereto and be certified or eligible for certification by the Royal College of Physicians and Surgeons of Canada or have comparable qualifications. Candidates must hold or be eligible for licensure with the College of Physicians and Surgeons of Ontario. | Interested individuals should submit a letter of application and a curriculum vitae with the names and addresses of three references to Dr. Jason Fischer, Head, Division of Emergency Medicine, | The Hospital for Sick Children, 555 University Avenue, Toronto, ON M5G 1X8, Canada, or email ***@sickkids.ca (🔒 Premium). | For additional information regarding the Department of Paediatrics see http://www.sickkids.ca/paediatrics/. This position will remain open until filled. | All qualified applicants are encouraged to apply; however, in accordance with Canadian immigration requirements, Canadians and permanent residents will be given priority. Only those applicants selected for the interview will be contacted.","{""text"":""***@sickkids.ca (🔒 Premium)"",""url"":""/pricing""} | {""text"":""http://www.sickkids.ca/paediatrics/"",""url"":""http://www.sickkids.ca/paediatrics/""}","https://schema.org","JobPosting","Division of Paediatric Emergency Medicine. Faculty position","Effective immediately The Division of Paediatric Emergency Medicine is seeking a full-time permanent faculty position at the Hospital for Sick Children (SickKids), 555 University Ave., Toronto, ON which is an academic health science centre dedicated to the care of children: affiliated with the University of Toronto. The Emergency Department at SickKids sees more than 70,000 patient visits per year and is the Paediatric Level 1 Trauma Centre for the greater Toronto area. The division trains a broad range of practitioners who care for ill and injured children, the centerpiece of the division’s training mission is our fully accredited Fellowship training Program which matriculates Royal College fellows and international PEM fellows. Formally trained PEM physicians with outstanding clinical skills and a commitment to academic success are encouraged to apply. International candidates with a strong academic portfolio, PEM fellowship training, and experience in an academic teaching center will be considered. Candidates with additional specialized training in machine learning, robotics, or pre-hospital medicine are preferred. The successful candidate will be eligible for an academic appointment at the University of Toronto. Rank and salary ($268,340 – $318,823) per annum will be commensurate with qualifications and experience. The successful candidate will be eligible for a benefit package which includes medical, dental, life insurance, long term disability insurance, group insurance, pension plan, vision care, academic allowance, and a relocation package. All candidates must be able to function proficiently in English, hold an MD, MBBS or equivalent thereto and be certified or eligible for certification by the Royal College of Physicians and Surgeons of Canada or have comparable qualifications. Candidates must hold or be eligible for licensure with the College of Physicians and Surgeons of Ontario. Interested individuals should submit a letter of application and a curriculum vitae with the names and addresses of three references to Dr. Jason Fischer, Head, Division of Emergency Medicine, The Hospital for Sick Children, 555 University Avenue, Toronto, ON M5G 1X8, Canada, or email jason.fischer@sickkids.ca . For additional information regarding the Department of Paediatrics see http://www.sickkids.ca/paediatrics/ . This position will remain open until filled. All qualified applicants are encouraged to apply; however, in accordance with Canadian immigration requirements, Canadians and permanent residents will be given priority. Only those applicants selected for the interview will be contacted.","2025-12-18T00:00:00.000Z","2026-03-18T00:00:00.000Z","Organization","The Hospital for Sick Children","Place","PostalAddress","555 University Avenue","Toronto","ON","M5G1X8","CA","PropertyValue","69960affeb882ca80774cd21","2026-09-29T18:25:41.883Z","","","","","","full-time","","","","","","","","","","","","","","","","","","","","","","","","","","","","","","","","","","","","","","","","","","","","","","","","","","","","","","","","","","","","","","","","","","","","","","","","","","","","","","","","","","","","","","","","","","","","","","","","","","","","","","","","","","","","","","","","","","","","","","","","","","","","","",""
"693123e7c3f810d0e6aca2de","https://physiciancareers.ca/jobs/emergency-physician-693123e7c3f810d0e6aca2de?specialty=Emergency+Medicine&city=Toronto","Emergency Physician","Emergency Medicine","full-time","Sunnybrook Health Sciences Centre","downtown toronto","ON","2075 Bayview Avenue","Toronto, ON","43.6532","-79.3832","0","Alternate Payment Plan","annual","300000","400000","350000","350000","","","","","","","true","false","true","true","true","Unlock application details with Premium","2025-12-03","","SUNNYBROOK EMERGENCY MEDICINE

Are you an Emergency Physician seeking a challenging and rewarding opportunity in a dynamic and progressive healthcare environment? Sunnybrook Health Sciences Centre is seeking passionate individuals to join our team. We are always on the lookout for ambitious physicia...","SUNNYBROOK EMERGENCY MEDICINE

Are you an Emergency Physician seeking a challenging and rewarding opportunity in a dynamic and progressive healthcare environment? Sunnybrook Health Sciences Centre is seeking passionate individuals to join our team. We are always on the lookout for ambitious physicians who aim to leave their mark on the emergency medicine landscape, and we are fully dedicated to supporting you every step of the way to reach your goals. Sunnybrook is a tertiary care hospital in the heart of the Greater Toronto Area with 1.2 million patient visits annually including 64,000 ED visits. We serve as a regional referral centre for diverse specialties, including burns, stroke, cancer, interventional cardiology, neurosurgery, vascular, spinal surgery, and high-risk maternal/neonatal care. We function as the base hospital for Toronto EMS and are proud to be Canada’s largest trauma centre and the first hospital in Canada to be accredited by the American College of Surgeons as a Level 1 Trauma Centre.

We are a collaborative and collegial group of approximately 45 physicians with a commitment to academic success and clinical excellence. We prioritize group wellness and flexible scheduling due to our varied practice patterns and interests. These interests include pre-hospital care, quality improvement and patient safety, health services research, virtual care, technological innovation, ultrasound, and medical education. Clinically, we function in a well-resourced environment with a diverse, complex patient population. We have unparalleled support from specialist consultants and allied health, as well as comprehensive options for follow-up to ensure our patients receive the best care during and after their ED visit. 

Sunnybrook is fully affiliated with the University of Toronto and a core training site for the Emergency Medicine Residency Program and various Postgraduate and Fellowship Programs. Our staff are well-established leaders in medical education. We are a lead site for the residency program’s POCUS training, and our simulation program offers both teaching and continuing professional development opportunities in a high-fidelity, interprofessional, team-based environment.

Duties:

- Provide exemplary, efficient, and patient-centred clinical care

- Supervise and support bedside teaching of trainees

- Provide medical consults to in-field paramedic teams through our patch program

- Contribute to the academic priorities of the University through education, quality improvement, research, and/or administration

Requirements:

- FRCPC, CCFP-EM or DABEM certified in Emergency Medicine

- MD or equivalent 

- English proficiency 

- Eligible for licensure with the College of Physicians and Surgeons of Ontario 

- Strong clinical and teaching skills

- Though all are welcome to apply, Canadian citizens and permanent residents will be given priority

Remuneration:

Estimated compensation of $300,000-$400,000 per year based on full-time clinical work and academic contributions via our Alternate Funding Arrangement (AFA) and academic work via our Alternate Funding Plan (AFP). 

To apply, please submit the following documents:

Cover letter
Curriculum vitae
Three referee names and email addresses (including your most recent ED Chief or Program Director)

Submit to Sunnybrook Health Sciences Centre, care of Dr. Justin Hall, Chief, Department of Emergency Medicine (***@sunnybrook.ca (🔒 Premium)) and Ms. Paola Tiveron (***@sunnybrook.ca (🔒 Premium)). We will contact each of your three referees. For further inquiries or to arrange a meeting, please email us to schedule a virtual discussion.","","{""text"":""***@sunnybrook.ca (🔒 Premium)"",""url"":""/pricing""} | {""text"":""***@sunnybrook.ca (🔒 Premium)"",""url"":""/pricing""}","https://schema.org","JobPosting","Emergency Physician","SUNNYBROOK EMERGENCY MEDICINE Are you an Emergency Physician seeking a challenging and rewarding opportunity in a dynamic and progressive healthcare environment? Sunnybrook Health Sciences Centre is seeking passionate individuals to join our team. We are always on the lookout for ambitious physicians who aim to leave their mark on the emergency medicine landscape, and we are fully dedicated to supporting you every step of the way to reach your goals. Sunnybrook is a tertiary care hospital in the heart of the Greater Toronto Area with 1.2 million patient visits annually including 64,000 ED visits. We serve as a regional referral centre for diverse specialties, including burns, stroke, cancer, interventional cardiology, neurosurgery, vascular, spinal surgery, and high-risk maternal/neonatal care. We function as the base hospital for Toronto EMS and are proud to be Canada’s largest trauma centre and the first hospital in Canada to be accredited by the American College of Surgeons as a Level 1 Trauma Centre. We are a collaborative and collegial group of approximately 45 physicians with a commitment to academic success and clinical excellence. We prioritize group wellness and flexible scheduling due to our varied practice patterns and interests. These interests include pre-hospital care, quality improvement and patient safety, health services research, virtual care, technological innovation, ultrasound, and medical education. Clinically, we function in a well-resourced environment with a diverse, complex patient population. We have unparalleled support from specialist consultants and allied health, as well as comprehensive options for follow-up to ensure our patients receive the best care during and after their ED visit. Sunnybrook is fully affiliated with the University of Toronto and a core training site for the Emergency Medicine Residency Program and various Postgraduate and Fellowship Programs. Our staff are well-established leaders in medical education. We are a lead site for the residency program’s POCUS training, and our simulation program offers both teaching and continuing professional development opportunities in a high-fidelity, interprofessional, team-based environment. Duties : - Provide exemplary, efficient, and patient-centred clinical care - Supervise and support bedside teaching of trainees - Provide medical consults to in-field paramedic teams through our patch program - Contribute to the academic priorities of the University through education, quality improvement, research, and/or administration Requirements: - FRCPC, CCFP-EM or DABEM certified in Emergency Medicine - MD or equivalent - English proficiency - Eligible for licensure with the College of Physicians and Surgeons of Ontario - Strong clinical and teaching skills - Though all are welcome to apply, Canadian citizens and permanent residents will be given priority Remuneration: Estimated compensation of $300,000-$400,000 per year based on full-time clinical work and academic contributions via our Alternate Funding Arrangement (AFA) and academic work via our Alternate Funding Plan (AFP). To apply, please submit the following documents: Cover letter Curriculum vitae Three referee names and email addresses (including your most recent ED Chief or Program Director) Submit to Sunnybrook Health Sciences Centre, care of Dr. Justin Hall, Chief, Department of Emergency Medicine ( justin.hall@sunnybrook.ca ) and Ms. Paola Tiveron ( paola.tiveron@sunnybrook.ca ). We will contact each of your three referees. For further inquiries or to arrange a meeting, please email us to schedule a virtual discussion.","2025-12-03T00:00:00.000Z","2026-03-03T00:00:00.000Z","Organization","Sunnybrook Health Sciences Centre","Place","PostalAddress","2075 Bayview Avenue","Toronto","ON","M4N3M5","CA","PropertyValue","693123e7c3f810d0e6aca2de","2026-09-29T18:25:42.330Z","","","","","","full-time","","","","","","","","","","","","","","","","","","","","","","","","","","","","","","","","","","","","","Are you an Emergency Physician seeking a challenging and rewarding opportunity in a dynamic and progressive healthcare environment? Sunnybrook Health Sciences Centre is seeking passionate individuals to join our team. We are always on the lookout for ambitious physicians who aim to leave their mark on the emergency medicine landscape, and we are fully dedicated to supporting you every step of the way to reach your goals. Sunnybrook is a tertiary care hospital in the heart of the Greater Toronto Area with 1.2 million patient visits annually including 64,000 ED visits. We serve as a regional referral centre for diverse specialties, including burns, stroke, cancer, interventional cardiology, neurosurgery, vascular, spinal surgery, and high-risk maternal/neonatal care. We function as the base hospital for Toronto EMS and are proud to be Canada’s largest trauma centre and the first hospital in Canada to be accredited by the American College of Surgeons as a Level 1 Trauma Centre. | We are a collaborative and collegial group of approximately 45 physicians with a commitment to academic success and clinical excellence. We prioritize group wellness and flexible scheduling due to our varied practice patterns and interests. These interests include pre-hospital care, quality improvement and patient safety, health services research, virtual care, technological innovation, ultrasound, and medical education. Clinically, we function in a well-resourced environment with a diverse, complex patient population. We have unparalleled support from specialist consultants and allied health, as well as comprehensive options for follow-up to ensure our patients receive the best care during and after their ED visit. | Sunnybrook is fully affiliated with the University of Toronto and a core training site for the Emergency Medicine Residency Program and various Postgraduate and Fellowship Programs. Our staff are well-established leaders in medical education. We are a lead site for the residency program’s POCUS training, and our simulation program offers both teaching and continuing professional development opportunities in a high-fidelity, interprofessional, team-based environment. | Duties: | - Provide exemplary, efficient, and patient-centred clinical care | - Supervise and support bedside teaching of trainees | - Provide medical consults to in-field paramedic teams through our patch program | - Contribute to the academic priorities of the University through education, quality improvement, research, and/or administration","- FRCPC, CCFP-EM or DABEM certified in Emergency Medicine | - MD or equivalent | - English proficiency | - Eligible for licensure with the College of Physicians and Surgeons of Ontario | - Strong clinical and teaching skills | - Though all are welcome to apply, Canadian citizens and permanent residents will be given priority","Estimated compensation of $300,000-$400,000 per year based on full-time clinical work and academic contributions via our Alternate Funding Arrangement (AFA) and academic work via our Alternate Funding Plan (AFP).","Cover letter | Curriculum vitae | Three referee names and email addresses (including your most recent ED Chief or Program Director) | Submit to Sunnybrook Health Sciences Centre, care of Dr. Justin Hall, Chief, Department of Emergency Medicine (***@sunnybrook.ca (🔒 Premium)) and Ms. Paola Tiveron (***@sunnybrook.ca (🔒 Premium)). We will contact each of your three referees. For further inquiries or to arrange a meeting, please email us to schedule a virtual discussion.","","","","","","","","","","","","","","","","","","","","","","","","","","","","","","","","","","","","","","","","","","","","","","","","","","","","","","","","","","","","","","","","","","","","","","","","","","","","","","","","","","","","","",""
"68afdf8667c8cfe5b7ec47d3","https://physiciancareers.ca/jobs/paediatric-emergency-medicine-faculty-68afdf8667c8cfe5b7ec47d3?specialty=Emergency+Medicine&city=Toronto","Paediatric Emergency Medicine Faculty","Emergency Medicine","full-time","The Hospital for Sick Children","downtown toronto","ON","555 University Avenue","Toronto, ON","43.6532","-79.3832","0","","unspecified","","","","","","","","","","","true","false","false","true","true","Unlock application details with Premium","2025-08-25","","Effective immediately The Division of Paediatric Emergency Medicine is seeking a full-time permanent faculty position at the Hospital for Sick Children (SickKids), 555 University Ave., Toronto, ON which is an academic health science centre dedicated to the care of children: affiliated with the Unive...","Effective immediately The Division of Paediatric Emergency Medicine is seeking a full-time permanent faculty position at the Hospital for Sick Children (SickKids), 555 University Ave., Toronto, ON which is an academic health science centre dedicated to the care of children: affiliated with the University of Toronto.

 

The Emergency Department at SickKids sees more than 70,000 patient visits per year and is the Paediatric Level 1 Trauma Centre for the greater Toronto area. The division trains a broad range of practitioners who care for ill and injured children, the centerpiece of the division’s training mission is our fully accredited Fellowship training Program which matriculates Royal College fellows and international PEM fellows.

 

Formally trained PEM physicians with outstanding clinical skills and a commitment to academic success are encouraged to apply. International candidates with a strong academic portfolio, PEM fellowship training, and experience in an academic teaching center will be considered. Candidates with additional specialized training in machine learning, robotics, or pre-hospital medicine are preferred.

The successful candidate will be eligible for an academic appointment at the University of Toronto. Rank and salary ($268,340 – $318,823) per annum will be commensurate with qualifications and experience. The successful candidate will be eligible for a benefit package which includes medical, dental, life insurance, long term disability insurance, group insurance, pension plan, vision care, academic allowance, and a relocation package.




All candidates must be able to function proficiently in English, hold an MD, MBBS or equivalent thereto and be certified or eligible for certification by the Royal College of Physicians and Surgeons of Canada or have comparable qualifications. Candidates must hold or be eligible for licensure with the College of Physicians and Surgeons of Ontario.

 

Interested individuals should submit a letter of application and a curriculum vitae with the names and addresses of three references to Dr. Jason Fischer, Head, Division of Emergency Medicine,

The Hospital for Sick Children, 555 University Avenue, Toronto, ON M5G 1X8, Canada, or email ***@sickkids.ca (🔒 Premium).

For additional information regarding the Department of Paediatrics see http://www.sickkids.ca/paediatrics/. This position will remain open until filled.

 

The University of Toronto and The Hospital for Sick Children are strongly committed to diversity within its community. Both institutions recognize systemic barriers that impact equity seeking groups. As such, we welcome applications from historically marginalized groups including Black, Indigenous, and Racialized people, women, LGBTQIA+, and/or persons with disabilities. The Department recognizes and fairly considers the impact of leaves (e.g., family care or health-related) that may contribute to career interruptions or slowdowns. Candidates are encouraged to signal any leave that affected productivity, or that may have influenced their career path. This information will be considered to ensure the equitable assessment of the candidate’s record. The Department further supports an employment equity program and encourages members of designated equity groups to self-identify. It further seeks to ensure equitable treatment and full inclusion of persons with disabilities. Persons with disabilities who anticipate needing accommodations for any part of the application process may contact, in confidence, Meagan Cameira, Executive Assistant to the Chair at ***@sickkids.ca (🔒 Premium)"" target=""_blank"" style=""font-size: 10pt;"">***@sickkids.ca (🔒 Premium) or***-***-**** (🔒 Premium).

All qualified applicants are encouraged to apply; however, in accordance with Canadian immigration requirements, Canadians and permanent residents will be given priority. Only those applicants selected for the interview will be contacted.","Effective immediately The Division of Paediatric Emergency Medicine is seeking a full-time permanent faculty position at the Hospital for Sick Children (SickKids), 555 University Ave., Toronto, ON which is an academic health science centre dedicated to the care of children: affiliated with the University of Toronto. | The Emergency Department at SickKids sees more than 70,000 patient visits per year and is the Paediatric Level 1 Trauma Centre for the greater Toronto area. The division trains a broad range of practitioners who care for ill and injured children, the centerpiece of the division’s training mission is our fully accredited Fellowship training Program which matriculates Royal College fellows and international PEM fellows. | Formally trained PEM physicians with outstanding clinical skills and a commitment to academic success are encouraged to apply. International candidates with a strong academic portfolio, PEM fellowship training, and experience in an academic teaching center will be considered. Candidates with additional specialized training in machine learning, robotics, or pre-hospital medicine are preferred. | The successful candidate will be eligible for an academic appointment at the University of Toronto. Rank and salary ($268,340 – $318,823) per annum will be commensurate with qualifications and experience. The successful candidate will be eligible for a benefit package which includes medical, dental, life insurance, long term disability insurance, group insurance, pension plan, vision care, academic allowance, and a relocation package. | All candidates must be able to function proficiently in English, hold an MD, MBBS or equivalent thereto and be certified or eligible for certification by the Royal College of Physicians and Surgeons of Canada or have comparable qualifications. Candidates must hold or be eligible for licensure with the College of Physicians and Surgeons of Ontario. | Interested individuals should submit a letter of application and a curriculum vitae with the names and addresses of three references to Dr. Jason Fischer, Head, Division of Emergency Medicine, | The Hospital for Sick Children, 555 University Avenue, Toronto, ON M5G 1X8, Canada, or email ***@sickkids.ca (🔒 Premium). | For additional information regarding the Department of Paediatrics see http://www.sickkids.ca/paediatrics/. This position will remain open until filled. | The University of Toronto and The Hospital for Sick Children are strongly committed to diversity within its community. Both institutions recognize systemic barriers that impact equity seeking groups. As such, we welcome applications from historically marginalized groups including Black, Indigenous, and Racialized people, women, LGBTQIA+, and/or persons with disabilities. The Department recognizes and fairly considers the impact of leaves (e.g., family care or health-related) that may contribute to career interruptions or slowdowns. Candidates are encouraged to signal any leave that affected productivity, or that may have influenced their career path. This information will be considered to ensure the equitable assessment of the candidate’s record. The Department further supports an employment equity program and encourages members of designated equity groups to self-identify. It further seeks to ensure equitable treatment and full inclusion of persons with disabilities. Persons with disabilities who anticipate needing accommodations for any part of the application process may contact, in confidence, Meagan Cameira, Executive Assistant to the Chair at ***@sickkids.ca (🔒 Premium)"" target=""_blank"" style=""font-size: 10pt;"">***@sickkids.ca (🔒 Premium) or***-***-**** (🔒 Premium). | All qualified applicants are encouraged to apply; however, in accordance with Canadian immigration requirements, Canadians and permanent residents will be given priority. Only those applicants selected for the interview will be contacted.","{""text"":""***@sickkids.ca (🔒 Premium)"",""url"":""/pricing""} | {""text"":""http://www.sickkids.ca/paediatrics/"",""url"":""http://www.sickkids.ca/paediatrics/""} | {""text"":""***@sickkids.ca (🔒 Premium)"",""url"":""mailto:meagan<a href=""} | {""text"":""***@sickkids.ca (🔒 Premium)"",""url"":""/pricing""} | {""text"":""***-***-**** (🔒 Premium)"",""url"":""/pricing""}","https://schema.org","JobPosting","Paediatric Emergency Medicine Faculty","Effective immediately The Division of Paediatric Emergency Medicine is seeking a full-time permanent faculty position at the Hospital for Sick Children (SickKids), 555 University Ave., Toronto, ON which is an academic health science centre dedicated to the care of children: affiliated with the University of Toronto. The Emergency Department at SickKids sees more than 70,000 patient visits per year and is the Paediatric Level 1 Trauma Centre for the greater Toronto area. The division trains a broad range of practitioners who care for ill and injured children, the centerpiece of the division’s training mission is our fully accredited Fellowship training Program which matriculates Royal College fellows and international PEM fellows. Formally trained PEM physicians with outstanding clinical skills and a commitment to academic success are encouraged to apply. International candidates with a strong academic portfolio, PEM fellowship training, and experience in an academic teaching center will be considered. Candidates with additional specialized training in machine learning, robotics, or pre-hospital medicine are preferred. The successful candidate will be eligible for an academic appointment at the University of Toronto. Rank and salary ($268,340 – $318,823) per annum will be commensurate with qualifications and experience. The successful candidate will be eligible for a benefit package which includes medical, dental, life insurance, long term disability insurance, group insurance, pension plan, vision care, academic allowance, and a relocation package. All candidates must be able to function proficiently in English, hold an MD, MBBS or equivalent thereto and be certified or eligible for certification by the Royal College of Physicians and Surgeons of Canada or have comparable qualifications. Candidates must hold or be eligible for licensure with the College of Physicians and Surgeons of Ontario. Interested individuals should submit a letter of application and a curriculum vitae with the names and addresses of three references to Dr. Jason Fischer, Head, Division of Emergency Medicine, The Hospital for Sick Children, 555 University Avenue, Toronto, ON M5G 1X8, Canada, or email jason.fischer@sickkids.ca . For additional information regarding the Department of Paediatrics see http://www.sickkids.ca/paediatrics/ . This position will remain open until filled. The University of Toronto and The Hospital for Sick Children are strongly committed to diversity within its community. Both institutions recognize systemic barriers that impact equity seeking groups. As such, we welcome applications from historically marginalized groups including Black, Indigenous, and Racialized people, women, LGBTQIA+, and/or persons with disabilities. The Department recognizes and fairly considers the impact of leaves (e.g., family care or health-related) that may contribute to career interruptions or slowdowns. Candidates are encouraged to signal any leave that affected productivity, or that may have influenced their career path. This information will be considered to ensure the equitable assessment of the candidate’s record. The Department further supports an employment equity program and encourages members of designated equity groups to self-identify. It further seeks to ensure equitable treatment and full inclusion of persons with disabilities. Persons with disabilities who anticipate needing accommodations for any part of the application process may contact, in confidence, Meagan Cameira, Executive Assistant to the Chair at meagan.cameira@sickkids.ca or 416.813.6122. All qualified applicants are encouraged to apply; however, in accordance with Canadian immigration requirements, Canadians and permanent residents will be given priority. Only those applicants selected for the interview will be contacted.","2025-08-25T00:00:00.000Z","2025-11-23T00:00:00.000Z","Organization","The Hospital for Sick Children","Place","PostalAddress","555 University Avenue","Toronto","ON","M5G1X8","CA","PropertyValue","68afdf8667c8cfe5b7ec47d3","2026-09-29T18:25:42.904Z","","","","","","full-time","","","","","","","","","","","","","","","","","","","","","","","","","","","","","","","","","","","","","","","","","","","","","","","","","","","","","","","","","","","","","","","","","","","","","","","","","","","","","","","","","","","","","","","","","","","","","","","","","","","","","","","","","","","","","","","","","","","","","","","","","","","","","",""
"689e968a30088ea7ed2fc69e","https://physiciancareers.ca/jobs/emergency-physician-689e968a30088ea7ed2fc69e?specialty=Emergency+Medicine&city=Toronto","Emergency Physician","Emergency Medicine","full-time","Sunnybrook Health Sciences Centre","downtown toronto","ON","2075 Bayview Avenue","Toronto, ON","43.6532","-79.3832","0","Alternate Payment Plan","annual","300000","400000","350000","350000","","","","","","","true","false","true","true","true","Unlock application details with Premium","2025-05-05","","SUNNYBROOK EMERGENCY MEDICINE

Are you an Emergency Physician seeking a challenging and rewarding opportunity in a dynamic and progressive healthcare environment? Sunnybrook Health Sciences Centre is seeking passionate individuals to join our team. We are always on the lookout for ambitious physicia...","SUNNYBROOK EMERGENCY MEDICINE

Are you an Emergency Physician seeking a challenging and rewarding opportunity in a dynamic and progressive healthcare environment? Sunnybrook Health Sciences Centre is seeking passionate individuals to join our team. We are always on the lookout for ambitious physicians who aim to leave their mark on the emergency medicine landscape, and we are fully dedicated to supporting you every step of the way to reach your goals. Sunnybrook is a tertiary care hospital in the heart of the Greater Toronto Area with 1.2 million patient visits annually including 64,000 ED visits. We serve as a regional referral centre for diverse specialties, including burns, stroke, cancer, interventional cardiology, neurosurgery, vascular, spinal surgery, and high-risk maternal/neonatal care. We function as the base hospital for Toronto EMS and are proud to be Canada’s largest trauma centre and the first hospital in Canada to be accredited by the American College of Surgeons as a Level 1 Trauma Centre.

We are a collaborative and collegial group of approximately 45 physicians with a commitment to academic success and clinical excellence. We prioritize group wellness and flexible scheduling due to our varied practice patterns and interests. These interests include pre-hospital care, quality improvement and patient safety, health services research, virtual care, technological innovation, ultrasound, and medical education. Clinically, we function in a well-resourced environment with a diverse, complex patient population. We have unparalleled support from specialist consultants and allied health, as well as comprehensive options for follow-up to ensure our patients receive the best care during and after their ED visit. 

Sunnybrook is fully affiliated with the University of Toronto and a core training site for the Emergency Medicine Residency Program and various Postgraduate and Fellowship Programs. Our staff are well-established leaders in medical education. We are a lead site for the residency program’s POCUS training, and our simulation program offers both teaching and continuing professional development opportunities in a high-fidelity, interprofessional, team-based environment.

Duties:

- Provide exemplary, efficient, and patient-centred clinical care

- Supervise and support bedside teaching of trainees

- Provide medical consults to in-field paramedic teams through our patch program

- Contribute to the academic priorities of the University through education, quality improvement, research, and/or administration

Requirements:

- FRCPC, CCFP-EM or DABEM certified in Emergency Medicine

- MD or equivalent 

- English proficiency 

- Eligible for licensure with the College of Physicians and Surgeons of Ontario 

- Strong clinical and teaching skills

- Though all are welcome to apply, Canadian citizens and permanent residents will be given priority

Remuneration:

Estimated compensation of $300,000-$400,000 per year based on full-time clinical work and academic contributions via our Alternate Funding Arrangement (AFA) and academic work via our Alternate Funding Plan (AFP). 

To apply, please submit the following documents by end of the day September 2, 2025:

- Cover letter

- Curriculum vitae

- Three referee names and email addresses (including your most recent ED Chief or Program Director)

Submit to Sunnybrook Health Sciences Centre, care of Dr. Justin Hall, Chief, Department of Emergency Medicine (***@sunnybrook.ca (🔒 Premium)"" target=""_blank"">***@sunnybrook.ca (🔒 Premium)) and Ms. Paola Tiveron (***@sunnybrook.ca (🔒 Premium)"" target=""_blank"">***@sunnybrook.ca (🔒 Premium)). We will contact each of your three referees. For further inquiries or to arrange a meeting, please email us to schedule a virtual discussion.","SUNNYBROOK EMERGENCY MEDICINE | Are you an Emergency Physician seeking a challenging and rewarding opportunity in a dynamic and progressive healthcare environment? Sunnybrook Health Sciences Centre is seeking passionate individuals to join our team. We are always on the lookout for ambitious physicians who aim to leave their mark on the emergency medicine landscape, and we are fully dedicated to supporting you every step of the way to reach your goals. Sunnybrook is a tertiary care hospital in the heart of the Greater Toronto Area with 1.2 million patient visits annually including 64,000 ED visits. We serve as a regional referral centre for diverse specialties, including burns, stroke, cancer, interventional cardiology, neurosurgery, vascular, spinal surgery, and high-risk maternal/neonatal care. We function as the base hospital for Toronto EMS and are proud to be Canada’s largest trauma centre and the first hospital in Canada to be accredited by the American College of Surgeons as a Level 1 Trauma Centre. | We are a collaborative and collegial group of approximately 45 physicians with a commitment to academic success and clinical excellence. We prioritize group wellness and flexible scheduling due to our varied practice patterns and interests. These interests include pre-hospital care, quality improvement and patient safety, health services research, virtual care, technological innovation, ultrasound, and medical education. Clinically, we function in a well-resourced environment with a diverse, complex patient population. We have unparalleled support from specialist consultants and allied health, as well as comprehensive options for follow-up to ensure our patients receive the best care during and after their ED visit. | Sunnybrook is fully affiliated with the University of Toronto and a core training site for the Emergency Medicine Residency Program and various Postgraduate and Fellowship Programs. Our staff are well-established leaders in medical education. We are a lead site for the residency program’s POCUS training, and our simulation program offers both teaching and continuing professional development opportunities in a high-fidelity, interprofessional, team-based environment. | Duties: | - Provide exemplary, efficient, and patient-centred clinical care | - Supervise and support bedside teaching of trainees | - Provide medical consults to in-field paramedic teams through our patch program | - Contribute to the academic priorities of the University through education, quality improvement, research, and/or administration","{""text"":""***@sunnybrook.ca (🔒 Premium)"",""url"":""mailto:justin<a href=""} | {""text"":""***@sunnybrook.ca (🔒 Premium)"",""url"":""/pricing""} | {""text"":""***@sunnybrook.ca (🔒 Premium)"",""url"":""mailto:paola<a href=""} | {""text"":""***@sunnybrook.ca (🔒 Premium)"",""url"":""/pricing""}","https://schema.org","JobPosting","Emergency Physician","S UNNYBROOK EMERGENCY MEDICINE Are you an Emergency Physician seeking a challenging and rewarding opportunity in a dynamic and progressive healthcare environment? Sunnybrook Health Sciences Centre is seeking passionate individuals to join our team. We are always on the lookout for ambitious physicians who aim to leave their mark on the emergency medicine landscape, and we are fully dedicated to supporting you every step of the way to reach your goals. Sunnybrook is a tertiary care hospital in the heart of the Greater Toronto Area with 1.2 million patient visits annually including 64,000 ED visits. We serve as a regional referral centre for diverse specialties, including burns, stroke, cancer, interventional cardiology, neurosurgery, vascular, spinal surgery, and high-risk maternal/neonatal care. We function as the base hospital for Toronto EMS and are proud to be Canada’s largest trauma centre and the first hospital in Canada to be accredited by the American College of Surgeons as a Level 1 Trauma Centre. We are a collaborative and collegial group of approximately 45 physicians with a commitment to academic success and clinical excellence. We prioritize group wellness and flexible scheduling due to our varied practice patterns and interests. These interests include pre-hospital care, quality improvement and patient safety, health services research, virtual care, technological innovation, ultrasound, and medical education. Clinically, we function in a well-resourced environment with a diverse, complex patient population. We have unparalleled support from specialist consultants and allied health, as well as comprehensive options for follow-up to ensure our patients receive the best care during and after their ED visit. Sunnybrook is fully affiliated with the University of Toronto and a core training site for the Emergency Medicine Residency Program and various Postgraduate and Fellowship Programs. Our staff are well-established leaders in medical education. We are a lead site for the residency program’s POCUS training, and our simulation program offers both teaching and continuing professional development opportunities in a high-fidelity, interprofessional, team-based environment. Duties : - Provide exemplary, efficient, and patient-centred clinical care - Supervise and support bedside teaching of trainees - Provide medical consults to in-field paramedic teams through our patch program - Contribute to the academic priorities of the University through education, quality improvement, research, and/or administration Requirements: - FRCPC, CCFP-EM or DABEM certified in Emergency Medicine - MD or equivalent - English proficiency - Eligible for licensure with the College of Physicians and Surgeons of Ontario - Strong clinical and teaching skills - Though all are welcome to apply, Canadian citizens and permanent residents will be given priority Remuneration: Estimated compensation of $300,000-$400,000 per year based on full-time clinical work and academic contributions via our Alternate Funding Arrangement (AFA) and academic work via our Alternate Funding Plan (AFP). To apply, please submit the following documents by end of the day September 2, 2025: - Cover letter - Curriculum vitae - T hree referee names and email addresses (including your most recent ED Chief or Program Director) Submit to Sunnybrook Health Sciences Centre, care of Dr. Justin Hall, Chief, Department of Emergency Medicine ( justin.hall@sunnybrook.ca ) and Ms. Paola Tiveron ( paola.tiveron@sunnybrook.ca ). We will contact each of your three referees. For further inquiries or to arrange a meeting, please email us to schedule a virtual discussion.","2025-05-05T00:00:00.000Z","2025-08-25T00:00:00.000Z","Organization","Sunnybrook Health Sciences Centre","Place","PostalAddress","2075 Bayview Avenue","Toronto","ON","M4N3M5","CA","PropertyValue","689e968a30088ea7ed2fc69e","2026-09-29T18:25:43.770Z","","","","","","full-time","","","","","","","","","","","","","","","","","","","","","","","","","","","","","","","","","","","","","","- FRCPC, CCFP-EM or DABEM certified in Emergency Medicine | - MD or equivalent | - English proficiency | - Eligible for licensure with the College of Physicians and Surgeons of Ontario | - Strong clinical and teaching skills | - Though all are welcome to apply, Canadian citizens and permanent residents will be given priority","Estimated compensation of $300,000-$400,000 per year based on full-time clinical work and academic contributions via our Alternate Funding Arrangement (AFA) and academic work via our Alternate Funding Plan (AFP).","","- Cover letter | - Curriculum vitae | - Three referee names and email addresses (including your most recent ED Chief or Program Director) | Submit to Sunnybrook Health Sciences Centre, care of Dr. Justin Hall, Chief, Department of Emergency Medicine (***@sunnybrook.ca (🔒 Premium)"" target=""_blank"">***@sunnybrook.ca (🔒 Premium)) and Ms. Paola Tiveron (***@sunnybrook.ca (🔒 Premium)"" target=""_blank"">***@sunnybrook.ca (🔒 Premium)). We will contact each of your three referees. For further inquiries or to arrange a meeting, please email us to schedule a virtual discussion.","","","","","","","","","","","","","","","","","","","","","","","","","","","","","","","","","","","","","","","","","","","","","","","","","","","","","","","","","","","","","","","","","","","","","","","","","","","","","","","","","","","","",""
"","https://physiciancareers.ca/jobs?specialty=Family+Medicine&city=Toronto","","Family Medicine","full-time","Private Practice","downtown toronto","ON","","Toronto, ON","43.6532","-79.3832","0","","unspecified","","","","","","","","","","","false","false","false","false","false","","","","","","","","","","","","","","","","","","","","","","","","","2026-09-29T18:25:46.636Z","","","","","","","","","","","","","","","","","","","","","","","","","","","","","","","","","","","","","","","","","","","","","","","","","","","","","","","","","","","","","","","","","","","","","","","","","","","","","","","","","","","","","","","","","","","","","","","","","","","","","","","","","","","","","","","","","","","","","","","","","","","","","","","","","","","",""
"6a30daaf819ddc5dc2c373ab","https://physiciancareers.ca/jobs/test-emergency-physician-b-6a30daaf819ddc5dc2c373ab","Test Emergency Physician B","Family Medicine","full-time","Test Org-Mariam Malu","downtown toronto","ON","","Toronto, ON","43.6532","-79.3832","0","","unspecified","","","","","","","","","","","false","false","false","false","false","","","","","","","","","","","","","","","","","","","","","","","","","2026-09-29T18:25:46.690Z","","","","","","","","","","","","","","","","","","","","","","","","","","","","","","","","","","","","","","","","","","","","","","","","","","","","","","","","","","","","","","","","","","","","","","","","","","","","","","","","","","","","","","","","","","","","","","","","","","","","","","","","","","","","","","","","","","","","","","","","","","","","","","","","","","","",""
"69bb5f86db676bd8986abc5e","https://physiciancareers.ca/jobs/division-of-paediatric-emergency-medicine-faculty-position-69bb5f86db676bd8986abc5e","Division of Paediatric Emergency Medicine. Faculty position","Family Medicine","full-time","The Hospital for Sick Children","downtown toronto","ON","","Toronto, ON","43.6532","-79.3832","0","","unspecified","","","","","","","","","","","true","false","false","false","false","","","","","","","","","","","","","","","","","","","","","","","","","2026-09-29T18:25:46.717Z","","","","","","","","","","","","","","","","","","","","","","","","","","","","","","","","","","","","","","","","","","","","","","","","","","","","","","","","","","","","","","","","","","","","","","","","","","","","","","","","","","","","","","","","","","","","","","","","","","","","","","","","","","","","","","","","","","","","","","","","","","","","","","","","","","","",""
"69b8e22f1e656e769e5f6e4e","https://physiciancareers.ca/jobs/emergency-physicians-69b8e22f1e656e769e5f6e4e","Emergency Physicians","Family Medicine","full-time","Sunnybrook Health Sciences Centre","downtown toronto","ON","","Toronto, ON","43.6532","-79.3832","0","Fee-For-Service","unspecified","","","","","","","","","","","true","false","false","false","false","","","","","","","","","","","","","","","","","","","","","","","","","2026-09-29T18:25:46.750Z","","","","","","","","","","","","","","","","","","","","","","","","","","","","","","","","","","","","","","","","","","","","","","","","","","","","","","","","","","","","","","","","","","","","","","","","","","","","","","","","","","","","","","","","","","","","","","","","","","","","","","","","","","","","","","","","","","","","","","","","","","","","","","","","","","","",""
"69960affeb882ca80774cd21","https://physiciancareers.ca/jobs/division-of-paediatric-emergency-medicine-faculty-position-69960affeb882ca80774cd21","Division of Paediatric Emergency Medicine. Faculty position","Family Medicine","full-time","The Hospital for Sick Children","downtown toronto","ON","","Toronto, ON","43.6532","-79.3832","0","","unspecified","","","","","","","","","","","true","false","false","false","false","","","","","","","","","","","","","","","","","","","","","","","","","2026-09-29T18:25:46.786Z","","","","","","","","","","","","","","","","","","","","","","","","","","","","","","","","","","","","","","","","","","","","","","","","","","","","","","","","","","","","","","","","","","","","","","","","","","","","","","","","","","","","","","","","","","","","","","","","","","","","","","","","","","","","","","","","","","","","","","","","","","","","","","","","","","","",""
"693123e7c3f810d0e6aca2de","https://physiciancareers.ca/jobs/emergency-physician-693123e7c3f810d0e6aca2de","Emergency Physician","Family Medicine","full-time","Sunnybrook Health Sciences Centre","downtown toronto","ON","","Toronto, ON","43.6532","-79.3832","0","Alternate Payment Plan","unspecified","","","","","","","","","","","true","false","false","false","false","","","","","","","","","","","","","","","","","","","","","","","","","2026-09-29T18:25:46.826Z","","","","","","","","","","","","","","","","","","","","","","","","","","","","","","","","","","","","","","","","","","","","","","","","","","","","","","","","","","","","","","","","","","","","","","","","","","","","","","","","","","","","","","","","","","","","","","","","","","","","","","","","","","","","","","","","","","","","","","","","","","","","","","","","","","","",""
"68afdf8667c8cfe5b7ec47d3","https://physiciancareers.ca/jobs/paediatric-emergency-medicine-faculty-68afdf8667c8cfe5b7ec47d3","Paediatric Emergency Medicine Faculty","Family Medicine","full-time","The Hospital for Sick Children","downtown toronto","ON","","Toronto, ON","43.6532","-79.3832","0","","unspecified","","","","","","","","","","","true","false","false","false","false","","","","","","","","","","","","","","","","","","","","","","","","","2026-09-29T18:25:46.885Z","","","","","","","","","","","","","","","","","","","","","","","","","","","","","","","","","","","","","","","","","","","","","","","","","","","","","","","","","","","","","","","","","","","","","","","","","","","","","","","","","","","","","","","","","","","","","","","","","","","","","","","","","","","","","","","","","","","","","","","","","","","","","","","","","","","",""
"689e968a30088ea7ed2fc69e","https://physiciancareers.ca/jobs/emergency-physician-689e968a30088ea7ed2fc69e","Emergency Physician","Family Medicine","full-time","Sunnybrook Health Sciences Centre","downtown toronto","ON","","Toronto, ON","43.6532","-79.3832","0","Alternate Payment Plan","unspecified","","","","","","","","","","","true","false","false","false","false","","","","","","","","","","","","","","","","","","","","","","","","","2026-09-29T18:25:46.917Z","","","","","","","","","","","","","","","","","","","","","","","","","","","","","","","","","","","","","","","","","","","","","","","","","","","","","","","","","","","","","","","","","","","","","","","","","","","","","","","","","","","","","","","","","","","","","","","","","","","","","","","","","","","","","","","","","","","","","","","","","","","","","","","","","","","",""
"6aa8d3e45ffbbbfeb63fe82f","https://physiciancareers.ca/jobs?specialty=Internal+Medicine&city=Toronto","Internist with Cardiology Focus","Internal Medicine","part-time","SP Cardio Clinics","downtown toronto","ON","491 Lawrence Avenue West","Toronto, ON","43.6532","-79.3832","0","","unspecified","","","","","","","","","","","false","false","false","true","true","Unlock application details with Premium","2026-09-14","","Job type: Full-time, Part-time or Flexible

 

MDSearch is recruiting Internists with a cardiology focus to join a dynamic and progressive team in Toronto, Ontario. This is an excellent opportunity for recent graduates or experienced professionals seeking dynamic environments.

 

As a General Inter...","Job type: Full-time, Part-time or Flexible

 

MDSearch is recruiting Internists with a cardiology focus to join a dynamic and progressive team in Toronto, Ontario. This is an excellent opportunity for recent graduates or experienced professionals seeking dynamic environments.

 

As a General Internist, your role will involve delivering comprehensive care to patients with cardiac and vascular conditions, while also performing diagnostic procedures. You will collaborate closely with a multidisciplinary team that includes Cardiologists, General Internists, and specialized cardiac care nurses to ensure the highest standard of patient care.

 

This position offers the chance to work in a modern, well-equipped facility with a talented and experienced team. It presents a valuable opportunity to enhance your clinical expertise and contribute to advancements in cardiac and vascular care. Whether you’re looking for a full-time, part-time, or flexible schedule, this role provides a fulfilling career path in cardiology, enabling you to make a meaningful impact on patients' health and well-being.

 

ABOUT THE CLINIC

The clinic offers a full range of diagnostic services, including nuclear testing, echocardiograms, cardiac sonography, stress tests, stress echo testing, Holter monitoring, and blood pressure monitoring.

 

This professionally managed clinic is dedicated to delivering the highest quality patient care. A skilled team ensures all administrative and clinical operations are handled to an exceptional standard, allowing physicians to focus entirely on patient care. As part of an established and integral cardiology service in the region, the clinic offers a comprehensive range of diagnostic testing. You will join a team that understands each patient is unique and strives to develop personalized treatment plans for everyone.

 




Requirements
Independent Practice Certificate of Registration from the College of Physicians and Surgeons of Ontario (CPSO)
Membership in good standing with the College of Physicians and Surgeons of Ontario (CPSO)
Royal College certification in General Internal Medicine (or pending certification)
US-trained specialists are exempt from The Royal College of Physicians and Surgeons eligibility requirements (US Board Certified Physicians are eligible for an independent license in Ontario)
Internationally trained candidates who pass the subspecialty exam being launched by the CPSO (College of Physicians and Surgeons of Ontario) will be considered
Medical liability insurance from the Canadian Medical Protective Association (CMPA) or equivalent required, appropriate to the category of practice
Benefits
100% of your billing during the first month to support your ramp-up period
Competitive overhead
Set your own schedule, including evenings and weekends
Control your patient volume to maximize income. 
Partnership opportunities available in future
Dedicated administrative, medical records personnel, nuclear medicine and ECG technicians
Flexible schedule, allowing you to manage patient volume at your comfort level, with established demand and patient flow.

 

To apply: Send your CV to ***@mdsearch.ca (🔒 Premium).","Job type: Full-time, Part-time or Flexible | MDSearch is recruiting Internists with a cardiology focus to join a dynamic and progressive team in Toronto, Ontario. This is an excellent opportunity for recent graduates or experienced professionals seeking dynamic environments. | As a General Internist, your role will involve delivering comprehensive care to patients with cardiac and vascular conditions, while also performing diagnostic procedures. You will collaborate closely with a multidisciplinary team that includes Cardiologists, General Internists, and specialized cardiac care nurses to ensure the highest standard of patient care. | This position offers the chance to work in a modern, well-equipped facility with a talented and experienced team. It presents a valuable opportunity to enhance your clinical expertise and contribute to advancements in cardiac and vascular care. Whether you’re looking for a full-time, part-time, or flexible schedule, this role provides a fulfilling career path in cardiology, enabling you to make a meaningful impact on patients' health and well-being.","{""text"":""***@mdsearch.ca (🔒 Premium)"",""url"":""/pricing""}","https://schema.org","JobPosting","Internist with Cardiology Focus","Job type: Full-time, Part-time or Flexible MDSearch is recruiting Internists with a cardiology focus to join a dynamic and progressive team in Toronto, Ontario. This is an excellent opportunity for recent graduates or experienced professionals seeking dynamic environments. As a General Internist, your role will involve delivering comprehensive care to patients with cardiac and vascular conditions, while also performing diagnostic procedures. You will collaborate closely with a multidisciplinary team that includes Cardiologists, General Internists, and specialized cardiac care nurses to ensure the highest standard of patient care. This position offers the chance to work in a modern, well-equipped facility with a talented and experienced team. It presents a valuable opportunity to enhance your clinical expertise and contribute to advancements in cardiac and vascular care. Whether you’re looking for a full-time, part-time, or flexible schedule, this role provides a fulfilling career path in cardiology, enabling you to make a meaningful impact on patients&#39; health and well-being. ABOUT THE CLINIC The clinic offers a full range of diagnostic services, including nuclear testing, echocardiograms, cardiac sonography, stress tests, stress echo testing, Holter monitoring, and blood pressure monitoring. This professionally managed clinic is dedicated to delivering the highest quality patient care. A skilled team ensures all administrative and clinical operations are handled to an exceptional standard, allowing physicians to focus entirely on patient care. As part of an established and integral cardiology service in the region, the clinic offers a comprehensive range of diagnostic testing. You will join a team that understands each patient is unique and strives to develop personalized treatment plans for everyone. Requirements Independent Practice Certificate of Registration from the College of Physicians and Surgeons of Ontario (CPSO) Membership in good standing with the College of Physicians and Surgeons of Ontario (CPSO) Royal College certification in General Internal Medicine (or pending certification) US-trained specialists are exempt from The Royal College of Physicians and Surgeons eligibility requirements (US Board Certified Physicians are eligible for an independent license in Ontario) Internationally trained candidates who pass the subspecialty exam being launched by the CPSO (College of Physicians and Surgeons of Ontario) will be considered Medical liability insurance from the Canadian Medical Protective Association (CMPA) or equivalent required, appropriate to the category of practice Benefits 100% of your billing during the first month to support your ramp-up period Competitive overhead Set your own schedule, including evenings and weekends Control your patient volume to maximize income. Partnership opportunities available in future Dedicated administrative, medical records personnel, nuclear medicine and ECG technicians Flexible schedule, allowing you to manage patient volume at your comfort level, with established demand and patient flow. To apply: Send your CV to Kaizen@mdsearch.ca.","2026-09-14T00:00:00.000Z","2026-12-13T00:00:00.000Z","Organization","SP Cardio Clinics","Place","PostalAddress","491 Lawrence Avenue West","Toronto","ON","M5M1C7","CA","PropertyValue","6aa8d3e45ffbbbfeb63fe82f","2026-09-29T18:25:50.292Z","","","","","","part-time","","","","","","","","","","","","","","","","","","","","","","","","","","","","","","","","","","","","","","Independent Practice Certificate of Registration from the College of Physicians and Surgeons of Ontario (CPSO) | Membership in good standing with the College of Physicians and Surgeons of Ontario (CPSO) | Royal College certification in General Internal Medicine (or pending certification) | US-trained specialists are exempt from The Royal College of Physicians and Surgeons eligibility requirements (US Board Certified Physicians are eligible for an independent license in Ontario) | Internationally trained candidates who pass the subspecialty exam being launched by the CPSO (College of Physicians and Surgeons of Ontario) will be considered | Medical liability insurance from the Canadian Medical Protective Association (CMPA) or equivalent required, appropriate to the category of practice","","","","","The clinic offers a full range of diagnostic services, including nuclear testing, echocardiograms, cardiac sonography, stress tests, stress echo testing, Holter monitoring, and blood pressure monitoring. | This professionally managed clinic is dedicated to delivering the highest quality patient care. A skilled team ensures all administrative and clinical operations are handled to an exceptional standard, allowing physicians to focus entirely on patient care. As part of an established and integral cardiology service in the region, the clinic offers a comprehensive range of diagnostic testing. You will join a team that understands each patient is unique and strives to develop personalized treatment plans for everyone.","100% of your billing during the first month to support your ramp-up period | Competitive overhead | Set your own schedule, including evenings and weekends | Control your patient volume to maximize income. | Partnership opportunities available in future | Dedicated administrative, medical records personnel, nuclear medicine and ECG technicians | Flexible schedule, allowing you to manage patient volume at your comfort level, with established demand and patient flow. | To apply: Send your CV to ***@mdsearch.ca (🔒 Premium).","","","","","","","","","","","","","","","","","","","","","","","","","","","","","","","","","","","","","","","","","","","","","","","","","","","","","","","","","","","","","","","","","","","","","","","","","","","","","","","","","",""
"6a23ac5476abc2c85ce7a9d3","https://physiciancareers.ca/jobs/allergistclinical-immunologist-6a23ac5476abc2c85ce7a9d3?specialty=Internal+Medicine&city=Toronto","Allergist/Clinical Immunologist","Internal Medicine","full-time","Watson Medical Clinic","forest hill","ON","561 Eglinton Avenue West","Old Toronto, ON","43.698","-79.412","5.49","","unspecified","","","","","","","","","","","false","true","false","true","true","Unlock application details with Premium","2026-09-11","","About Watson Medical Clinic

Watson Medical Clinic is a primary care practice dedicated to delivering comprehensive, patient-centered healthcare to the Forest Hill community and surrounding areas. Our collaborative team of physicians and allied health professionals is committed to clinical excellenc...","About Watson Medical Clinic

Watson Medical Clinic is a primary care practice dedicated to delivering comprehensive, patient-centered healthcare to the Forest Hill community and surrounding areas. Our collaborative team of physicians and allied health professionals is committed to clinical excellence, preventive care, and building lasting relationships with our patients.

As we continue to grow, we are seeking a skilled and dedicated Allergist/Immunologist to join our multidisciplinary team and expand our in-house specialty services.

Position Overview

The Allergist/Immunologist will work closely with our primary care physicians to evaluate, diagnose, and manage patients with allergic, asthmatic, and immunologic conditions. This is an exciting opportunity to build a thriving allergy practice within an established, well-supported clinic environment.




Key Responsibilities

• Conduct comprehensive evaluations and consultations for patients referred by our primary care physicians

• Diagnose and manage a broad range of allergic and immunologic conditions including asthma, allergic rhinitis, food allergies, eczema, urticaria, anaphylaxis, and primary immunodeficiency disorders

• Perform and interpret allergy skin testing, spirometry, pulmonary function tests, and other diagnostic procedures

• Develop and implement individualized treatment and immunotherapy plans

• Administer and oversee allergen immunotherapy (subcutaneous and sublingual)

• Collaborate with primary care physicians and other specialists to coordinate integrated patient care

• Maintain thorough and timely clinical documentation in the electronic medical record (EMR) system




Qualifications

Required

• Medical degree and valid medical license in Ontario (CPSO)

• Completion of an accredited Allergy & Immunology residency/fellowship program

• Certification or eligibility for certification with the Royal College of Physicians and Surgeons of Canada (FRCPC) in Allergy & Immunology




What We Offer

• Flexible schedule

• Turnkey operation with full administrative support

• Fully equipped clinic with modern diagnostic equipment and EMR system (Telus PS Suite)

• Robust referral base from our team of 14 primary care physicians

• Collaborative, supportive, and team-oriented work environment","","","https://schema.org","JobPosting","Allergist/Clinical Immunologist","About Watson Medical Clinic Watson Medical Clinic is a primary care practice dedicated to delivering comprehensive, patient-centered healthcare to the Forest Hill community and surrounding areas. Our collaborative team of physicians and allied health professionals is committed to clinical excellence, preventive care, and building lasting relationships with our patients. As we continue to grow, we are seeking a skilled and dedicated Allergist/Immunologist to join our multidisciplinary team and expand our in-house specialty services. Position Overview The Allergist/Immunologist will work closely with our primary care physicians to evaluate, diagnose, and manage patients with allergic, asthmatic, and immunologic conditions. This is an exciting opportunity to build a thriving allergy practice within an established, well-supported clinic environment. Key Responsibilities • Conduct comprehensive evaluations and consultations for patients referred by our primary care physicians • Diagnose and manage a broad range of allergic and immunologic conditions including asthma, allergic rhinitis, food allergies, eczema, urticaria, anaphylaxis, and primary immunodeficiency disorders • Perform and interpret allergy skin testing, spirometry, pulmonary function tests, and other diagnostic procedures • Develop and implement individualized treatment and immunotherapy plans • Administer and oversee allergen immunotherapy (subcutaneous and sublingual) • Collaborate with primary care physicians and other specialists to coordinate integrated patient care • Maintain thorough and timely clinical documentation in the electronic medical record (EMR) system Qualifications Required • Medical degree and valid medical license in Ontario (CPSO) • Completion of an accredited Allergy &amp; Immunology residency/fellowship program • Certification or eligibility for certification with the Royal College of Physicians and Surgeons of Canada (FRCPC) in Allergy &amp; Immunology What We Offer • Flexible schedule • Turnkey operation with full administrative support • Fully equipped clinic with modern diagnostic equipment and EMR system (Telus PS Suite) • Robust referral base from our team of 14 primary care physicians • Collaborative, supportive, and team-oriented work environment","2026-09-11T00:00:00.000Z","2026-09-25T00:00:00.000Z","Organization","Watson Medical Clinic","Place","PostalAddress","561 Eglinton Avenue West","Old Toronto","ON","M5N 1B5","CA","PropertyValue","6a23ac5476abc2c85ce7a9d3","2026-09-29T18:25:50.752Z","","","","","","full-time","","","","","","","","","","","","","","","The Allergist/Immunologist will work closely with our primary care physicians to evaluate, diagnose, and manage patients with allergic, asthmatic, and immunologic conditions. This is an exciting opportunity to build a thriving allergy practice within an established, well-supported clinic environment.","","","","","","","","","","","","","","","","","","","","","","","","","","","","","","Watson Medical Clinic is a primary care practice dedicated to delivering comprehensive, patient-centered healthcare to the Forest Hill community and surrounding areas. Our collaborative team of physicians and allied health professionals is committed to clinical excellence, preventive care, and building lasting relationships with our patients. | As we continue to grow, we are seeking a skilled and dedicated Allergist/Immunologist to join our multidisciplinary team and expand our in-house specialty services.","•    Conduct comprehensive evaluations and consultations for patients referred by our primary care physicians | •    Diagnose and manage a broad range of allergic and immunologic conditions including asthma, allergic rhinitis, food allergies, eczema, urticaria, anaphylaxis, and primary immunodeficiency disorders | •    Perform and interpret allergy skin testing, spirometry, pulmonary function tests, and other diagnostic procedures | •    Develop and implement individualized treatment and immunotherapy plans | •    Administer and oversee allergen immunotherapy (subcutaneous and sublingual) | •    Collaborate with primary care physicians and other specialists to coordinate integrated patient care | •    Maintain thorough and timely clinical documentation in the electronic medical record (EMR) system","•    Medical degree and valid medical license in Ontario (CPSO) | •    Completion of an accredited Allergy & Immunology residency/fellowship program | •    Certification or eligibility for certification with the Royal College of Physicians and Surgeons of Canada (FRCPC) in Allergy & Immunology","•    Flexible schedule | •   Turnkey operation with full administrative support | •    Fully equipped clinic with modern diagnostic equipment and EMR system (Telus PS Suite) | •    Robust referral base from our team of 14 primary care physicians | •    Collaborative, supportive, and team-oriented work environment","","","","","","","","","","","","","","","","","","","","","","","","","","","","","","","","","","","","","","","","","","","","","","","","","","","","","","","","","","","","","","","","","","","","","","","","","","","","","",""
"6a9a54325ffbbbfeb6231b84","https://physiciancareers.ca/jobs/internist-wanted-for-multidisciplinary-clinic-in-midtown-toronto-6a9a54325ffbbbfeb6231b84?specialty=Internal+Medicine&city=Toronto","Internist Wanted for Multidisciplinary Clinic in Midtown Toronto","Internal Medicine","full-time","Unify Health","markham","ON","25 Industrial Street","Toronto, ON","43.8561","-79.337","22.86","Fee-For-Service","hourly","300","300","300","600000","","","","","","","false","false","false","false","true","Unlock application details with Premium","2026-09-03","","About Unify Health

Unify Health is a physician-owned, integrated multidisciplinary medical centre founded in 2021 that has rapidly grown to over 55 physicians across multiple specialties. We are currently seeking part-time Internists or Internal Medicine Subspecialists like Hepatologists, Hematolog...","About Unify Health

Unify Health is a physician-owned, integrated multidisciplinary medical centre founded in 2021 that has rapidly grown to over 55 physicians across multiple specialties. We are currently seeking part-time Internists or Internal Medicine Subspecialists like Hepatologists, Hematologists and Endocrinologists etc to join our expanding Internal Medicine team, with opportunities to work both virtually and in-person based on your preferred practice style and schedule.

With an established midtown Toronto location and planned expansion into Markham and Durham, Unify Health offers a modern, collaborative environment focused on efficient, patient-centred ambulatory care. New graduates are welcome.

The Opportunity

We are seeking Internists interested in flexible ambulatory Internal Medicine practice within a highly integrated multidisciplinary setting. Physicians can choose to work remotely, in person, or a combination of both, with approximately 80% of consultations able to be completed virtually on your own schedule.

Many physicians in the program are currently earning over $300 per hour remotely, with some exceeding this depending on availability, efficiency, and caseload.

You will have flexibility to tailor your practice to presentations you are most comfortable managing, with common referrals including:

Iron deficiency anemia
Minor hematologic abnormalities
Mild liver enzyme elevation/transaminitis
Leukopenia and other routine bloodwork abnormalities
General ambulatory Internal Medicine consultations

Our model is designed to maximize physician efficiency while maintaining high-quality patient care. Physicians benefit from:

Competitive split arrangements
Full administrative and scheduling support
Dedicated clinical assistant support
AI-assisted scribing/documentation tools
Prepared charts and preliminary organization completed by IMG clinical assistants
Access to in-house diagnostics including ECG, Holter monitoring, echocardiography, stress echocardiography, and POCUS

You will work collaboratively alongside on-site Cardiology, Family Medicine, Allergy, Dermatology, ENT, Plastic Surgery, and allied health teams within a truly integrated care environment.

Flexible Practice Model

Choose how and when you want to work. Physicians have the ability to build a practice that fits their lifestyle, whether primarily remote, hybrid, or in-person.

Strong Earning Potential

Efficient ambulatory consultative medicine with substantial administrative support allows many physicians to generate strong hourly earnings while maintaining schedule flexibility. Most physicians making >$300 per hour remotely.

Collaborative Multidisciplinary Environment

Work alongside experienced Internists, Cardiologists, Surgeons, Allergists, Family Doctors, Dermatologists, and other specialists in a collegial physician-led setting.

Modern Integrated Facility

Practice in a modern physician-owned facility designed to support both physician workflow and patient experience, with free parking and convenient central access. Midtown location with planned expansion to Markham and Durham region in the coming months.

Full Clinical Support

Dedicated clinical assistants, AI scribing tools, and streamlined workflows help reduce administrative burden and improve efficiency.

New Graduates Welcome
We welcome both experienced Internists and recent graduates looking to build a flexible and rewarding ambulatory Internal Medicine practice in a supportive environment.

Application Process: Interested candidates are encouraged to submit a CV, cover letter, and any relevant certifications to ***@unifyhelath.ca (🔒 Premium) .","","{""text"":""***@unifyhelath.ca (🔒 Premium)"",""url"":""/pricing""}","https://schema.org","JobPosting","Internist Wanted for Multidisciplinary Clinic in Midtown Toronto","About Unify Health Unify Health is a physician-owned, integrated multidisciplinary medical centre founded in 2021 that has rapidly grown to over 55 physicians across multiple specialties. We are currently seeking part-time Internists or Internal Medicine Subspecialists like Hepatologists, Hematologists and Endocrinologists etc to join our expanding Internal Medicine team, with opportunities to work both virtually and in-person based on your preferred practice style and schedule. With an established midtown Toronto location and planned expansion into Markham and Durham, Unify Health offers a modern, collaborative environment focused on efficient, patient-centred ambulatory care. New graduates are welcome. The Opportunity We are seeking Internists interested in flexible ambulatory Internal Medicine practice within a highly integrated multidisciplinary setting. Physicians can choose to work remotely, in person, or a combination of both, with approximately 80% of consultations able to be completed virtually on your own schedule. Many physicians in the program are currently earning over $300 per hour remotely, with some exceeding this depending on availability, efficiency, and caseload. You will have flexibility to tailor your practice to presentations you are most comfortable managing, with common referrals including: Iron deficiency anemia Minor hematologic abnormalities Mild liver enzyme elevation/transaminitis Leukopenia and other routine bloodwork abnormalities General ambulatory Internal Medicine consultations Our model is designed to maximize physician efficiency while maintaining high-quality patient care. Physicians benefit from: Competitive split arrangements Full administrative and scheduling support Dedicated clinical assistant support AI-assisted scribing/documentation tools Prepared charts and preliminary organization completed by IMG clinical assistants Access to in-house diagnostics including ECG, Holter monitoring, echocardiography, stress echocardiography, and POCUS You will work collaboratively alongside on-site Cardiology, Family Medicine, Allergy, Dermatology, ENT, Plastic Surgery, and allied health teams within a truly integrated care environment. Flexible Practice Model Choose how and when you want to work. Physicians have the ability to build a practice that fits their lifestyle, whether primarily remote, hybrid, or in-person. Strong Earning Potential Efficient ambulatory consultative medicine with substantial administrative support allows many physicians to generate strong hourly earnings while maintaining schedule flexibility. Most physicians making &gt;$300 per hour remotely. Collaborative Multidisciplinary Environment Work alongside experienced Internists, Cardiologists, Surgeons, Allergists, Family Doctors, Dermatologists, and other specialists in a collegial physician-led setting. Modern Integrated Facility Practice in a modern physician-owned facility designed to support both physician workflow and patient experience, with free parking and convenient central access. Midtown location with planned expansion to Markham and Durham region in the coming months. Full Clinical Support Dedicated clinical assistants, AI scribing tools, and streamlined workflows help reduce administrative burden and improve efficiency. New Graduates Welcome We welcome both experienced Internists and recent graduates looking to build a flexible and rewarding ambulatory Internal Medicine practice in a supportive environment. Application Process: Interested candidates are encouraged to submit a CV, cover letter, and any relevant certifications to ginsberg@unifyhelath.ca .","2026-09-03T00:00:00.000Z","2026-09-30T00:00:00.000Z","Organization","Unify Health","Place","PostalAddress","25 Industrial Street","Toronto","ON","M4G1Z2","CA","PropertyValue","6a9a54325ffbbbfeb6231b84","2026-09-29T18:25:51.270Z","Unify Health is a physician-owned, integrated multidisciplinary medical centre founded in 2021 that has rapidly grown to over 55 physicians across multiple specialties. We are currently seeking part-time Internists or Internal Medicine Subspecialists like Hepatologists, Hematologists and Endocrinologists etc to join our expanding Internal Medicine team, with opportunities to work both virtually and in-person based on your preferred practice style and schedule. | With an established midtown Toronto location and planned expansion into Markham and Durham, Unify Health offers a modern, collaborative environment focused on efficient, patient-centred ambulatory care. New graduates are welcome.","","","","","full-time","","","","","","","","","","","We are seeking Internists interested in flexible ambulatory Internal Medicine practice within a highly integrated multidisciplinary setting. Physicians can choose to work remotely, in person, or a combination of both, with approximately 80% of consultations able to be completed virtually on your own schedule. | Many physicians in the program are currently earning over $300 per hour remotely, with some exceeding this depending on availability, efficiency, and caseload. | You will have flexibility to tailor your practice to presentations you are most comfortable managing, with common referrals including: | Iron deficiency anemia | Minor hematologic abnormalities | Mild liver enzyme elevation/transaminitis | Leukopenia and other routine bloodwork abnormalities | General ambulatory Internal Medicine consultations | Our model is designed to maximize physician efficiency while maintaining high-quality patient care. Physicians benefit from: | Competitive split arrangements | Full administrative and scheduling support | Dedicated clinical assistant support | AI-assisted scribing/documentation tools | Prepared charts and preliminary organization completed by IMG clinical assistants | Access to in-house diagnostics including ECG, Holter monitoring, echocardiography, stress echocardiography, and POCUS | You will work collaboratively alongside on-site Cardiology, Family Medicine, Allergy, Dermatology, ENT, Plastic Surgery, and allied health teams within a truly integrated care environment.","","","","","","","","","","","","","","","","","","","","","","","","","","","","","","","","","","","","","","Choose how and when you want to work. Physicians have the ability to build a practice that fits their lifestyle, whether primarily remote, hybrid, or in-person.","Efficient ambulatory consultative medicine with substantial administrative support allows many physicians to generate strong hourly earnings while maintaining schedule flexibility. Most physicians making >$300 per hour remotely.","Work alongside experienced Internists, Cardiologists, Surgeons, Allergists, Family Doctors, Dermatologists, and other specialists in a collegial physician-led setting.","Practice in a modern physician-owned facility designed to support both physician workflow and patient experience, with free parking and convenient central access. Midtown location with planned expansion to Markham and Durham region in the coming months.","Dedicated clinical assistants, AI scribing tools, and streamlined workflows help reduce administrative burden and improve efficiency.","We welcome both experienced Internists and recent graduates looking to build a flexible and rewarding ambulatory Internal Medicine practice in a supportive environment. | Application Process: Interested candidates are encouraged to submit a CV, cover letter, and any relevant certifications to ***@unifyhelath.ca (🔒 Premium) .","","","","","","","","","","","","","","","","","","","","","","","","","","","","","","","","","","","","","","","","","","","","","","","","","","","","","","","","","","","","","","","","","","","","","","","",""
"6a9a54325ffbbbfeb6231b70","https://physiciancareers.ca/jobs/endocrinologist-or-general-internist-obesity-medicine-6a9a54325ffbbbfeb6231b70?specialty=Internal+Medicine&city=Toronto","Endocrinologist or General Internist – Obesity Medicine","Internal Medicine","full-time","Unify Health","downtown toronto","ON","25 Industrial Street","Toronto, ON","43.6532","-79.3832","0","Fee-For-Service Split","hourly","300","300","300","600000","","","","","","","false","true","false","false","true","Unlock application details with Premium","2026-09-03","","Unify Health is looking for an Endocrinologist or General Internist with specialization, training, or meaningful experience in Obesity Medicine to join our growing multidisciplinary team.




We have a rapidly growing waitlist of patients seeking evidence-based management of obesity, metabolic syndr...","Unify Health is looking for an Endocrinologist or General Internist with specialization, training, or meaningful experience in Obesity Medicine to join our growing multidisciplinary team.




We have a rapidly growing waitlist of patients seeking evidence-based management of obesity, metabolic syndrome, and related cardiometabolic disease. You would work alongside specialists in Cardiology, General Internal Medicine, Endocrinology, and other disciplines to provide comprehensive, medically appropriate care.

This is not a “GLP-1 dispensary.” Our focus is proper longitudinal medicine: assessment of contributing factors and comorbidities, individualized treatment plans, medication management when appropriate, monitoring, and coordinated multidisciplinary care.




The role is highly flexible. Care can be provided in person, virtually, or through a combination of both, at the physician’s discretion. Hours are flexible, with strong administrative and clinical support.




What we offer:

• Established and growing referral base

• Flexible scheduling

• In-person and virtual practice options

• Competitive physician split

• Potential earnings of >$300/hour from home, with higher earning potential depending on practice style and volume

• Accuro EMR

• AI scribe support

• Multidisciplinary specialist environment

• Physician-owned and physician-led clinic




We are especially interested in physicians who are passionate about high-quality obesity and metabolic medicine and want to help build a meaningful program rather than simply prescribe medications.

Please reach out to Unify Health cofounder Dr Darrell Ginsberg at ***@unifyhealth.ca (🔒 Premium) if interested in discussing the opportunity.","Unify Health is looking for an Endocrinologist or General Internist with specialization, training, or meaningful experience in Obesity Medicine to join our growing multidisciplinary team. | We have a rapidly growing waitlist of patients seeking evidence-based management of obesity, metabolic syndrome, and related cardiometabolic disease. You would work alongside specialists in Cardiology, General Internal Medicine, Endocrinology, and other disciplines to provide comprehensive, medically appropriate care. | This is not a “GLP-1 dispensary.” Our focus is proper longitudinal medicine: assessment of contributing factors and comorbidities, individualized treatment plans, medication management when appropriate, monitoring, and coordinated multidisciplinary care. | The role is highly flexible. Care can be provided in person, virtually, or through a combination of both, at the physician’s discretion. Hours are flexible, with strong administrative and clinical support. | What we offer: | • Established and growing referral base | • Flexible scheduling | • In-person and virtual practice options | • Competitive physician split | • Potential earnings of >$300/hour from home, with higher earning potential depending on practice style and volume | • Accuro EMR | • AI scribe support | • Multidisciplinary specialist environment | • Physician-owned and physician-led clinic | We are especially interested in physicians who are passionate about high-quality obesity and metabolic medicine and want to help build a meaningful program rather than simply prescribe medications. | Please reach out to Unify Health cofounder Dr Darrell Ginsberg at ***@unifyhealth.ca (🔒 Premium) if interested in discussing the opportunity.","{""text"":""***@unifyhealth.ca (🔒 Premium)"",""url"":""/pricing""}","https://schema.org","JobPosting","Endocrinologist or General Internist – Obesity Medicine","Unify Health is looking for an Endocrinologist or General Internist with specialization, training, or meaningful experience in Obesity Medicine to join our growing multidisciplinary team. We have a rapidly growing waitlist of patients seeking evidence-based management of obesity, metabolic syndrome, and related cardiometabolic disease. You would work alongside specialists in Cardiology, General Internal Medicine, Endocrinology, and other disciplines to provide comprehensive, medically appropriate care. This is not a “GLP-1 dispensary.” Our focus is proper longitudinal medicine: assessment of contributing factors and comorbidities, individualized treatment plans, medication management when appropriate, monitoring, and coordinated multidisciplinary care. The role is highly flexible. Care can be provided in person, virtually, or through a combination of both, at the physician’s discretion. Hours are flexible, with strong administrative and clinical support. What we offer: • Established and growing referral base • Flexible scheduling • In-person and virtual practice options • Competitive physician split • Potential earnings of &gt;$300/hour from home, with higher earning potential depending on practice style and volume • Accuro EMR • AI scribe support • Multidisciplinary specialist environment • Physician-owned and physician-led clinic We are especially interested in physicians who are passionate about high-quality obesity and metabolic medicine and want to help build a meaningful program rather than simply prescribe medications. Please reach out to Unify Health cofounder Dr Darrell Ginsberg at Ginsberg@unifyhealth.ca if interested in discussing the opportunity.","2026-09-03T00:00:00.000Z","2026-12-02T00:00:00.000Z","Organization","Unify Health","Place","PostalAddress","25 Industrial Street","Toronto","ON","M4G1Z2","CA","PropertyValue","6a9a54325ffbbbfeb6231b70","2026-09-29T18:25:51.737Z","","","","","","full-time","","","","","","","","","","","","","","","","","","","","","","","","","","","","","","","","","","","","","","","","","","","","","","","","","","","","","","","","","","","","","","","","","","","","","","","","","","","","","","","","","","","","","","","","","","","","","","","","","","","","","","","","","","","","","","","","","","","","","","","","","","","","","",""
"6a9a54325ffbbbfeb6231b67","https://physiciancareers.ca/jobs/hematologist-wanted-for-multidisciplinary-clinic-in-midtown-toronto-6a9a54325ffbbbfeb6231b67?specialty=Internal+Medicine&city=Toronto","Hematologist Wanted for Multidisciplinary Clinic in Midtown Toronto","Internal Medicine","full-time","Unify Health","midtown","ON","25 Industrial Street","Toronto, ON","43.7001","-79.397","5.33","Fee-For-Service","hourly","500","500","500","1000000","","","","","","","false","true","false","false","true","Unlock application details with Premium","2026-09-03","","About Unify Health

Unify Health is a physician-owned, integrated, multidisciplinary ambulatory medical centre with over 50 physicians and a broad team of allied health professionals. We are currently seeking a part-time, casual hematologist to join our growing integrated care model. Our centrally l...","About Unify Health

Unify Health is a physician-owned, integrated, multidisciplinary ambulatory medical centre with over 50 physicians and a broad team of allied health professionals. We are currently seeking a part-time, casual hematologist to join our growing integrated care model. Our centrally located clinic offers easy access, free parking, and a collegial environment that prioritizes high-quality, patient-centred care. We have a large and consistent referral base, and a significant proportion of consults and follow-ups can be managed virtually, allowing for an efficient and flexible outpatient practice.




The Role

We are seeking a hematologist with an interest in benign hematology to join our collaborative and multidisciplinary team at Unify Health. You will play a central role in the assessment and longitudinal management of patients with conditions such as anemia, cytopenias, iron deficiency, thrombocytopenia, anticoagulation issues, monoclonal gammopathies, and abnormal blood counts.




Our clinic is supported by experienced nursing staff and internationally trained clinical assistants who streamline investigations and follow-up, including coordination of laboratory testing, doing in-house iron infusions, coordinating imaging and referrals. Virtual care with most virtual physicians making $250-$500 per hour from home or clinic on a relaxed schedule. You will have full autonomy over referral criteria, diagnostic pathways, and case exclusions, with comprehensive administrative and clinical support. Opportunities also exist for collaboration with internal medicine, nephrology, cardiology, and other specialty teams as part of an integrated care approach.




Why Join Us?

Convenient Outpatient Practice: A well-supported, office and virtual-based hematology practice without inpatient or on-call obligations.
Collaborative Environment: Work alongside a broad group of specialists within an integrated, physician-led care model.
Procedural Capability: Ability to perform in-clinic bone marrow biopsies with appropriate analgesia support.
Flexibility: Control over your schedule, patient volume, and clinic structure; we accommodate how and when you prefer to work.
Modern Facility: A purpose-built clinical space focused on efficiency, staff well-being, and patient experience.
Efficiency & Technology: Accuro EMR with pre-loaded templates and AI-supported documentation tools to reduce administrative burden.
Dedicated Support: Access to an individual clinical assistant to support workflow and patient coordination.
Billing Support: Mentorship in appropriate billing practices and access to a dedicated billing agent.

Application Process

Interested candidates are invited to submit a CV, cover letter, and any relevant certifications to ***@unifyhealth.ca (🔒 Premium) - We look forward to learning how your expertise in hematology could contribute to the continued growth of Unify Health.","","{""text"":""***@unifyhealth.ca (🔒 Premium)"",""url"":""/pricing""}","https://schema.org","JobPosting","Hematologist Wanted for Multidisciplinary Clinic in Midtown Toronto","About Unify Health Unify Health is a physician-owned, integrated, multidisciplinary ambulatory medical centre with over 50 physicians and a broad team of allied health professionals. We are currently seeking a part-time, casual hematologist to join our growing integrated care model. Our centrally located clinic offers easy access, free parking, and a collegial environment that prioritizes high-quality, patient-centred care. We have a large and consistent referral base, and a significant proportion of consults and follow-ups can be managed virtually, allowing for an efficient and flexible outpatient practice. The Role We are seeking a hematologist with an interest in benign hematology to join our collaborative and multidisciplinary team at Unify Health. You will play a central role in the assessment and longitudinal management of patients with conditions such as anemia, cytopenias, iron deficiency, thrombocytopenia, anticoagulation issues, monoclonal gammopathies, and abnormal blood counts. Our clinic is supported by experienced nursing staff and internationally trained clinical assistants who streamline investigations and follow-up, including coordination of laboratory testing, doing in-house iron infusions, coordinating imaging and referrals. Virtual care with most virtual physicians making $250-$500 per hour from home or clinic on a relaxed schedule. You will have full autonomy over referral criteria, diagnostic pathways, and case exclusions, with comprehensive administrative and clinical support. Opportunities also exist for collaboration with internal medicine, nephrology, cardiology, and other specialty teams as part of an integrated care approach. Why Join Us? Convenient Outpatient Practice: A well-supported, office and virtual-based hematology practice without inpatient or on-call obligations. Collaborative Environment: Work alongside a broad group of specialists within an integrated, physician-led care model. Procedural Capability: Ability to perform in-clinic bone marrow biopsies with appropriate analgesia support. Flexibility: Control over your schedule, patient volume, and clinic structure; we accommodate how and when you prefer to work. Modern Facility: A purpose-built clinical space focused on efficiency, staff well-being, and patient experience. Efficiency &amp; Technology: Accuro EMR with pre-loaded templates and AI-supported documentation tools to reduce administrative burden. Dedicated Support: Access to an individual clinical assistant to support workflow and patient coordination. Billing Support: Mentorship in appropriate billing practices and access to a dedicated billing agent. Application Process Interested candidates are invited to submit a CV, cover letter, and any relevant certifications to ginsberg@unifyhealth.ca - We look forward to learning how your expertise in hematology could contribute to the continued growth of Unify Health.","2026-09-03T00:00:00.000Z","2026-09-30T00:00:00.000Z","Organization","Unify Health","Place","PostalAddress","25 Industrial Street","Toronto","ON","M4G1Z2","CA","PropertyValue","6a9a54325ffbbbfeb6231b67","2026-09-29T18:25:52.491Z","Unify Health is a physician-owned, integrated, multidisciplinary ambulatory medical centre with over 50 physicians and a broad team of allied health professionals. We are currently seeking a part-time, casual hematologist to join our growing integrated care model. Our centrally located clinic offers easy access, free parking, and a collegial environment that prioritizes high-quality, patient-centred care. We have a large and consistent referral base, and a significant proportion of consults and follow-ups can be managed virtually, allowing for an efficient and flexible outpatient practice.","We are seeking a hematologist with an interest in benign hematology to join our collaborative and multidisciplinary team at Unify Health. You will play a central role in the assessment and longitudinal management of patients with conditions such as anemia, cytopenias, iron deficiency, thrombocytopenia, anticoagulation issues, monoclonal gammopathies, and abnormal blood counts. | Our clinic is supported by experienced nursing staff and internationally trained clinical assistants who streamline investigations and follow-up, including coordination of laboratory testing, doing in-house iron infusions, coordinating imaging and referrals. Virtual care with most virtual physicians making $250-$500 per hour from home or clinic on a relaxed schedule. You will have full autonomy over referral criteria, diagnostic pathways, and case exclusions, with comprehensive administrative and clinical support. Opportunities also exist for collaboration with internal medicine, nephrology, cardiology, and other specialty teams as part of an integrated care approach.","","","Interested candidates are invited to submit a CV, cover letter, and any relevant certifications to ***@unifyhealth.ca (🔒 Premium) - We look forward to learning how your expertise in hematology could contribute to the continued growth of Unify Health.","full-time","","","","","","","","","","","","","","","","","","","","","","","","","","","","","","","","","","","","","","","","","","","","","","","","","","","","","","","Convenient Outpatient Practice: A well-supported, office and virtual-based hematology practice without inpatient or on-call obligations. | Collaborative Environment: Work alongside a broad group of specialists within an integrated, physician-led care model. | Procedural Capability: Ability to perform in-clinic bone marrow biopsies with appropriate analgesia support. | Flexibility: Control over your schedule, patient volume, and clinic structure; we accommodate how and when you prefer to work. | Modern Facility: A purpose-built clinical space focused on efficiency, staff well-being, and patient experience. | Efficiency & Technology: Accuro EMR with pre-loaded templates and AI-supported documentation tools to reduce administrative burden. | Dedicated Support: Access to an individual clinical assistant to support workflow and patient coordination. | Billing Support: Mentorship in appropriate billing practices and access to a dedicated billing agent.","","","","","","","","","","","","","","","","","","","","","","","","","","","","","","","","","","","","","","","","","","","","","","","","","","","","","","","","","","","","","","","","","","","","","","",""
"6a7d52d3bfdb235d5f61f6e9","https://physiciancareers.ca/jobs/cardiologist-nuclear-cardiology-focus-qa-lab-advisor-6a7d52d3bfdb235d5f61f6e9?specialty=Internal+Medicine&city=Toronto","Cardiologist – Nuclear Cardiology Focus & QA Lab Advisor","Internal Medicine","part-time","SH Health","midtown","ON","130 Adelaide Street West","Toronto, ON","43.7001","-79.397","5.33","Fee-For-Service","unspecified","","","","","","","","","","","false","false","false","true","true","Unlock application details with Premium","2026-08-12","","MDSearch is recruiting a non-invasive Cardiologist with a Nuclear Cardiology focus for an established community-based ambulatory cardiology clinic and diagnostic facility in midtown Toronto. The position is available on a full-time or part-time basis with flexible scheduling, making it an excellent ...","MDSearch is recruiting a non-invasive Cardiologist with a Nuclear Cardiology focus for an established community-based ambulatory cardiology clinic and diagnostic facility in midtown Toronto. The position is available on a full-time or part-time basis with flexible scheduling, making it an excellent opportunity for physicians seeking a rewarding clinical practice with genuine work-life balance.

The clinic is staffed by a group of university- and hospital-affiliated Cardiologists and Respirologists, and these institutional affiliations allow seamless continuity with upstream hospital-based cardiac services.

The Role

Provide comprehensive outpatient cardiology consultation and follow-up services
Serve as Quality Assurance (QA) Advisor for an accredited Nuclear Cardiology Laboratory
Oversee quality assurance activities within the lab's quality management program
Participate in protocol development and review, and monitor quality metrics
Ensure ongoing compliance with accreditation standards
Collaborate with Nuclear Medicine Technologists to promote excellence in patient care

About the Clinic

This professionally managed clinic is dedicated to delivering the highest quality patient care. A dedicated administrative team handles all clinical and administrative operations, allowing physicians to focus on what matters most — patient care.

Qualifications

Certification in Cardiology by the Royal College of Physicians and Surgeons of Canada, or equivalent acceptable for CPSO registration
Eligibility for independent or provisional licensure with the College of Physicians and Surgeons of Ontario (CPSO)
Fellowship training and demonstrated expertise in Nuclear Cardiology (CBNC certification or Royal College certification in Nuclear Medicine)
Experience with Nuclear Cardiology laboratory quality assurance programs preferred
Full-time commitment preferred

This position combines a high-quality outpatient clinical practice with a leadership role in maintaining the quality and safety of a modern Nuclear Cardiology laboratory. Start date: as soon as possible.","MDSearch is recruiting a non-invasive Cardiologist with a Nuclear Cardiology focus for an established community-based ambulatory cardiology clinic and diagnostic facility in midtown Toronto. The position is available on a full-time or part-time basis with flexible scheduling, making it an excellent opportunity for physicians seeking a rewarding clinical practice with genuine work-life balance. | The clinic is staffed by a group of university- and hospital-affiliated Cardiologists and Respirologists, and these institutional affiliations allow seamless continuity with upstream hospital-based cardiac services.","","https://schema.org","JobPosting","Cardiologist – Nuclear Cardiology Focus & QA Lab Advisor","MDSearch is recruiting a non-invasive Cardiologist with a Nuclear Cardiology focus for an established community-based ambulatory cardiology clinic and diagnostic facility in midtown Toronto. The position is available on a full-time or part-time basis with flexible scheduling, making it an excellent opportunity for physicians seeking a rewarding clinical practice with genuine work-life balance. The clinic is staffed by a group of university- and hospital-affiliated Cardiologists and Respirologists, and these institutional affiliations allow seamless continuity with upstream hospital-based cardiac services. The Role Provide comprehensive outpatient cardiology consultation and follow-up services Serve as Quality Assurance (QA) Advisor for an accredited Nuclear Cardiology Laboratory Oversee quality assurance activities within the lab&#39;s quality management program Participate in protocol development and review, and monitor quality metrics Ensure ongoing compliance with accreditation standards Collaborate with Nuclear Medicine Technologists to promote excellence in patient care About the Clinic This professionally managed clinic is dedicated to delivering the highest quality patient care. A dedicated administrative team handles all clinical and administrative operations, allowing physicians to focus on what matters most — patient care. Qualifications Certification in Cardiology by the Royal College of Physicians and Surgeons of Canada, or equivalent acceptable for CPSO registration Eligibility for independent or provisional licensure with the College of Physicians and Surgeons of Ontario (CPSO) Fellowship training and demonstrated expertise in Nuclear Cardiology (CBNC certification or Royal College certification in Nuclear Medicine) Experience with Nuclear Cardiology laboratory quality assurance programs preferred Full-time commitment preferred This position combines a high-quality outpatient clinical practice with a leadership role in maintaining the quality and safety of a modern Nuclear Cardiology laboratory. Start date: as soon as possible.","2026-08-12T00:00:00.000Z","2026-10-19T00:00:00.000Z","Organization","SH Health","Place","PostalAddress","130 Adelaide Street West","Toronto","ON","M5H0A1","CA","PropertyValue","6a7d52d3bfdb235d5f61f6e9","2026-09-29T18:25:52.884Z","","Provide comprehensive outpatient cardiology consultation and follow-up services | Serve as Quality Assurance (QA) Advisor for an accredited Nuclear Cardiology Laboratory | Oversee quality assurance activities within the lab's quality management program | Participate in protocol development and review, and monitor quality metrics | Ensure ongoing compliance with accreditation standards | Collaborate with Nuclear Medicine Technologists to promote excellence in patient care","","","","part-time","","","","","","","","","","","","","","","","","Certification in Cardiology by the Royal College of Physicians and Surgeons of Canada, or equivalent acceptable for CPSO registration | Eligibility for independent or provisional licensure with the College of Physicians and Surgeons of Ontario (CPSO) | Fellowship training and demonstrated expertise in Nuclear Cardiology (CBNC certification or Royal College certification in Nuclear Medicine) | Experience with Nuclear Cardiology laboratory quality assurance programs preferred | Full-time commitment preferred | This position combines a high-quality outpatient clinical practice with a leadership role in maintaining the quality and safety of a modern Nuclear Cardiology laboratory. Start date: as soon as possible.","","","","","","","","","","","","","","","","","","","","","","","","","","","","","","","","","","","","","","","This professionally managed clinic is dedicated to delivering the highest quality patient care. A dedicated administrative team handles all clinical and administrative operations, allowing physicians to focus on what matters most — patient care.","","","","","","","","","","","","","","","","","","","","","","","","","","","","","","","","","","","","","","","","","","","","","","","","","","","","","","","","","","","","","","","","","","","","","",""
"6a780b4dbfdb235d5f592915","https://physiciancareers.ca/jobs/physician-cancer-related-fatigue-clinic-6a780b4dbfdb235d5f592915?specialty=Internal+Medicine&city=Toronto","Physician, Cancer-Related Fatigue Clinic","Internal Medicine","part-time","Cancer Fatigue Services","downtown toronto","ON","2 Sheppard Avenue East","Old Toronto, ON","43.6532","-79.3832","0","Fee-For-Service","unspecified","","","","","","","","","","","false","false","false","true","true","Unlock application details with Premium","2026-08-08","","Why This Clinic Exists

Fatigue is the most commonly reported symptom in cancer and the one most likely to go untreated.

Patients raise it, are told it is normal, and leave with nothing. We built Cancer Fatigue Services because that gap should not exist.




CFS is Canada’s first physician-led, mul...","Why This Clinic Exists

Fatigue is the most commonly reported symptom in cancer and the one most likely to go untreated.

Patients raise it, are told it is normal, and leave with nothing. We built Cancer Fatigue Services because that gap should not exist.




CFS is Canada’s first physician-led, multidisciplinary practice dedicated entirely to cancer-related fatigue.

Comprehensive medical assessment, cardiopulmonary exercise testing, supervised rehabilitation, and structured physician-led counselling, delivered as one coordinated longitudinal pathway.




Why We Are Speaking to You

Cancer-related fatigue is a differential diagnosis problem, and that is your discipline. Anemia. Thyroid dysfunction. Hypogonadism. Adrenal insufficiency. Sleep-disordered breathing. Treatment-related cardiotoxicity. Medication burden. Deconditioning. Mood. Any of them can produce profound exhaustion in a survivor, several are usually operating at once, and someone has to work through the list. Almost nobody does, which is why these patients arrive years after treatment ended having been told their bloodwork is fine.

The physiology is measured, not estimated. Cardiopulmonary exercise testing at baseline and reassessment gives you integrated cardiac, pulmonary, and metabolic data on a symptom assessed almost everywhere else by questionnaire.
Late treatment effects are an expanding clinical problem. Cardiovascular, pulmonary, endocrine sequelae, and metabolic consequences of long-term therapy are all growing as survival improves. There is room to build genuine expertise here.
It is ambulatory and scheduled. No ward service, no consult pager, no call, no weekends.




The Role

Conduct comprehensive fatigue assessments covering presentation, oncologic and treatment history, symptom characterization, and functional status.
Lead results delivery encounters and build the shared care plan with the patient and the team.
Deliver the structured counselling encounters that anchor the care model. Session materials, scripts, workbooks, and documentation templates are built and in active use.
Provide medical oversight to the rehabilitation and psychosocial teams.
Coordinate ongoing care with referring oncologists, primary care providers, and other specialists.




We Do Healthcare Differently

We treat patients better by carrying the burden of navigating the system instead of handing it back to them. We treat clinicians the same way. High volumes with no downtime are how care quality erodes and how good physicians burn out, so we have built the clinic around concrete commitments:

Administrative support, human and technological, so your attention stays on the patient.
Fifteen to sixty minutes of team support attached to every encounter.
Administrative time scheduled into your day, not appended to it.
A buffer between encounters, set to your preference.
You set your own schedule. We ask only for consistency week to week.
No call, no after-hours coverage, no inpatient responsibility.

Leave your work at work. We have built the clinic so that is actually possible.




Terms

Compensation: You keep 65% on comprehensive assessments and 70% on every other encounter type.
Commitment: Our physicians work anywhere from three full days to two half-days per week. No minimum.
Delivery: First OHIP-covered encounter on-site, most follow-ups virtual.




Qualifications

MD or equivalent, active and unrestricted CPSO licence, CMPA coverage, OHIP billing number.
Demonstrated diagnostic skill with complex, multi-system presentations.
 Strong communication skills, particularly in conversations about function, loss, and expectation setting.
Comfort in a multidisciplinary team and with structured, templated documentation.
Assets: FRCPC in Internal Medicine, or a subspecialty background in cardiology, respirology, endocrinology, geriatrics, or physical medicine and rehabilitation. Experience interpreting cardiopulmonary exercise testing. Interest in clinical research.","","","https://schema.org","JobPosting","Physician, Cancer-Related Fatigue Clinic","Why This Clinic Exists Fatigue is the most commonly reported symptom in cancer and the one most likely to go untreated. Patients raise it, are told it is normal, and leave with nothing. We built Cancer Fatigue Services because that gap should not exist. CFS is Canada’s first physician-led, multidisciplinary practice dedicated entirely to cancer-related fatigue. Comprehensive medical assessment, cardiopulmonary exercise testing, supervised rehabilitation, and structured physician-led counselling, delivered as one coordinated longitudinal pathway. Why We Are Speaking to You Cancer-related fatigue is a differential diagnosis problem, and that is your discipline. Anemia. Thyroid dysfunction. Hypogonadism. Adrenal insufficiency. Sleep-disordered breathing. Treatment-related cardiotoxicity. Medication burden. Deconditioning. Mood. Any of them can produce profound exhaustion in a survivor, several are usually operating at once, and someone has to work through the list. Almost nobody does, which is why these patients arrive years after treatment ended having been told their bloodwork is fine. The physiology is measured, not estimated. Cardiopulmonary exercise testing at baseline and reassessment gives you integrated cardiac, pulmonary, and metabolic data on a symptom assessed almost everywhere else by questionnaire. Late treatment effects are an expanding clinical problem. Cardiovascular, pulmonary, endocrine sequelae, and metabolic consequences of long-term therapy are all growing as survival improves. There is room to build genuine expertise here. It is ambulatory and scheduled. No ward service, no consult pager, no call, no weekends. The Role Conduct comprehensive fatigue assessments covering presentation, oncologic and treatment history, symptom characterization, and functional status. Lead results delivery encounters and build the shared care plan with the patient and the team. Deliver the structured counselling encounters that anchor the care model. Session materials, scripts, workbooks, and documentation templates are built and in active use. Provide medical oversight to the rehabilitation and psychosocial teams. Coordinate ongoing care with referring oncologists, primary care providers, and other specialists. We Do Healthcare Differently We treat patients better by carrying the burden of navigating the system instead of handing it back to them. We treat clinicians the same way. High volumes with no downtime are how care quality erodes and how good physicians burn out, so we have built the clinic around concrete commitments: Administrative support, human and technological, so your attention stays on the patient. Fifteen to sixty minutes of team support attached to every encounter. Administrative time scheduled into your day, not appended to it. A buffer between encounters, set to your preference. You set your own schedule. We ask only for consistency week to week. No call, no after-hours coverage, no inpatient responsibility. Leave your work at work. We have built the clinic so that is actually possible. Terms Compensation: You keep 65% on comprehensive assessments and 70% on every other encounter type. Commitment: Our physicians work anywhere from three full days to two half-days per week. No minimum. Delivery: First OHIP-covered encounter on-site, most follow-ups virtual. Qualifications MD or equivalent, active and unrestricted CPSO licence, CMPA coverage, OHIP billing number. Demonstrated diagnostic skill with complex, multi-system presentations. Strong communication skills, particularly in conversations about function, loss, and expectation setting. Comfort in a multidisciplinary team and with structured, templated documentation. Assets: FRCPC in Internal Medicine, or a subspecialty background in cardiology, respirology, endocrinology, geriatrics, or physical medicine and rehabilitation. Experience interpreting cardiopulmonary exercise testing. Interest in clinical research.","2026-08-08T00:00:00.000Z","2026-11-06T00:00:00.000Z","Organization","Cancer Fatigue Services","Place","PostalAddress","2 Sheppard Avenue East","Old Toronto","ON","M2N 6K9","CA","PropertyValue","6a780b4dbfdb235d5f592915","2026-09-29T18:25:53.680Z","","Conduct comprehensive fatigue assessments covering presentation, oncologic and treatment history, symptom characterization, and functional status. | Lead results delivery encounters and build the shared care plan with the patient and the team. | Deliver the structured counselling encounters that anchor the care model. Session materials, scripts, workbooks, and documentation templates are built and in active use. | Provide medical oversight to the rehabilitation and psychosocial teams. | Coordinate ongoing care with referring oncologists, primary care providers, and other specialists.","","","","part-time","","","","","","","","","","","","","","","","","MD or equivalent, active and unrestricted CPSO licence, CMPA coverage, OHIP billing number. | Demonstrated diagnostic skill with complex, multi-system presentations. | Strong communication skills, particularly in conversations about function, loss, and expectation setting. | Comfort in a multidisciplinary team and with structured, templated documentation. | Assets: FRCPC in Internal Medicine, or a subspecialty background in cardiology, respirology, endocrinology, geriatrics, or physical medicine and rehabilitation. Experience interpreting cardiopulmonary exercise testing. Interest in clinical research.","","","","","","","","","","","","","","","","","","","","","","","","","","","","","","","","","","","","","","","","Fatigue is the most commonly reported symptom in cancer and the one most likely to go untreated. | Patients raise it, are told it is normal, and leave with nothing. We built Cancer Fatigue Services because that gap should not exist. | CFS is Canada’s first physician-led, multidisciplinary practice dedicated entirely to cancer-related fatigue. | Comprehensive medical assessment, cardiopulmonary exercise testing, supervised rehabilitation, and structured physician-led counselling, delivered as one coordinated longitudinal pathway.","Cancer-related fatigue is a differential diagnosis problem, and that is your discipline. Anemia. Thyroid dysfunction. Hypogonadism. Adrenal insufficiency. Sleep-disordered breathing. Treatment-related cardiotoxicity. Medication burden. Deconditioning. Mood. Any of them can produce profound exhaustion in a survivor, several are usually operating at once, and someone has to work through the list. Almost nobody does, which is why these patients arrive years after treatment ended having been told their bloodwork is fine. | The physiology is measured, not estimated. Cardiopulmonary exercise testing at baseline and reassessment gives you integrated cardiac, pulmonary, and metabolic data on a symptom assessed almost everywhere else by questionnaire. | Late treatment effects are an expanding clinical problem. Cardiovascular, pulmonary, endocrine sequelae, and metabolic consequences of long-term therapy are all growing as survival improves. There is room to build genuine expertise here. | It is ambulatory and scheduled. No ward service, no consult pager, no call, no weekends.","We treat patients better by carrying the burden of navigating the system instead of handing it back to them. We treat clinicians the same way. High volumes with no downtime are how care quality erodes and how good physicians burn out, so we have built the clinic around concrete commitments: | Administrative support, human and technological, so your attention stays on the patient. | Fifteen to sixty minutes of team support attached to every encounter. | Administrative time scheduled into your day, not appended to it. | A buffer between encounters, set to your preference. | You set your own schedule. We ask only for consistency week to week. | No call, no after-hours coverage, no inpatient responsibility. | Leave your work at work. We have built the clinic so that is actually possible.","Compensation: You keep 65% on comprehensive assessments and 70% on every other encounter type. | Commitment: Our physicians work anywhere from three full days to two half-days per week. No minimum. | Delivery: First OHIP-covered encounter on-site, most follow-ups virtual.","","","","","","","","","","","","","","","","","","","","","","","","","","","","","","","","","","","","","","","","","","","","","","","","","","","","","","","","","","","","","","","","","",""
"6a07fc1e76abc2c85cc2dcaa","https://physiciancareers.ca/jobs/allergistclinical-immunologist-6a07fc1e76abc2c85cc2dcaa?specialty=Internal+Medicine&city=Toronto","Allergist/Clinical Immunologist","Internal Medicine","full-time","Watson Medical Clinic","forest hill","ON","561 Eglinton Avenue West","Old Toronto, ON","43.698","-79.412","5.49","","unspecified","","","","","","","","","","","false","true","false","true","true","Unlock application details with Premium","2026-08-07","","About Watson Medical Clinic

Watson Medical Clinic is a primary care practice dedicated to delivering comprehensive, patient-centered healthcare to the Forest Hill community and surrounding areas. Our collaborative team of physicians and allied health professionals is committed to clinical excellenc...","About Watson Medical Clinic

Watson Medical Clinic is a primary care practice dedicated to delivering comprehensive, patient-centered healthcare to the Forest Hill community and surrounding areas. Our collaborative team of physicians and allied health professionals is committed to clinical excellence, preventive care, and building lasting relationships with our patients.

As we continue to grow, we are seeking a skilled and dedicated Allergist/Immunologist to join our multidisciplinary team and expand our in-house specialty services.

Position Overview

The Allergist/Immunologist will work closely with our primary care physicians to evaluate, diagnose, and manage patients with allergic, asthmatic, and immunologic conditions. This is an exciting opportunity to build a thriving allergy practice within an established, well-supported clinic environment.




Key Responsibilities

• Conduct comprehensive evaluations and consultations for patients referred by our primary care physicians

• Diagnose and manage a broad range of allergic and immunologic conditions including asthma, allergic rhinitis, food allergies, eczema, urticaria, anaphylaxis, and primary immunodeficiency disorders

• Perform and interpret allergy skin testing, spirometry, pulmonary function tests, and other diagnostic procedures

• Develop and implement individualized treatment and immunotherapy plans

• Administer and oversee allergen immunotherapy (subcutaneous and sublingual)

• Collaborate with primary care physicians and other specialists to coordinate integrated patient care

• Maintain thorough and timely clinical documentation in the electronic medical record (EMR) system




Qualifications

Required

• Medical degree and valid medical license in Ontario (CPSO)

• Completion of an accredited Allergy & Immunology residency/fellowship program

• Certification or eligibility for certification with the Royal College of Physicians and Surgeons of Canada (FRCPC) in Allergy & Immunology




What We Offer

• Flexible schedule

• Turnkey operation with full administrative support

• Fully equipped clinic with modern diagnostic equipment and EMR system (Telus PS Suite)

• Robust referral base from our team of 14 primary care physicians

• Collaborative, supportive, and team-oriented work environment","","","https://schema.org","JobPosting","Allergist/Clinical Immunologist","About Watson Medical Clinic Watson Medical Clinic is a primary care practice dedicated to delivering comprehensive, patient-centered healthcare to the Forest Hill community and surrounding areas. Our collaborative team of physicians and allied health professionals is committed to clinical excellence, preventive care, and building lasting relationships with our patients. As we continue to grow, we are seeking a skilled and dedicated Allergist/Immunologist to join our multidisciplinary team and expand our in-house specialty services. Position Overview The Allergist/Immunologist will work closely with our primary care physicians to evaluate, diagnose, and manage patients with allergic, asthmatic, and immunologic conditions. This is an exciting opportunity to build a thriving allergy practice within an established, well-supported clinic environment. Key Responsibilities • Conduct comprehensive evaluations and consultations for patients referred by our primary care physicians • Diagnose and manage a broad range of allergic and immunologic conditions including asthma, allergic rhinitis, food allergies, eczema, urticaria, anaphylaxis, and primary immunodeficiency disorders • Perform and interpret allergy skin testing, spirometry, pulmonary function tests, and other diagnostic procedures • Develop and implement individualized treatment and immunotherapy plans • Administer and oversee allergen immunotherapy (subcutaneous and sublingual) • Collaborate with primary care physicians and other specialists to coordinate integrated patient care • Maintain thorough and timely clinical documentation in the electronic medical record (EMR) system Qualifications Required • Medical degree and valid medical license in Ontario (CPSO) • Completion of an accredited Allergy &amp; Immunology residency/fellowship program • Certification or eligibility for certification with the Royal College of Physicians and Surgeons of Canada (FRCPC) in Allergy &amp; Immunology What We Offer • Flexible schedule • Turnkey operation with full administrative support • Fully equipped clinic with modern diagnostic equipment and EMR system (Telus PS Suite) • Robust referral base from our team of 14 primary care physicians • Collaborative, supportive, and team-oriented work environment","2026-08-07T00:00:00.000Z","2026-08-28T00:00:00.000Z","Organization","Watson Medical Clinic","Place","PostalAddress","561 Eglinton Avenue West","Old Toronto","ON","M5N 1B5","CA","PropertyValue","6a07fc1e76abc2c85cc2dcaa","2026-09-29T18:25:54.344Z","","","","","","full-time","","","","","","","","","","","","","","","The Allergist/Immunologist will work closely with our primary care physicians to evaluate, diagnose, and manage patients with allergic, asthmatic, and immunologic conditions. This is an exciting opportunity to build a thriving allergy practice within an established, well-supported clinic environment.","","","","","","","","","","","","","","","","","","","","","","","","","","","","","","Watson Medical Clinic is a primary care practice dedicated to delivering comprehensive, patient-centered healthcare to the Forest Hill community and surrounding areas. Our collaborative team of physicians and allied health professionals is committed to clinical excellence, preventive care, and building lasting relationships with our patients. | As we continue to grow, we are seeking a skilled and dedicated Allergist/Immunologist to join our multidisciplinary team and expand our in-house specialty services.","•    Conduct comprehensive evaluations and consultations for patients referred by our primary care physicians | •    Diagnose and manage a broad range of allergic and immunologic conditions including asthma, allergic rhinitis, food allergies, eczema, urticaria, anaphylaxis, and primary immunodeficiency disorders | •    Perform and interpret allergy skin testing, spirometry, pulmonary function tests, and other diagnostic procedures | •    Develop and implement individualized treatment and immunotherapy plans | •    Administer and oversee allergen immunotherapy (subcutaneous and sublingual) | •    Collaborate with primary care physicians and other specialists to coordinate integrated patient care | •    Maintain thorough and timely clinical documentation in the electronic medical record (EMR) system","•    Medical degree and valid medical license in Ontario (CPSO) | •    Completion of an accredited Allergy & Immunology residency/fellowship program | •    Certification or eligibility for certification with the Royal College of Physicians and Surgeons of Canada (FRCPC) in Allergy & Immunology","•    Flexible schedule | •   Turnkey operation with full administrative support | •    Fully equipped clinic with modern diagnostic equipment and EMR system (Telus PS Suite) | •    Robust referral base from our team of 14 primary care physicians | •    Collaborative, supportive, and team-oriented work environment","","","","","","","","","","","","","","","","","","","","","","","","","","","","","","","","","","","","","","","","","","","","","","","","","","","","","","","","","","","","","","","","","","","","","","","","","","","","","",""
"6a698b85df36206c30b27144","https://physiciancareers.ca/jobs/cardiology-6a698b85df36206c30b27144?specialty=Internal+Medicine&city=Toronto","Cardiology","Internal Medicine","full-time","Ontario Heart Center","downtown toronto","ON","100 Humber College Blvd","Toronto, ON","43.6532","-79.3832","0","Fee-For-Service Split","unspecified","","","","","","","","","","","false","false","false","false","true","Unlock application details with Premium","2026-07-28","","Physician Opportunities

Ontario Heart Center is seeking an Internal Medicine Specialist with an interest in preventive and general cardiology to join its physician group in the Greater Toronto Area (GTA).

Full-time and part-time opportunities available.
Compensation options: Fee-for-Service.
Appli...","Physician Opportunities

Ontario Heart Center is seeking an Internal Medicine Specialist with an interest in preventive and general cardiology to join its physician group in the Greater Toronto Area (GTA).

Full-time and part-time opportunities available.
Compensation options: Fee-for-Service.
Applications are welcome from both Canadian physicians and practicing physicians from the USA.

Ontario Heart Center provides a network of experienced cardiologists and delivers comprehensive clinical and cardiac diagnostic services across Ontario.","","","https://schema.org","JobPosting","Cardiology","Physician Opportunities Ontario Heart Center is seeking an Internal Medicine Specialist with an interest in preventive and general cardiology to join its physician group in the Greater Toronto Area (GTA) . Full-time and part-time opportunities available. Compensation options: Fee-for-Service . Applications are welcome from both Canadian physicians and practicing physicians from the USA. Ontario Heart Center provides a network of experienced cardiologists and delivers comprehensive clinical and cardiac diagnostic services across Ontario.","2026-07-28T00:00:00.000Z","2026-10-23T00:00:00.000Z","Organization","Ontario Heart Center","Place","PostalAddress","100 Humber College Blvd","Toronto","ON","M9V5G4","CA","PropertyValue","6a698b85df36206c30b27144","2026-09-29T18:25:54.821Z","","","","","","full-time","","","","","","","","","","","","","","","","","","","","","","","","","","","","","","","","","","","","","","","","","","","","","","","","","","","","","","","","","","","","","Ontario Heart Center is seeking an Internal Medicine Specialist with an interest in preventive and general cardiology to join its physician group in the Greater Toronto Area (GTA). | Full-time and part-time opportunities available. | Compensation options: Fee-for-Service. | Applications are welcome from both Canadian physicians and practicing physicians from the USA. | Ontario Heart Center provides a network of experienced cardiologists and delivers comprehensive clinical and cardiac diagnostic services across Ontario.","","","","","","","","","","","","","","","","","","","","","","","","","","","","","","","","","","","","","","","","","","","","","","","","","","","","","","","","","","","","","","","","",""
"6a644676df36206c30aa22cc","https://physiciancareers.ca/jobs/internal-medicine-in-person-or-virtual-at-toronto-6a644676df36206c30aa22cc?specialty=Internal+Medicine&city=Toronto","※ Internal Medicine: in-person or virtual at Toronto ※","Internal Medicine","full-time","Enhanced Care Medical Clinic","downtown toronto","ON","225 The East Mall","Toronto, ON","43.6532","-79.3832","0","","unspecified","","","","","","","","","","","false","true","false","false","true","Unlock application details with Premium","2026-07-24","","Enhanced Care Medical Clinic

yournewclinic.ca

 

Internal Medicine: virtual or in-person

Minimum visit number guarantee available.

Ask us about hourly rate, no overhead option.

 

• Flexible or set day of the week/month.

• Established location with steady patient flow.

• Opportunity to start ...","Enhanced Care Medical Clinic

yournewclinic.ca

 

Internal Medicine: virtual or in-person

Minimum visit number guarantee available.

Ask us about hourly rate, no overhead option.

 

• Flexible or set day of the week/month.

• Established location with steady patient flow.

• Opportunity to start family practice if desire (FHO).

• Open to accommodate FHO practice to move in.

• Experienced medical assistant and managerial support.

• Complete admin and billing support.

• Full function EMR with custom forms and reports.

• Results and urgent messages follow-up process established.

• Phlebotomy, pharmacy, allied health support available on-site.

• Rapid access to in-house specialists (Internal Medicine, Allergy & Immunology, OB/GYN, Psychiatrist and Pediatrician).

• Patient chronic disease management and call-back programs.

• Financial/marketing/practice support for new practice starts.

• Reputable and trusted organization - Enhanced Care Clinic




Competitive split - Minimum visit number guarantee available. Ask us about our hourly rate, no overhead option.

 

About Enhanced Care Medical Clinic

At Enhanced Care, with over 90 family physicians and specialists, and a team of allied health providers and skilled staff; our goal is to get patients healthy, quickly and safely. We are passionate about providing exceptional care to patients and creating a collaborative and supportive practice environment.

** Winner of 2015 OPA’s Collaborative Services Award.**

 

FOR MORE INFORMATION

Visit: yournewclinic.ca | Call: ***-***-**** (🔒 Premium) | email: ***@enhancedcare.ca (🔒 Premium)

 

We look forward to hearing from you soon!","","{""text"":""yournewclinic.ca"",""url"":""https://yournewclinic.ca/""} | {""text"":""yournewclinic.ca"",""url"":""https://yournewclinic.ca/""} | {""text"":""***-***-**** (🔒 Premium)"",""url"":""/pricing""} | {""text"":""***@enhancedcare.ca (🔒 Premium)"",""url"":""/pricing""}","https://schema.org","JobPosting","※ Internal Medicine: in-person or virtual at Toronto ※","Enhanced Care Medical Clinic yournewclinic.ca Internal Medicine: virtual or in-person Minimum visit number guarantee available. Ask us about hourly rate, no overhead option. • Flexible or set day of the week/month. • Established location with steady patient flow. • Opportunity to start family practice if desire (FHO). • Open to accommodate FHO practice to move in. • Experienced medical assistant and managerial support. • Complete admin and billing support. • Full function EMR with custom forms and reports. • Results and urgent messages follow-up process established. • Phlebotomy, pharmacy, allied health support available on-site. • Rapid access to in-house specialists (Internal Medicine, Allergy &amp; Immunology, OB/GYN, Psychiatrist and Pediatrician). • Patient chronic disease management and call-back programs. • Financial/marketing/practice support for new practice starts. • Reputable and trusted organization - Enhanced Care Clinic Competitive split - Minimum visit number guarantee available. Ask us about our hourly rate, no overhead option. About Enhanced Care Medical Clinic At Enhanced Care, with over 90 family physicians and specialists, and a team of allied health providers and skilled staff; our goal is to get patients healthy, quickly and safely. We are passionate about providing exceptional care to patients and creating a collaborative and supportive practice environment. ** Winner of 2015 OPA’s Collaborative Services Award.** FOR MORE INFORMATION Visit: yournewclinic.ca | Call: 647-254-5578 | email: jobs@enhancedcare.ca We look forward to hearing from you soon!","2026-07-24T00:00:00.000Z","2026-08-17T00:00:00.000Z","Organization","Enhanced Care Medical Clinic","Place","PostalAddress","225 The East Mall","Toronto","ON","M9B6J1","CA","PropertyValue","6a644676df36206c30aa22cc","2026-09-29T18:25:55.380Z","","","","","","full-time","","","","","","","","","","","","","","","","","","","","","","","","","","","","","","","","","","","","","","","","","","","","","","","","","","","","","","","","","","","","","","yournewclinic.ca","Minimum visit number guarantee available. | Ask us about hourly rate, no overhead option. | • Flexible or set day of the week/month. | • Established location with steady patient flow. | • Opportunity to start family practice if desire (FHO). | • Open to accommodate FHO practice to move in. | • Experienced medical assistant and managerial support. | • Complete admin and billing support. | • Full function EMR with custom forms and reports. | • Results and urgent messages follow-up process established. | • Phlebotomy, pharmacy, allied health support available on-site. | • Rapid access to in-house specialists (Internal Medicine, Allergy & Immunology, OB/GYN, Psychiatrist and Pediatrician). | • Patient chronic disease management and call-back programs. | • Financial/marketing/practice support for new practice starts. | • Reputable and trusted organization - Enhanced Care Clinic","","At Enhanced Care, with over 90 family physicians and specialists, and a team of allied health providers and skilled staff; our goal is to get patients healthy, quickly and safely. We are passionate about providing exceptional care to patients and creating a collaborative and supportive practice environment. | ** Winner of 2015 OPA’s Collaborative Services Award.**","Visit: yournewclinic.ca | Call: ***-***-**** (🔒 Premium) | email: ***@enhancedcare.ca (🔒 Premium)","","","","","","","","","","","","","","","","","","","","","","","","","","","","","","","","","","","","","","","","","","","","","","","","","","","","","","","","","","","",""
"6a6050c7df36206c30a38e2c","https://physiciancareers.ca/jobs/cardiologist-nuclear-cardiology-focus-qa-lab-advisor-6a6050c7df36206c30a38e2c?specialty=Internal+Medicine&city=Toronto","Cardiologist – Nuclear Cardiology Focus & QA Lab Advisor","Internal Medicine","part-time","SP Cardio Clinics","midtown","ON","491 Lawrence Avenue West","Toronto, ON","43.7001","-79.397","5.33","Fee-For-Service","unspecified","","","","","","","","","","","false","false","false","true","true","Unlock application details with Premium","2026-07-21","","MDSearch is recruiting a non-invasive Cardiologist with a Nuclear Cardiology focus for an established community-based ambulatory cardiology clinic and diagnostic facility in midtown Toronto. The position is available on a full-time or part-time basis with flexible scheduling, making it an excellent ...","MDSearch is recruiting a non-invasive Cardiologist with a Nuclear Cardiology focus for an established community-based ambulatory cardiology clinic and diagnostic facility in midtown Toronto. The position is available on a full-time or part-time basis with flexible scheduling, making it an excellent opportunity for physicians seeking a rewarding clinical practice with genuine work-life balance.

The clinic is staffed by a group of university- and hospital-affiliated Cardiologists and Respirologists, and these institutional affiliations allow seamless continuity with upstream hospital-based cardiac services.

The Role

Provide comprehensive outpatient cardiology consultation and follow-up services
Serve as Quality Assurance (QA) Advisor for an accredited Nuclear Cardiology Laboratory
Oversee quality assurance activities within the lab's quality management program
Participate in protocol development and review, and monitor quality metrics
Ensure ongoing compliance with accreditation standards
Collaborate with Nuclear Medicine Technologists to promote excellence in patient care

About the Clinic

This professionally managed clinic is dedicated to delivering the highest quality patient care. A dedicated administrative team handles all clinical and administrative operations, allowing physicians to focus on what matters most — patient care.

Qualifications

Certification in Cardiology by the Royal College of Physicians and Surgeons of Canada, or equivalent acceptable for CPSO registration
Eligibility for independent or provisional licensure with the College of Physicians and Surgeons of Ontario (CPSO)
Fellowship training and demonstrated expertise in Nuclear Cardiology (CBNC certification or Royal College certification in Nuclear Medicine)
Experience with Nuclear Cardiology laboratory quality assurance programs preferred
Full-time commitment preferred

This position combines a high-quality outpatient clinical practice with a leadership role in maintaining the quality and safety of a modern Nuclear Cardiology laboratory. Start date: as soon as possible.","MDSearch is recruiting a non-invasive Cardiologist with a Nuclear Cardiology focus for an established community-based ambulatory cardiology clinic and diagnostic facility in midtown Toronto. The position is available on a full-time or part-time basis with flexible scheduling, making it an excellent opportunity for physicians seeking a rewarding clinical practice with genuine work-life balance. | The clinic is staffed by a group of university- and hospital-affiliated Cardiologists and Respirologists, and these institutional affiliations allow seamless continuity with upstream hospital-based cardiac services.","","https://schema.org","JobPosting","Cardiologist – Nuclear Cardiology Focus & QA Lab Advisor","MDSearch is recruiting a non-invasive Cardiologist with a Nuclear Cardiology focus for an established community-based ambulatory cardiology clinic and diagnostic facility in midtown Toronto. The position is available on a full-time or part-time basis with flexible scheduling, making it an excellent opportunity for physicians seeking a rewarding clinical practice with genuine work-life balance. The clinic is staffed by a group of university- and hospital-affiliated Cardiologists and Respirologists, and these institutional affiliations allow seamless continuity with upstream hospital-based cardiac services. The Role Provide comprehensive outpatient cardiology consultation and follow-up services Serve as Quality Assurance (QA) Advisor for an accredited Nuclear Cardiology Laboratory Oversee quality assurance activities within the lab&#39;s quality management program Participate in protocol development and review, and monitor quality metrics Ensure ongoing compliance with accreditation standards Collaborate with Nuclear Medicine Technologists to promote excellence in patient care About the Clinic This professionally managed clinic is dedicated to delivering the highest quality patient care. A dedicated administrative team handles all clinical and administrative operations, allowing physicians to focus on what matters most — patient care. Qualifications Certification in Cardiology by the Royal College of Physicians and Surgeons of Canada, or equivalent acceptable for CPSO registration Eligibility for independent or provisional licensure with the College of Physicians and Surgeons of Ontario (CPSO) Fellowship training and demonstrated expertise in Nuclear Cardiology (CBNC certification or Royal College certification in Nuclear Medicine) Experience with Nuclear Cardiology laboratory quality assurance programs preferred Full-time commitment preferred This position combines a high-quality outpatient clinical practice with a leadership role in maintaining the quality and safety of a modern Nuclear Cardiology laboratory. Start date: as soon as possible.","2026-07-21T00:00:00.000Z","2026-10-19T00:00:00.000Z","Organization","SP Cardio Clinics","Place","PostalAddress","491 Lawrence Avenue West","Toronto","ON","M5M1C7","CA","PropertyValue","6a6050c7df36206c30a38e2c","2026-09-29T18:25:55.800Z","","Provide comprehensive outpatient cardiology consultation and follow-up services | Serve as Quality Assurance (QA) Advisor for an accredited Nuclear Cardiology Laboratory | Oversee quality assurance activities within the lab's quality management program | Participate in protocol development and review, and monitor quality metrics | Ensure ongoing compliance with accreditation standards | Collaborate with Nuclear Medicine Technologists to promote excellence in patient care","","","","part-time","","","","","","","","","","","","","","","","","Certification in Cardiology by the Royal College of Physicians and Surgeons of Canada, or equivalent acceptable for CPSO registration | Eligibility for independent or provisional licensure with the College of Physicians and Surgeons of Ontario (CPSO) | Fellowship training and demonstrated expertise in Nuclear Cardiology (CBNC certification or Royal College certification in Nuclear Medicine) | Experience with Nuclear Cardiology laboratory quality assurance programs preferred | Full-time commitment preferred | This position combines a high-quality outpatient clinical practice with a leadership role in maintaining the quality and safety of a modern Nuclear Cardiology laboratory. Start date: as soon as possible.","","","","","","","","","","","","","","","","","","","","","","","","","","","","","","","","","","","","","","","This professionally managed clinic is dedicated to delivering the highest quality patient care. A dedicated administrative team handles all clinical and administrative operations, allowing physicians to focus on what matters most — patient care.","","","","","","","","","","","","","","","","","","","","","","","","","","","","","","","","","","","","","","","","","","","","","","","","","","","","","","","","","","","","","","","","","","","","","",""
"6a5b12d2df36206c309a8cb9","https://physiciancareers.ca/jobs/respirologist-midtown-toronto-6a5b12d2df36206c309a8cb9?specialty=Internal+Medicine&city=Toronto","Respirologist Midtown Toronto","Internal Medicine","full-time","The Lung Clinic","midtown","ON","1849 Yonge Street","Toronto, ON","43.7001","-79.397","5.33","Fee-For-Service","unspecified","","","","","","","","","","","false","false","false","false","true","Unlock application details with Premium","2026-07-17","","Part time or Full time Respirologist required for a busy respiratory practice.
There is a Level 3 PFT Lab and radiology clinic on site.
Respirologist bills professional fees for the PFTs.
Fees split is negotiable.
Additional work at the busy sister Sleep Center is also available....","Part time or Full time Respirologist required for a busy respiratory practice.
There is a Level 3 PFT Lab and radiology clinic on site.
Respirologist bills professional fees for the PFTs.
Fees split is negotiable.
Additional work at the busy sister Sleep Center is also available.","Part time or Full time Respirologist required for a busy respiratory practice.
There is a Level 3 PFT Lab and radiology clinic on site.
Respirologist bills professional fees for the PFTs.
Fees split is negotiable.
Additional work at the busy sister Sleep Center is also available.","","https://schema.org","JobPosting","Respirologist Midtown Toronto","Part time or Full time Respirologist required for a busy respiratory practice. There is a Level 3 PFT Lab and radiology clinic on site. Respirologist bills professional fees for the PFTs. Fees split is negotiable. Additional work at the busy sister Sleep Center is also available.","2026-07-17T00:00:00.000Z","2026-10-15T00:00:00.000Z","Organization","The Lung Clinic","Place","PostalAddress","1849 Yonge Street","Toronto","ON","M4S1Y2","CA","PropertyValue","6a5b12d2df36206c309a8cb9","2026-09-29T18:25:56.201Z","","","","","","full-time","","","","","","","","","","","","","","","","","","","","","","","","","","","","","","","","","","","","","","","","","","","","","","","","","","","","","","","","","","","","","","","","","","","","","","","","","","","","","","","","","","","","","","","","","","","","","","","","","","","","","","","","","","","","","","","","","","","","","","","","","","","","","",""
"6a5b12d1df36206c309a8c8d","https://physiciancareers.ca/jobs/sleep-medicine-6a5b12d1df36206c309a8c8d?specialty=Internal+Medicine&city=Toronto","Sleep Medicine","Internal Medicine","full-time","Centre for Sleep","richmond hill","ON","295 College Street","Toronto, ON","43.8828","-79.4403","25.94","Fee-For-Service Split","unspecified","","","","","","","","","","","false","false","false","false","true","Unlock application details with Premium","2026-07-17","","Well reputed Sleep Centre with balanced focus on sleep apnea and other sleep disorders. Busy location. Presently staffed for 9 sleep beds 7 nights a week. Additional sleep work is also available at the sister facilities in North York, Vaughan, Richmond Hill and Cobourg. Fees split is negotiable. Opp...","Well reputed Sleep Centre with balanced focus on sleep apnea and other sleep disorders. Busy location. Presently staffed for 9 sleep beds 7 nights a week. Additional sleep work is also available at the sister facilities in North York, Vaughan, Richmond Hill and Cobourg. Fees split is negotiable. Opportunity to participate in CBTI group sessions currently underway at the centre. The candidate may also develop full psychiatry practice in addition to the sleep practice at this location which is located next to CAMH.","Well reputed Sleep Centre with balanced focus on sleep apnea and other sleep disorders. Busy location. Presently staffed for 9 sleep beds 7 nights a week. Additional sleep work is also available at the sister facilities in North York, Vaughan, Richmond Hill and Cobourg. Fees split is negotiable. Opportunity to participate in CBTI group sessions currently underway at the centre. The candidate may also develop full psychiatry practice in addition to the sleep practice at this location which is located next to CAMH.","","https://schema.org","JobPosting","Sleep Medicine","Well reputed Sleep Centre with balanced focus on sleep apnea and other sleep disorders. Busy location. Presently staffed for 9 sleep beds 7 nights a week. Additional sleep work is also available at the sister facilities in North York, Vaughan, Richmond Hill and Cobourg. Fees split is negotiable. Opportunity to participate in CBTI group sessions currently underway at the centre. The candidate may also develop full psychiatry practice in addition to the sleep practice at this location which is located next to CAMH.","2026-07-17T00:00:00.000Z","2026-10-15T00:00:00.000Z","Organization","Centre for Sleep","Place","PostalAddress","295 College Street","Toronto","ON","M5T1S2","CA","PropertyValue","6a5b12d1df36206c309a8c8d","2026-09-29T18:25:56.936Z","","","","","","full-time","","","","","","","","","","","","","","","","","","","","","","","","","","","","","","","","","","","","","","","","","","","","","","","","","","","","","","","","","","","","","","","","","","","","","","","","","","","","","","","","","","","","","","","","","","","","","","","","","","","","","","","","","","","","","","","","","","","","","","","","","","","","","",""
"6a59b92edf36206c309880b0","https://physiciancareers.ca/jobs/hematologist-wanted-for-multidisciplinary-clinic-in-midtown-toronto-6a59b92edf36206c309880b0?specialty=Internal+Medicine&city=Toronto","Hematologist Wanted for Multidisciplinary Clinic in Midtown Toronto","Internal Medicine","full-time","Unify Health","midtown","ON","25 Industrial Street","Toronto, ON","43.7001","-79.397","5.33","Fee-For-Service","hourly","500","500","500","1000000","","","","","","","false","true","false","false","true","Unlock application details with Premium","2026-07-16","","About Unify Health

Unify Health is a physician-owned, integrated, multidisciplinary ambulatory medical centre with over 50 physicians and a broad team of allied health professionals. We are currently seeking a part-time, casual hematologist to join our growing integrated care model. Our centrally l...","About Unify Health

Unify Health is a physician-owned, integrated, multidisciplinary ambulatory medical centre with over 50 physicians and a broad team of allied health professionals. We are currently seeking a part-time, casual hematologist to join our growing integrated care model. Our centrally located clinic offers easy access, free parking, and a collegial environment that prioritizes high-quality, patient-centred care. We have a large and consistent referral base, and a significant proportion of consults and follow-ups can be managed virtually, allowing for an efficient and flexible outpatient practice.




The Role

We are seeking a hematologist with an interest in benign hematology to join our collaborative and multidisciplinary team at Unify Health. You will play a central role in the assessment and longitudinal management of patients with conditions such as anemia, cytopenias, iron deficiency, thrombocytopenia, anticoagulation issues, monoclonal gammopathies, and abnormal blood counts.




Our clinic is supported by experienced nursing staff and internationally trained clinical assistants who streamline investigations and follow-up, including coordination of laboratory testing, doing in-house iron infusions, coordinating imaging and referrals. Virtual care with most virtual physicians making $250-$500 per hour from home or clinic on a relaxed schedule. You will have full autonomy over referral criteria, diagnostic pathways, and case exclusions, with comprehensive administrative and clinical support. Opportunities also exist for collaboration with internal medicine, nephrology, cardiology, and other specialty teams as part of an integrated care approach.




Why Join Us?

Convenient Outpatient Practice: A well-supported, office and virtual-based hematology practice without inpatient or on-call obligations.
Collaborative Environment: Work alongside a broad group of specialists within an integrated, physician-led care model.
Procedural Capability: Ability to perform in-clinic bone marrow biopsies with appropriate analgesia support.
Flexibility: Control over your schedule, patient volume, and clinic structure; we accommodate how and when you prefer to work.
Modern Facility: A purpose-built clinical space focused on efficiency, staff well-being, and patient experience.
Efficiency & Technology: Accuro EMR with pre-loaded templates and AI-supported documentation tools to reduce administrative burden.
Dedicated Support: Access to an individual clinical assistant to support workflow and patient coordination.
Billing Support: Mentorship in appropriate billing practices and access to a dedicated billing agent.

Application Process

Interested candidates are invited to submit a CV, cover letter, and any relevant certifications to ***@unifyhealth.ca (🔒 Premium) - We look forward to learning how your expertise in hematology could contribute to the continued growth of Unify Health.","","{""text"":""***@unifyhealth.ca (🔒 Premium)"",""url"":""/pricing""}","https://schema.org","JobPosting","Hematologist Wanted for Multidisciplinary Clinic in Midtown Toronto","About Unify Health Unify Health is a physician-owned, integrated, multidisciplinary ambulatory medical centre with over 50 physicians and a broad team of allied health professionals. We are currently seeking a part-time, casual hematologist to join our growing integrated care model. Our centrally located clinic offers easy access, free parking, and a collegial environment that prioritizes high-quality, patient-centred care. We have a large and consistent referral base, and a significant proportion of consults and follow-ups can be managed virtually, allowing for an efficient and flexible outpatient practice. The Role We are seeking a hematologist with an interest in benign hematology to join our collaborative and multidisciplinary team at Unify Health. You will play a central role in the assessment and longitudinal management of patients with conditions such as anemia, cytopenias, iron deficiency, thrombocytopenia, anticoagulation issues, monoclonal gammopathies, and abnormal blood counts. Our clinic is supported by experienced nursing staff and internationally trained clinical assistants who streamline investigations and follow-up, including coordination of laboratory testing, doing in-house iron infusions, coordinating imaging and referrals. Virtual care with most virtual physicians making $250-$500 per hour from home or clinic on a relaxed schedule. You will have full autonomy over referral criteria, diagnostic pathways, and case exclusions, with comprehensive administrative and clinical support. Opportunities also exist for collaboration with internal medicine, nephrology, cardiology, and other specialty teams as part of an integrated care approach. Why Join Us? Convenient Outpatient Practice: A well-supported, office and virtual-based hematology practice without inpatient or on-call obligations. Collaborative Environment: Work alongside a broad group of specialists within an integrated, physician-led care model. Procedural Capability: Ability to perform in-clinic bone marrow biopsies with appropriate analgesia support. Flexibility: Control over your schedule, patient volume, and clinic structure; we accommodate how and when you prefer to work. Modern Facility: A purpose-built clinical space focused on efficiency, staff well-being, and patient experience. Efficiency &amp; Technology: Accuro EMR with pre-loaded templates and AI-supported documentation tools to reduce administrative burden. Dedicated Support: Access to an individual clinical assistant to support workflow and patient coordination. Billing Support: Mentorship in appropriate billing practices and access to a dedicated billing agent. Application Process Interested candidates are invited to submit a CV, cover letter, and any relevant certifications to ginsberg@unifyhealth.ca - We look forward to learning how your expertise in hematology could contribute to the continued growth of Unify Health.","2026-07-16T00:00:00.000Z","2026-08-31T00:00:00.000Z","Organization","Unify Health","Place","PostalAddress","25 Industrial Street","Toronto","ON","M4G1Z2","CA","PropertyValue","6a59b92edf36206c309880b0","2026-09-29T18:25:57.640Z","Unify Health is a physician-owned, integrated, multidisciplinary ambulatory medical centre with over 50 physicians and a broad team of allied health professionals. We are currently seeking a part-time, casual hematologist to join our growing integrated care model. Our centrally located clinic offers easy access, free parking, and a collegial environment that prioritizes high-quality, patient-centred care. We have a large and consistent referral base, and a significant proportion of consults and follow-ups can be managed virtually, allowing for an efficient and flexible outpatient practice.","We are seeking a hematologist with an interest in benign hematology to join our collaborative and multidisciplinary team at Unify Health. You will play a central role in the assessment and longitudinal management of patients with conditions such as anemia, cytopenias, iron deficiency, thrombocytopenia, anticoagulation issues, monoclonal gammopathies, and abnormal blood counts. | Our clinic is supported by experienced nursing staff and internationally trained clinical assistants who streamline investigations and follow-up, including coordination of laboratory testing, doing in-house iron infusions, coordinating imaging and referrals. Virtual care with most virtual physicians making $250-$500 per hour from home or clinic on a relaxed schedule. You will have full autonomy over referral criteria, diagnostic pathways, and case exclusions, with comprehensive administrative and clinical support. Opportunities also exist for collaboration with internal medicine, nephrology, cardiology, and other specialty teams as part of an integrated care approach.","","","Interested candidates are invited to submit a CV, cover letter, and any relevant certifications to ***@unifyhealth.ca (🔒 Premium) - We look forward to learning how your expertise in hematology could contribute to the continued growth of Unify Health.","full-time","","","","","","","","","","","","","","","","","","","","","","","","","","","","","","","","","","","","","","","","","","","","","","","","","","","","","","","Convenient Outpatient Practice: A well-supported, office and virtual-based hematology practice without inpatient or on-call obligations. | Collaborative Environment: Work alongside a broad group of specialists within an integrated, physician-led care model. | Procedural Capability: Ability to perform in-clinic bone marrow biopsies with appropriate analgesia support. | Flexibility: Control over your schedule, patient volume, and clinic structure; we accommodate how and when you prefer to work. | Modern Facility: A purpose-built clinical space focused on efficiency, staff well-being, and patient experience. | Efficiency & Technology: Accuro EMR with pre-loaded templates and AI-supported documentation tools to reduce administrative burden. | Dedicated Support: Access to an individual clinical assistant to support workflow and patient coordination. | Billing Support: Mentorship in appropriate billing practices and access to a dedicated billing agent.","","","","","","","","","","","","","","","","","","","","","","","","","","","","","","","","","","","","","","","","","","","","","","","","","","","","","","","","","","","","","","","","","","","","","","",""
"6a322cab819ddc5dc2c5c364","https://physiciancareers.ca/jobs/assistant-or-associate-professor-academic-transplant-hepatologist-6a322cab819ddc5dc2c5c364?specialty=Internal+Medicine&city=Toronto","Assistant or Associate Professor - Academic Transplant Hepatologist","Internal Medicine","full-time","University Health Network-Sinai Health Systems","downtown toronto","ON","585 University Avenue","Toronto, ON","43.6532","-79.3832","0","Salaried","annual","250000","350000","300000","300000","","","","","","","false","false","false","true","true","Unlock application details with Premium","2026-07-13","","The Department of Medicine, Temerty Faculty of Medicine at the University of Toronto and the Division of Gastroenterology and Hepatology of the University Health Network (UHN) and Sinai Health (SH) is seeking to recruit to the internationally recognized Ajmera Transplant Centre, a permanent, full-ti...","The Department of Medicine, Temerty Faculty of Medicine at the University of Toronto and the Division of Gastroenterology and Hepatology of the University Health Network (UHN) and Sinai Health (SH) is seeking to recruit to the internationally recognized Ajmera Transplant Centre, a permanent, full-time Academic Transplant Hepatologist. The successful candidate must be eligible for a full-time clinical academic appointment with an academic position description of Clinician Investigator, at the rank of Assistant or Associate Professor at the University of Toronto. Effective start date is September 1, 2026, or shortly thereafter.

The successful candidate must hold a MD degree, or equivalent, and Fellowship certification with the Royal College of Physicians and Surgeons of Canada, or equivalent, to be eligible to practice hepatology in Ontario, Canada. The successful candidate must have or be eligible for licensure with the College of Physicians and Surgeons of Ontario.

The successful candidate must demonstrate advanced training in Transplant Hepatology and Transplant Oncology with experience in the inpatient and outpatient care of complex liver transplant candidates and recipients. The successful candidate will spend approximately 50% of their time in clinical work related to liver transplantation and transplant oncology. There might also be cross coverage of the kidney-pancreas inpatient service. The remaining time will be spent in research and teaching. The candidate will be appointed Clinician-Investigator and expected to develop an academic program in transplant oncology and related clinical and translational research. The desirable academic qualities of the successful candidate would include an appropriate graduate degree (MSc, PhD or equivalent), fellowship training, relevant grants, and publications and/or a proven track record and accomplishments in transplant oncology research consistent with a Clinician Investigator academic role. The candidate will also contribute to the clinical fellowship program in transplant hepatology, working alongside clinician educators within the group.

The Ajmera Transplant Centre performs 200 liver transplants annually. The successful candidate will join our existing group of five transplant hepatologists in the Ajmera Transplant Centre which is supported by a large multidisciplinary team of abdominal transplant surgeons, medical and surgical transplant fellows, nurse practitioners, nurse coordinators, allied health professionals and administrative staff. 

The Division of Gastroenterology and Hepatology of the UHN and SH is a group of 33 luminal gastroenterologists and hepatologists. The Division has active clinical and academic programs in many areas of gastroenterology and hepatology including viral hepatitis, autoimmune liver disease, fatty liver disease, portal hypertension, hepatocellular carcinoma and liver transplantation as well as IBD, nutrition, pancreatic cancer, neurogastroenterology and motility.

The UHN includes Toronto General, Toronto Western, Princess Margaret and Toronto Rehab Hospitals, as well as the Michener Institute. UHN is a Canada’s leading research academic hospital. Building on the strengths and reputation of each of its programs, UHN brings together the talent and resources needed to achieve global impact and provide exemplary patient care, research and education. SH is a health care organization comprised of Mount Sinai Hospital, Bridgepoint Active Healthcare and Circle of Care as an affiliate, extending SH’s continuum of care into home and community programs. The SH vision is to create a premier exemplar of an integrated health system for the future.

Depending on the academic rank, qualifications and experience, remuneration will be at least in the range of $250,000-$350,000 through the Department of Medicine's Academic Practice Plan. Medical and dental benefits are available. The successful candidate may be eligible to apply for a donor-named Professorship.

Applications will be accepted until July 13, 2026, or until the position is filled. The anticipated start date will be mutually agreed upon. Should you be interested in this opportunity, please forward a letter of interest (LOI) and up-to-date curriculum vitae, and the names and contact information of three referees to:

Ms. Mona Pio (***@uhn.ca (🔒 Premium)) Administrative Assistant, AND

Dr. Deepali Kumar (***@uhn.ca (🔒 Premium)), Director of Ajmera Transplant Centre at UHN 

Diversity Statement

The University of Toronto embraces Diversity and is building a culture of belonging that increases our capacity to effectively address and serve the interests of our global community. We strongly encourage applications from Indigenous Peoples, Black and racialized persons, women, persons with disabilities, and people of diverse sexual and gender identities. We value applicants who have demonstrated a commitment to equity, diversity and inclusion and recognize that diverse perspectives, experiences, and expertise are essential to strengthening our academic mission.

Accessibility Statement

The University strives to be an equitable and inclusive community, and proactively seeks to increase diversity among its community members. Our values regarding equity and diversity are linked with our unwavering commitment to excellence in the pursuit of our academic mission.

The University is committed to the principles of the Accessibility for Ontarians with Disabilities Act (AODA). As such, we strive to make our recruitment, assessment and selection processes as accessible as possible and provide accommodations as required for applicants with disabilities.

If you require any accommodations at any point during the application and hiring process, please contact ***@utoronto.ca (🔒 Premium).","The Department of Medicine, Temerty Faculty of Medicine at the University of Toronto and the Division of Gastroenterology and Hepatology of the University Health Network (UHN) and Sinai Health (SH) is seeking to recruit to the internationally recognized Ajmera Transplant Centre, a permanent, full-time Academic Transplant Hepatologist. The successful candidate must be eligible for a full-time clinical academic appointment with an academic position description of Clinician Investigator, at the rank of Assistant or Associate Professor at the University of Toronto. Effective start date is September 1, 2026, or shortly thereafter. | The successful candidate must hold a MD degree, or equivalent, and Fellowship certification with the Royal College of Physicians and Surgeons of Canada, or equivalent, to be eligible to practice hepatology in Ontario, Canada. The successful candidate must have or be eligible for licensure with the College of Physicians and Surgeons of Ontario. | The successful candidate must demonstrate advanced training in Transplant Hepatology and Transplant Oncology with experience in the inpatient and outpatient care of complex liver transplant candidates and recipients. The successful candidate will spend approximately 50% of their time in clinical work related to liver transplantation and transplant oncology. There might also be cross coverage of the kidney-pancreas inpatient service. The remaining time will be spent in research and teaching. The candidate will be appointed Clinician-Investigator and expected to develop an academic program in transplant oncology and related clinical and translational research. The desirable academic qualities of the successful candidate would include an appropriate graduate degree (MSc, PhD or equivalent), fellowship training, relevant grants, and publications and/or a proven track record and accomplishments in transplant oncology research consistent with a Clinician Investigator academic role. The candidate will also contribute to the clinical fellowship program in transplant hepatology, working alongside clinician educators within the group. | The Ajmera Transplant Centre performs 200 liver transplants annually. The successful candidate will join our existing group of five transplant hepatologists in the Ajmera Transplant Centre which is supported by a large multidisciplinary team of abdominal transplant surgeons, medical and surgical transplant fellows, nurse practitioners, nurse coordinators, allied health professionals and administrative staff. | The Division of Gastroenterology and Hepatology of the UHN and SH is a group of 33 luminal gastroenterologists and hepatologists. The Division has active clinical and academic programs in many areas of gastroenterology and hepatology including viral hepatitis, autoimmune liver disease, fatty liver disease, portal hypertension, hepatocellular carcinoma and liver transplantation as well as IBD, nutrition, pancreatic cancer, neurogastroenterology and motility. | The UHN includes Toronto General, Toronto Western, Princess Margaret and Toronto Rehab Hospitals, as well as the Michener Institute. UHN is a Canada’s leading research academic hospital. Building on the strengths and reputation of each of its programs, UHN brings together the talent and resources needed to achieve global impact and provide exemplary patient care, research and education. SH is a health care organization comprised of Mount Sinai Hospital, Bridgepoint Active Healthcare and Circle of Care as an affiliate, extending SH’s continuum of care into home and community programs. The SH vision is to create a premier exemplar of an integrated health system for the future. | Depending on the academic rank, qualifications and experience, remuneration will be at least in the range of $250,000-$350,000 through the Department of Medicine's Academic Practice Plan. Medical and dental benefits are available. The successful candidate may be eligible to apply for a donor-named Professorship. | Applications will be accepted until July 13, 2026, or until the position is filled. The anticipated start date will be mutually agreed upon. Should you be interested in this opportunity, please forward a letter of interest (LOI) and up-to-date curriculum vitae, and the names and contact information of three referees to: | Ms. Mona Pio (***@uhn.ca (🔒 Premium)) Administrative Assistant, AND | Dr. Deepali Kumar (***@uhn.ca (🔒 Premium)), Director of Ajmera Transplant Centre at UHN","{""text"":""***@uhn.ca (🔒 Premium)"",""url"":""/pricing""} | {""text"":""***@uhn.ca (🔒 Premium)"",""url"":""/pricing""} | {""text"":""***@utoronto.ca (🔒 Premium)"",""url"":""/pricing""}","https://schema.org","JobPosting","Assistant or Associate Professor - Academic Transplant Hepatologist","The Department of Medicine, Temerty Faculty of Medicine at the University of Toronto and the Division of Gastroenterology and Hepatology of the University Health Network (UHN) and Sinai Health (SH) is seeking to recruit to the internationally recognized Ajmera Transplant Centre, a permanent, full-time Academic Transplant Hepatologist. The successful candidate must be eligible for a full-time clinical academic appointment with an academic position description of Clinician Investigator, at the rank of Assistant or Associate Professor at the University of Toronto. Effective start date is September 1, 2026, or shortly thereafter. The successful candidate must hold a MD degree, or equivalent, and Fellowship certification with the Royal College of Physicians and Surgeons of Canada, or equivalent, to be eligible to practice hepatology in Ontario, Canada. The successful candidate must have or be eligible for licensure with the College of Physicians and Surgeons of Ontario. The successful candidate must demonstrate advanced training in Transplant Hepatology and Transplant Oncology with experience in the inpatient and outpatient care of complex liver transplant candidates and recipients. The successful candidate will spend approximately 50% of their time in clinical work related to liver transplantation and transplant oncology. There might also be cross coverage of the kidney-pancreas inpatient service. The remaining time will be spent in research and teaching. The candidate will be appointed Clinician-Investigator and expected to develop an academic program in transplant oncology and related clinical and translational research. The desirable academic qualities of the successful candidate would include an appropriate graduate degree (MSc, PhD or equivalent), fellowship training, relevant grants, and publications and/or a proven track record and accomplishments in transplant oncology research consistent with a Clinician Investigator academic role. The candidate will also contribute to the clinical fellowship program in transplant hepatology, working alongside clinician educators within the group. The Ajmera Transplant Centre performs 200 liver transplants annually. The successful candidate will join our existing group of five transplant hepatologists in the Ajmera Transplant Centre which is supported by a large multidisciplinary team of abdominal transplant surgeons, medical and surgical transplant fellows, nurse practitioners, nurse coordinators, allied health professionals and administrative staff. The Division of Gastroenterology and Hepatology of the UHN and SH is a group of 33 luminal gastroenterologists and hepatologists. The Division has active clinical and academic programs in many areas of gastroenterology and hepatology including viral hepatitis, autoimmune liver disease, fatty liver disease, portal hypertension, hepatocellular carcinoma and liver transplantation as well as IBD, nutrition, pancreatic cancer, neurogastroenterology and motility. The UHN includes Toronto General, Toronto Western, Princess Margaret and Toronto Rehab Hospitals, as well as the Michener Institute. UHN is a Canada’s leading research academic hospital. Building on the strengths and reputation of each of its programs, UHN brings together the talent and resources needed to achieve global impact and provide exemplary patient care, research and education. SH is a health care organization comprised of Mount Sinai Hospital, Bridgepoint Active Healthcare and Circle of Care as an affiliate, extending SH’s continuum of care into home and community programs. The SH vision is to create a premier exemplar of an integrated health system for the future. Depending on the academic rank, qualifications and experience, remuneration will be at least in the range of $250,000-$350,000 through the Department of Medicine&#39;s Academic Practice Plan. Medical and dental benefits are available. The successful candidate may be eligible to apply for a donor-named Professorship. Applications will be accepted until July 13, 2026, or until the position is filled. The anticipated start date will be mutually agreed upon. Should you be interested in this opportunity, please forward a letter of interest (LOI) and up-to-date curriculum vitae, and the names and contact information of three referees to: Ms. Mona Pio (mona.pio@uhn.ca) Administrative Assistant, AND Dr. Deepali Kumar (Deepali.kumar@uhn.ca), Director of Ajmera Transplant Centre at UHN Diversity Statement The University of Toronto embraces Diversity and is building a culture of belonging that increases our capacity to effectively address and serve the interests of our global community. We strongly encourage applications from Indigenous Peoples, Black and racialized persons, women, persons with disabilities, and people of diverse sexual and gender identities. We value applicants who have demonstrated a commitment to equity, diversity and inclusion and recognize that diverse perspectives, experiences, and expertise are essential to strengthening our academic mission. Accessibility Statement The University strives to be an equitable and inclusive community, and proactively seeks to increase diversity among its community members. Our values regarding equity and diversity are linked with our unwavering commitment to excellence in the pursuit of our academic mission. The University is committed to the principles of the Accessibility for Ontarians with Disabilities Act (AODA). As such, we strive to make our recruitment, assessment and selection processes as accessible as possible and provide accommodations as required for applicants with disabilities. If you require any accommodations at any point during the application and hiring process, please contact uoft.careers@utoronto.ca.","2026-07-13T00:00:00.000Z","2026-08-14T00:00:00.000Z","Organization","University Health Network-Sinai Health Systems","Place","PostalAddress","585 University Avenue","Toronto","ON","M5G2N2","CA","PropertyValue","6a322cab819ddc5dc2c5c364","2026-09-29T18:25:58.243Z","","","","","","full-time","","","","","","","","","","","","","","","","","","","","","","","","","","","","","","","","","","","","","","","","","","","","","","","","","","","","","","","","","","","","","","","","","","","","The University of Toronto embraces Diversity and is building a culture of belonging that increases our capacity to effectively address and serve the interests of our global community. We strongly encourage applications from Indigenous Peoples, Black and racialized persons, women, persons with disabilities, and people of diverse sexual and gender identities. We value applicants who have demonstrated a commitment to equity, diversity and inclusion and recognize that diverse perspectives, experiences, and expertise are essential to strengthening our academic mission.","The University strives to be an equitable and inclusive community, and proactively seeks to increase diversity among its community members. Our values regarding equity and diversity are linked with our unwavering commitment to excellence in the pursuit of our academic mission. | The University is committed to the principles of the Accessibility for Ontarians with Disabilities Act (AODA). As such, we strive to make our recruitment, assessment and selection processes as accessible as possible and provide accommodations as required for applicants with disabilities. | If you require any accommodations at any point during the application and hiring process, please contact ***@utoronto.ca (🔒 Premium).","","","","","","","","","","","","","","","","","","","","","","","","","","","","","","","","","","","","","","","","","","","","","","","","","","","","","","","","",""
"6a5321c0df36206c308be9ba","https://physiciancareers.ca/jobs/locum-general-internist-6a5321c0df36206c308be9ba?specialty=Internal+Medicine&city=Toronto","Locum General Internist","Internal Medicine","full-time","Humber River Hospital","downtown toronto","ON","1235 Wilson Ave","Toronto, ON","43.6532","-79.3832","0","","unspecified","","","","","","","","","","","true","false","false","false","true","Unlock application details with Premium","2026-07-10","","Humber River Health. Tomorrow’s Healthcare, Today.  

 

Humber River Health is a multi-site organization serving a population of more than 850,000 people in the northwest Greater Toronto Area. The organization is a member of the Toronto Academic Health Science Network (TAHSN) and operates Hennick H...","Humber River Health. Tomorrow’s Healthcare, Today. 

 

Humber River Health is a multi-site organization serving a population of more than 850,000 people in the northwest Greater Toronto Area. The organization is a member of the Toronto Academic Health Science Network (TAHSN) and operates Hennick Humber Hospital, along with its Finch and Church campuses, supported by more than 5,000 employees, approximately 800 physicians, and over 600 volunteers.

 

Hennick Humber Hospital is North America’s first fully digital hospital. Through robotics and advanced technology, patients benefit from less pain, fewer complications, and shorter hospital stays. A custom combination of technology and clinical expertise supports a reimagined model of care focused on safety, efficiency, and improved outcomes. Its digital ecosystem includes automated laboratory services, medication management robotics, electronic health records, a Command Centre, computerized physician order entry, bedside computer terminals, and surgical tracking systems that keep families informed in real time.

 

These innovations enhance communication, improve efficiency, and create a more connected experience for patients and families.

 

This transformation has been made possible through the dedication of Humber’s staff, physicians, and volunteers. Together, they are united by a shared belief: the power to transform healthcare through innovation, collaboration, and excellence. With strong teams and a commitment to continuous improvement, Humber River Health continues to deliver Tomorrow’s Healthcare, Today.




We are looking for a:

 

Locum General Internist

 

Department and Program Overview

 

Department of Medicine

 

Position Summary

 

Hennick Humber Hospital, a leading academic community hospital, is seeking highly motivated and skilled General Internists to join our dynamic Internal Medicine Division, for assistance in covering a parental leave. The leave would be between November 1, 2026, to July 31, 2027.

 

As part of the General Internal Medicine group at HHH, you will be responsible for providing comprehensive care to patients in the outpatient and inpatient settings, managing a wide range of adult medical conditions, and contributing to the academic and educational mission of the institution. Humber’s affiliation with the University of Toronto and Queen’s University offers the opportunity to be a part of a vibrant academic community, working closely with residents, fellows, and medical students, while contributing to innovative clinical research projects. The ideal candidate will be passionate about general internal medicine and committed to delivering high-quality, patient-centered care to a diverse population.

 

The successful candidate would be expected to:

- Provide outpatient and inpatient care for adult patients with a broad range of medical conditions, including chronic diseases, acute illnesses, and preventive health.

- Conduct comprehensive evaluations, make diagnoses, and develop individualized treatment plans, integrating evidence-based medicine into daily practice.

- Manage patients with complex multi-system conditions, coordinating care with other specialties as needed.

- Participate in on-call rotations for inpatient care and ED admissions to GIM, providing weekend and after-hours coverage as needed.

- Participate in ambulatory clinics at HRH including Urgent Medical Care Clinic, Surgical Pre-Screening Clinic and OB Medicine Clinic.

- Offer patient education, counseling, and support to improve health outcomes and promote wellness.

 




Qualifications, Skills and Attributes

 

The successful applicant will be able to demonstrate experience in General Internal Medicine, managing complex inpatients, working with multidisciplinary teams, and participating in on-call shifts, outpatient clinics and other program-related activities.

 

In addition to demonstrated clinical excellence and outstanding interpersonal skills, candidates must be a qualified medical practitioner and a member of, or eligible for membership, with the College of Accommodations are available throughout the recruitment process and employment. Please contact our recruitment team to discuss your needs confidentially.

 

This position is being posted in response to an existing vacancy at Humber River Health.

 

The hospital reserves the right not to appoint anyone to this position.

 

www.hrh.ca




﻿Interested Applicants

 

Applications will be accepted until August 15, 2026, however, the position will remain open until filled or recruitment is closed.

 

We encourage all interested candidates to apply in confidence by forwarding: (1) Letter of Interest and (2) up-to-date curriculum vitae 

 

Application package should be submitted to: 

 

Dr. Susan Tory

Chief of Medicine, Medical Director, Medicine Program & Command Centre

Humber River Health

1235 Wilson Avenue

Toronto, ON M3M 0B2

 

Send via email: ***@hrh.ca (🔒 Premium)

 

 

Why choose Humber River Health?

At Humber River Health, our staff, physicians, and volunteers are delivering Tomorrow's Healthcare, Today. We are proud to have been recognized as a part of Greater Toronto’s Top Employers by Mediacorp Canada Inc. We support employees by providing evidence-based leadership and cultivating a culture that consistently wows with our unwavering commitment to staff, physician and volunteer engagement. We are dedicated to high-quality patient care and demonstrate our values of compassion, professionalism, and respect.

 

Humber River Health is committed to creating an inclusive, equitable and accessible workplace that reflects the diversity of our communities. Guided by our strategic direction to embed equity, diversity and inclusion in everything we do – and to address systemic barriers – we foster a culture where everyone feels respected, valued and empowered to contribute.

 

We welcome applications from individuals of all equity-deserving groups, including Indigenous peoples, racialized communities, persons living with disabilities, women, 2SLGBTQ+ individuals and seniors. We recognize that diverse identities and perspectives strengthen our ability to deliver safe, innovative and compassionate care.","","{""text"":""www.hrh.ca"",""url"":""http://www.hrh.ca/""} | {""text"":""***@hrh.ca (🔒 Premium)"",""url"":""/pricing""}","https://schema.org","JobPosting","Locum General Internist","Humber River Health. Tomorrow’s Healthcare, Today. Humber River Health is a multi-site organization serving a population of more than 850,000 people in the northwest Greater Toronto Area. The organization is a member of the Toronto Academic Health Science Network (TAHSN) and operates Hennick Humber Hospital, along with its Finch and Church campuses, supported by more than 5,000 employees, approximately 800 physicians, and over 600 volunteers. Hennick Humber Hospital is North America’s first fully digital hospital. Through robotics and advanced technology, patients benefit from less pain, fewer complications, and shorter hospital stays. A custom combination of technology and clinical expertise supports a reimagined model of care focused on safety, efficiency, and improved outcomes. Its digital ecosystem includes automated laboratory services, medication management robotics, electronic health records, a Command Centre, computerized physician order entry, bedside computer terminals, and surgical tracking systems that keep families informed in real time. These innovations enhance communication, improve efficiency, and create a more connected experience for patients and families. This transformation has been made possible through the dedication of Humber’s staff, physicians, and volunteers. Together, they are united by a shared belief: the power to transform healthcare through innovation, collaboration, and excellence. With strong teams and a commitment to continuous improvement, Humber River Health continues to deliver Tomorrow’s Healthcare, Today . We are looking for a: Locum General Internist Department and Program Overview Department of Medicine Position Summary Hennick Humber Hospital, a leading academic community hospital, is seeking highly motivated and skilled General Internists to join our dynamic Internal Medicine Division, for assistance in covering a parental leave. The leave would be between November 1, 2026, to July 31, 2027. As part of the General Internal Medicine group at HHH, you will be responsible for providing comprehensive care to patients in the outpatient and inpatient settings, managing a wide range of adult medical conditions, and contributing to the academic and educational mission of the institution. Humber’s affiliation with the University of Toronto and Queen’s University offers the opportunity to be a part of a vibrant academic community, working closely with residents, fellows, and medical students, while contributing to innovative clinical research projects. The ideal candidate will be passionate about general internal medicine and committed to delivering high-quality, patient-centered care to a diverse population. The successful candidate would be expected to: - Provide outpatient and inpatient care for adult patients with a broad range of medical conditions, including chronic diseases, acute illnesses, and preventive health. - Conduct comprehensive evaluations, make diagnoses, and develop individualized treatment plans, integrating evidence-based medicine into daily practice. - Manage patients with complex multi-system conditions, coordinating care with other specialties as needed. - Participate in on-call rotations for inpatient care and ED admissions to GIM, providing weekend and after-hours coverage as needed. - Participate in ambulatory clinics at HRH including Urgent Medical Care Clinic, Surgical Pre-Screening Clinic and OB Medicine Clinic. - Offer patient education, counseling, and support to improve health outcomes and promote wellness. Qualifications, Skills and Attributes The successful applicant will be able to demonstrate experience in General Internal Medicine, managing complex inpatients, working with multidisciplinary teams, and participating in on-call shifts, outpatient clinics and other program-related activities. In addition to demonstrated clinical excellence and outstanding interpersonal skills, candidates must be a qualified medical practitioner and a member of, or eligible for membership, with the College of Accommodations are available throughout the recruitment process and employment. Please contact our recruitment team to discuss your needs confidentially. This position is being posted in response to an existing vacancy at Humber River Health. The hospital reserves the right not to appoint anyone to this position. www.hrh.ca Interested Applicants Applications will be accepted until August 15, 2026 , however, the position will remain open until filled or recruitment is closed. We encourage all interested candidates to apply in confidence by forwarding: (1) Letter of Interest and (2) up-to-date curriculum vitae Application package should be submitted to: Dr. Susan Tory Chief of Medicine, Medical Director, Medicine Program &amp; Command Centre Humber River Health 1235 Wilson Avenue Toronto, ON M3M 0B2 Send via email: MedicalRecruitment@hrh.ca Why choose Humber River Health? At Humber River Health, our staff, physicians, and volunteers are delivering Tomorrow&#39;s Healthcare, Today. We are proud to have been recognized as a part of Greater Toronto’s Top Employers by Mediacorp Canada Inc. We support employees by providing evidence-based leadership and cultivating a culture that consistently wows with our unwavering commitment to staff, physician and volunteer engagement. We are dedicated to high-quality patient care and demonstrate our values of compassion, professionalism, and respect. Humber River Health is committed to creating an inclusive, equitable and accessible workplace that reflects the diversity of our communities. Guided by our strategic direction to embed equity, diversity and inclusion in everything we do – and to address systemic barriers – we foster a culture where everyone feels respected, valued and empowered to contribute. We welcome applications from individuals of all equity-deserving groups, including Indigenous peoples, racialized communities, persons living with disabilities, women, 2SLGBTQ+ individuals and seniors. We recognize that diverse identities and perspectives strengthen our ability to deliver safe, innovative and compassionate care.","2026-07-10T00:00:00.000Z","2026-08-15T00:00:00.000Z","Organization","Humber River Hospital","Place","PostalAddress","1235 Wilson Ave","Toronto","ON","M3M0B2","CA","PropertyValue","6a5321c0df36206c308be9ba","2026-09-29T18:25:59.058Z","","","","","","full-time","","Humber River Health is a multi-site organization serving a population of more than 850,000 people in the northwest Greater Toronto Area. The organization is a member of the Toronto Academic Health Science Network (TAHSN) and operates Hennick Humber Hospital, along with its Finch and Church campuses, supported by more than 5,000 employees, approximately 800 physicians, and over 600 volunteers. | Hennick Humber Hospital is North America’s first fully digital hospital. Through robotics and advanced technology, patients benefit from less pain, fewer complications, and shorter hospital stays. A custom combination of technology and clinical expertise supports a reimagined model of care focused on safety, efficiency, and improved outcomes. Its digital ecosystem includes automated laboratory services, medication management robotics, electronic health records, a Command Centre, computerized physician order entry, bedside computer terminals, and surgical tracking systems that keep families informed in real time. | These innovations enhance communication, improve efficiency, and create a more connected experience for patients and families. | This transformation has been made possible through the dedication of Humber’s staff, physicians, and volunteers. Together, they are united by a shared belief: the power to transform healthcare through innovation, collaboration, and excellence. With strong teams and a commitment to continuous improvement, Humber River Health continues to deliver Tomorrow’s Healthcare, Today. | Department of Medicine | Hennick Humber Hospital, a leading academic community hospital, is seeking highly motivated and skilled General Internists to join our dynamic Internal Medicine Division, for assistance in covering a parental leave. The leave would be between November 1, 2026, to July 31, 2027. | As part of the General Internal Medicine group at HHH, you will be responsible for providing comprehensive care to patients in the outpatient and inpatient settings, managing a wide range of adult medical conditions, and contributing to the academic and educational mission of the institution. Humber’s affiliation with the University of Toronto and Queen’s University offers the opportunity to be a part of a vibrant academic community, working closely with residents, fellows, and medical students, while contributing to innovative clinical research projects. The ideal candidate will be passionate about general internal medicine and committed to delivering high-quality, patient-centered care to a diverse population. | The successful candidate would be expected to: | -         Provide outpatient and inpatient care for adult patients with a broad range of medical conditions, including chronic diseases, acute illnesses, and preventive health. | -         Conduct comprehensive evaluations, make diagnoses, and develop individualized treatment plans, integrating evidence-based medicine into daily practice. | -         Manage patients with complex multi-system conditions, coordinating care with other specialties as needed. | -         Participate in on-call rotations for inpatient care and ED admissions to GIM, providing weekend and after-hours coverage as needed. | -         Participate in ambulatory clinics at HRH including Urgent Medical Care Clinic, Surgical Pre-Screening Clinic and OB Medicine Clinic. | -         Offer patient education, counseling, and support to improve health outcomes and promote wellness. | The successful applicant will be able to demonstrate experience in General Internal Medicine, managing complex inpatients, working with multidisciplinary teams, and participating in on-call shifts, outpatient clinics and other program-related activities. | In addition to demonstrated clinical excellence and outstanding interpersonal skills, candidates must be a qualified medical practitioner and a member of, or eligible for membership, with the College of Accommodations are available throughout the recruitment process and employment. Please contact our recruitment team to discuss your needs confidentially. | This position is being posted in response to an existing vacancy at Humber River Health. | The hospital reserves the right not to appoint anyone to this position.","","","","","","","","","","","","","","","","","","","","","","","","","","","","","","","","Applications will be accepted until August 15, 2026, however, the position will remain open until filled or recruitment is closed. | We encourage all interested candidates to apply in confidence by forwarding: (1) Letter of Interest and (2) up-to-date curriculum vitae | Application package should be submitted to: | Dr. Susan Tory | Chief of Medicine, Medical Director, Medicine Program & Command Centre | Humber River Health | 1235 Wilson Avenue | Toronto, ON M3M 0B2 | Send via email: ***@hrh.ca (🔒 Premium)","At Humber River Health, our staff, physicians, and volunteers are delivering Tomorrow's Healthcare, Today. We are proud to have been recognized as a part of Greater Toronto’s Top Employers by Mediacorp Canada Inc. We support employees by providing evidence-based leadership and cultivating a culture that consistently wows with our unwavering commitment to staff, physician and volunteer engagement. We are dedicated to high-quality patient care and demonstrate our values of compassion, professionalism, and respect. | Humber River Health is committed to creating an inclusive, equitable and accessible workplace that reflects the diversity of our communities. Guided by our strategic direction to embed equity, diversity and inclusion in everything we do – and to address systemic barriers – we foster a culture where everyone feels respected, valued and empowered to contribute. | We welcome applications from individuals of all equity-deserving groups, including Indigenous peoples, racialized communities, persons living with disabilities, women, 2SLGBTQ+ individuals and seniors. We recognize that diverse identities and perspectives strengthen our ability to deliver safe, innovative and compassionate care.","","","","","","","","","","","","","","","","","","","","","","","","","","","","","","","","","","","","","","","","","","","","","","","","","","","","","","","","","","","","","","","","","","","","","","","","","","","","","","","","","","","","","","","","","","",""
"6a4c8a71a641db6c3109a5dc","https://physiciancareers.ca/jobs/endocrinologist-pt-or-ft-lots-of-patients-split-or-sublease-6a4c8a71a641db6c3109a5dc?specialty=Internal+Medicine&city=Toronto","Endocrinologist P/T or F/T - Lots of Patients - Split or Sublease","Internal Medicine","full-time","Bloor Park Medical Centre","bloor","ON","726 Bloor Street West","Toronto, ON","43.6685","-79.39","1.79","","unspecified","","","","","","","","","","","false","false","false","false","true","Unlock application details with Premium","2026-07-07","","Endocrinologist(s) F/T or P/T - Lots of Patients - Christie Subway Station - High Traffic - Bloor & Christie 

 

Split or Sublease

 

Please Email ***@gmail.com (🔒 Premium) or Call or Cell Text***-***-**** (🔒 Premium)...","Endocrinologist(s) F/T or P/T - Lots of Patients - Christie Subway Station - High Traffic - Bloor & Christie 

 

Split or Sublease

 

Please Email ***@gmail.com (🔒 Premium) or Call or Cell Text***-***-**** (🔒 Premium)","","{""text"":""***@gmail.com (🔒 Premium)"",""url"":""/pricing""} | {""text"":""***-***-**** (🔒 Premium)"",""url"":""/pricing""}","https://schema.org","JobPosting","Endocrinologist P/T or F/T - Lots of Patients - Split or Sublease","Endocrinologist(s) F/T or P/T - Lots of Patients - Christie Subway Station - High Traffic - Bloor &amp; Christie Split or Sublease Please Email spatel7290@gmail.com or Call or Cell Text (416) 729-7290","2026-07-07T00:00:00.000Z","2026-09-16T00:00:00.000Z","Organization","Bloor Park Medical Centre","Place","PostalAddress","726 Bloor Street West","Toronto","ON","M6G1L4","CA","PropertyValue","6a4c8a71a641db6c3109a5dc","2026-09-29T18:25:59.599Z","","","","","","full-time","","","","","","","","","","","","","","","","","","","","","","","","","","","","","","","","","","","","","","","","","","","","","","","","","","","","","","","","","","","","","","","","","","","","","","","","Please Email ***@gmail.com (🔒 Premium) or Call or Cell Text***-***-**** (🔒 Premium)","","","","","","","","","","","","","","","","","","","","","","","","","","","","","","","","","","","","","","","","","","","","","","","","","","","","","",""
"69f5880a58d0b1387d87bca7","https://physiciancareers.ca/jobs/rheumatology-reumatologist-ft-pt-split-or-sublease-69f5880a58d0b1387d87bca7?specialty=Internal+Medicine&city=Toronto","Rheumatology Reumatologist F/T P/T Split or Sublease","Internal Medicine","full-time","Bloor Park Medical Centre","bloor","ON","726 Bloor Street West","Toronto, ON","43.6685","-79.39","1.79","","unspecified","","","","","","","","","","","false","false","false","false","true","Unlock application details with Premium","2026-07-07","","Please Email ***@gmail.com (🔒 Premium) or Call or Cell Text***-***-**** (🔒 Premium)...","Please Email ***@gmail.com (🔒 Premium) or Call or Cell Text***-***-**** (🔒 Premium)","Please Email ***@gmail.com (🔒 Premium) or Call or Cell Text***-***-**** (🔒 Premium)","{""text"":""***@gmail.com (🔒 Premium)"",""url"":""/pricing""} | {""text"":""***-***-**** (🔒 Premium)"",""url"":""/pricing""}","https://schema.org","JobPosting","Rheumatology Reumatologist F/T P/T Split or Sublease","Please Email spatel7290@gmail.com or Call or Cell Text (416) 729-7290","2026-07-07T00:00:00.000Z","2026-09-16T00:00:00.000Z","Organization","Bloor Park Medical Centre","Place","PostalAddress","726 Bloor Street West","Toronto","ON","M6G1L4","CA","PropertyValue","69f5880a58d0b1387d87bca7","2026-09-29T18:26:00.255Z","","","","","","full-time","","","","","","","","","","","","","","","","","","","","","","","","","","","","","","","","","","","","","","","","","","","","","","","","","","","","","","","","","","","","","","","","","","","","","","","","","","","","","","","","","","","","","","","","","","","","","","","","","","","","","","","","","","","","","","","","","","","","","","","","","","","","","",""
"6a4c8a71a641db6c3109a58e","https://physiciancareers.ca/jobs/gastroenterologist-6a4c8a71a641db6c3109a58e?specialty=Internal+Medicine&city=Toronto","Gastroenterologist","Internal Medicine","full-time","Provis-Rudd Endoscopy Clinic","downtown toronto","ON","123 Edward Street","Toronto, ON","43.6532","-79.3832","0","Fee-For-Service Split","unspecified","","","","","","","","","","","false","false","false","true","true","Unlock application details with Premium","2026-07-06","","Clinic

Provis‑Rudd Clinic is a well‑established, high‑volume outpatient endoscopy centre located in downtown Toronto. Our clinic is equipped with modern endoscopy suites, advanced diagnostic technology, and a highly experienced team of nurses and support staff. We maintain strong referral networks ...","Clinic

Provis‑Rudd Clinic is a well‑established, high‑volume outpatient endoscopy centre located in downtown Toronto. Our clinic is equipped with modern endoscopy suites, advanced diagnostic technology, and a highly experienced team of nurses and support staff. We maintain strong referral networks and operate with streamlined workflows designed to support safe, efficient, and patient‑centred care. More information about our clinic can be found at ruddclinic.com.

 

Position

We are seeking qualified Gastroenterologists to join our outpatient endoscopy team. The ideal candidate brings strong procedural skills, a commitment to high‑quality patient care, and the ability to work collaboratively in a fast‑paced clinical environment. This role is well‑suited to physicians who prefer a procedural‑focused practice with minimal administrative burden.

 

Job Duties

Perform endoscopic procedures in accordance with clinical guidelines and clinic protocols
Conduct pre‑procedure assessments and provide post‑procedure care and instructions
Interpret findings and complete accurate, timely procedure reports
Collaborate with nursing and administrative teams to support efficient patient flow
Maintain high standards of infection control, safety, and quality assurance
Communicate effectively with referring physicians to support continuity of care
Participate in clinic‑wide quality initiatives and ongoing professional development
Support a respectful, patient‑centred environment aligned with clinic policies

 

Required Qualifications

Medical Degree from an accredited institution
Completion of 3 to 4 years of specialty residency training in gastroenterology
Royal College of Physicians and Surgeons of Canada certification (or eligibility)
Licensed or eligible for licensure with the College of Physicians and Surgeons of Ontario (CPSO)

· Proven experience in performing endoscopic procedures, including gastroscopy, colonoscopy, and related interventions

· Demonstrated expertise in patient evaluation, procedural planning, and post‑procedure management

· Strong knowledge of gastrointestinal disorders, clinical guidelines, and evidence‑based endoscopic techniques

Strong commitment to patient safety, quality care, and professional ethics
Ability to work collaboratively within a multidisciplinary team
Excellent communication and interpersonal skills

 

Work Location 

Provis‑Rudd Clinic

123 Edward Street, Suite 400

Toronto, Ontario M5G 1E2

 

Hours

35 – 40 hours per week 

 

Employment Type

Permanent, Full-Time 

 

Wage

$300,000 – $500,000 CAD per year

 

Benefits

Benefits in accordance with provincial employment standards.

 

Language of Work

English

 

Contact

If you are qualified and interested in the position, please submit your CV and a brief cover letter to:

Jeanette Boltyansky

Director of Operations

Provis-Rudd Endoscopy Clinic

Email: ***@gmail.com (🔒 Premium)

All inquiries will be handled confidentially.","","{""text"":""***@gmail.com (🔒 Premium)"",""url"":""/pricing""}","https://schema.org","JobPosting","Gastroenterologist","Clinic Provis‑Rudd Clinic is a well‑established, high‑volume outpatient endoscopy centre located in downtown Toronto. Our clinic is equipped with modern endoscopy suites, advanced diagnostic technology, and a highly experienced team of nurses and support staff. We maintain strong referral networks and operate with streamlined workflows designed to support safe, efficient, and patient‑centred care. More information about our clinic can be found at ruddclinic.com . Position We are seeking qualified Gastroenterologists to join our outpatient endoscopy team. The ideal candidate brings strong procedural skills, a commitment to high‑quality patient care, and the ability to work collaboratively in a fast‑paced clinical environment. This role is well‑suited to physicians who prefer a procedural‑focused practice with minimal administrative burden. Job Duties Perform endoscopic procedures in accordance with clinical guidelines and clinic protocols Conduct pre‑procedure assessments and provide post‑procedure care and instructions Interpret findings and complete accurate, timely procedure reports Collaborate with nursing and administrative teams to support efficient patient flow Maintain high standards of infection control, safety, and quality assurance Communicate effectively with referring physicians to support continuity of care Participate in clinic‑wide quality initiatives and ongoing professional development Support a respectful, patient‑centred environment aligned with clinic policies Required Qualifications Medical Degree from an accredited institution Completion of 3 to 4 years of specialty residency training in gastroenterology Royal College of Physicians and Surgeons of Canada certification (or eligibility) Licensed or eligible for licensure with the College of Physicians and Surgeons of Ontario (CPSO) · Proven experience in performing endoscopic procedures, including gastroscopy, colonoscopy, and related interventions · Demonstrated expertise in patient evaluation, procedural planning, and post‑procedure management · Strong knowledge of gastrointestinal disorders, clinical guidelines, and evidence‑based endoscopic techniques Strong commitment to patient safety, quality care, and professional ethics Ability to work collaboratively within a multidisciplinary team Excellent communication and interpersonal skills Work Location Provis‑Rudd Clinic 123 Edward Street, Suite 400 Toronto, Ontario M5G 1E2 Hours 35 – 40 hours per week Employment Type Permanent, Full-Time Wage $300,000 – $500,000 CAD per year Benefits Benefits in accordance with provincial employment standards. Language of Work English Contact If you are qualified and interested in the position, please submit your CV and a brief cover letter to: Jeanette Boltyansky Director of Operations Provis-Rudd Endoscopy Clinic Email: provisruddclinic@gmail.com All inquiries will be handled confidentially.","2026-07-06T00:00:00.000Z","2026-09-30T00:00:00.000Z","Organization","Provis-Rudd Endoscopy Clinic","Place","PostalAddress","123 Edward Street","Toronto","ON","M5G1E2","CA","PropertyValue","6a4c8a71a641db6c3109a58e","2026-09-29T18:26:00.798Z","","","","","","full-time","","","","","","","","","","","","","","","","","","","","","","","","","","","","","","","","","","","","","","","","","","","","Benefits in accordance with provincial employment standards.","","","","","","","","","","","","","","","","","","","","","","","","","","","","","Provis‑Rudd Clinic is a well‑established, high‑volume outpatient endoscopy centre located in downtown Toronto. Our clinic is equipped with modern endoscopy suites, advanced diagnostic technology, and a highly experienced team of nurses and support staff. We maintain strong referral networks and operate with streamlined workflows designed to support safe, efficient, and patient‑centred care. More information about our clinic can be found at ruddclinic.com.","We are seeking qualified Gastroenterologists to join our outpatient endoscopy team. The ideal candidate brings strong procedural skills, a commitment to high‑quality patient care, and the ability to work collaboratively in a fast‑paced clinical environment. This role is well‑suited to physicians who prefer a procedural‑focused practice with minimal administrative burden.","Perform endoscopic procedures in accordance with clinical guidelines and clinic protocols | Conduct pre‑procedure assessments and provide post‑procedure care and instructions | Interpret findings and complete accurate, timely procedure reports | Collaborate with nursing and administrative teams to support efficient patient flow | Maintain high standards of infection control, safety, and quality assurance | Communicate effectively with referring physicians to support continuity of care | Participate in clinic‑wide quality initiatives and ongoing professional development | Support a respectful, patient‑centred environment aligned with clinic policies","Medical Degree from an accredited institution | Completion of 3 to 4 years of specialty residency training in gastroenterology | Royal College of Physicians and Surgeons of Canada certification (or eligibility) | Licensed or eligible for licensure with the College of Physicians and Surgeons of Ontario (CPSO) | ·      Proven experience in performing endoscopic procedures, including gastroscopy, colonoscopy, and related interventions | ·      Demonstrated expertise in patient evaluation, procedural planning, and post‑procedure management | ·      Strong knowledge of gastrointestinal disorders, clinical guidelines, and evidence‑based endoscopic techniques | Strong commitment to patient safety, quality care, and professional ethics | Ability to work collaboratively within a multidisciplinary team | Excellent communication and interpersonal skills","Provis‑Rudd Clinic | 123 Edward Street, Suite 400 | Toronto, Ontario M5G 1E2","35 – 40 hours per week","Permanent, Full-Time","$300,000 – $500,000 CAD per year","English","If you are qualified and interested in the position, please submit your CV and a brief cover letter to: | Jeanette Boltyansky | Director of Operations | Provis-Rudd Endoscopy Clinic | Email: ***@gmail.com (🔒 Premium) | All inquiries will be handled confidentially.","","","","","","","","","","","","","","","","","","","","","","","","","","","","","","","","","","","","","","","","","","","",""
"6a4c8a71a641db6c3109a589","https://physiciancareers.ca/jobs/looking-for-gastroenterologist-for-a-busy-endoscopy-clinic-in-toronto-6a4c8a71a641db6c3109a589?specialty=Internal+Medicine&city=Toronto","Looking for Gastroenterologist for a busy Endoscopy Clinic in Toronto","Internal Medicine","full-time","Provis-Rudd Endoscopy Clinic","downtown toronto","ON","123 Edward Street","Toronto, ON","43.6532","-79.3832","0","Fee-For-Service Split","unspecified","","","","","","","","","","","false","false","false","false","true","Unlock application details with Premium","2026-07-06","","Looking for a Gastroenterologist to join our busy Enodoscopy Clinic in Downtown Toronto

We book approximately 14-20 cases , Monday - Saturday 8am - 4pm

Please email ***@ruddclinic.com (🔒 Premium)...","Looking for a Gastroenterologist to join our busy Enodoscopy Clinic in Downtown Toronto

We book approximately 14-20 cases , Monday - Saturday 8am - 4pm

Please email ***@ruddclinic.com (🔒 Premium)","Looking for a Gastroenterologist to join our busy Enodoscopy Clinic in Downtown Toronto | We book approximately 14-20 cases , Monday - Saturday 8am - 4pm | Please email ***@ruddclinic.com (🔒 Premium)","{""text"":""***@ruddclinic.com (🔒 Premium)"",""url"":""/pricing""}","https://schema.org","JobPosting","Looking for Gastroenterologist for a busy Endoscopy Clinic in Toronto","Looking for a Gastroenterologist to join our busy Enodoscopy Clinic in Downtown Toronto We book approximately 14-20 cases , Monday - Saturday 8am - 4pm Please email jeanette@ruddclinic.com","2026-07-06T00:00:00.000Z","2026-09-30T00:00:00.000Z","Organization","Provis-Rudd Endoscopy Clinic","Place","PostalAddress","123 Edward Street","Toronto","ON","M5G1E2","CA","PropertyValue","6a4c8a71a641db6c3109a589","2026-09-29T18:26:01.300Z","","","","","","full-time","","","","","","","","","","","","","","","","","","","","","","","","","","","","","","","","","","","","","","","","","","","","","","","","","","","","","","","","","","","","","","","","","","","","","","","","","","","","","","","","","","","","","","","","","","","","","","","","","","","","","","","","","","","","","","","","","","","","","","","","","","","","","",""
"69d4919be1d60f82dd89853a","https://physiciancareers.ca/jobs/pediatrician-supervisedrestricted-license-if-required-69d4919be1d60f82dd89853a?specialty=Pediatrics&city=Toronto","Pediatrician ( Supervised/Restricted License If required)","Pediatrics","full-time","Oakville Pediatrics","mississauga","ON","222 Dixon Road","Toronto, ON","43.589","-79.6441","22.18","Salaried","unspecified","","","","","","","","","","","false","true","false","false","true","Unlock application details with Premium","2026-09-11","","Established multi-site/multi-specialty pediatric clinics in the GTA area providing general pediatrics services for the community for over 20 years. Primary/routine care ranges to walk-in/urgent care for common pediatric conditions & pediatric Consultations. Open 7 days a day, No call or hospital com...","Established multi-site/multi-specialty pediatric clinics in the GTA area providing general pediatrics services for the community for over 20 years. Primary/routine care ranges to walk-in/urgent care for common pediatric conditions & pediatric Consultations. Open 7 days a day, No call or hospital commitment. High income for a full-time position. Will enjoy the variety of patient care and diverse ethnic backgrounds. Clinics are easy to access from major highways and are located in the heart of the inner cities of Toronto, Mississauga, and Oakville. Sub-specialists on site are Peds Emerg, Allergy& Immunology, ENT, Eyecare specialists, Asthma Specialist, and Pediatric Travel clinic. EMR and X-ray, lab, and hospital ER are within a driving (2-5 Min distance). Staffed by over 26 pediatricians, General Pediatricians, Peds Emerg, Allergists, ENT, eye care specialists, and chiropodists. Clinic support supervised license, return of service, and work permit/applications for permanent residency. Recruiter on Records: Mr. Manz, Job Type: Full-time, Required eligibility for license or certification by: Ontario College of Phys and Surg license. Signing Bonus, Retention Bonus, and CME allowance.

Addresses:

106-222 Dixon Rd, Toronto

2540 Postmaster Dr, Oakville","Established multi-site/multi-specialty pediatric clinics in the GTA area providing general pediatrics services for the community for over 20 years. Primary/routine care ranges to walk-in/urgent care for common pediatric conditions & pediatric Consultations. Open 7 days a day, No call or hospital commitment. High income for a full-time position. Will enjoy the variety of patient care and diverse ethnic backgrounds. Clinics are easy to access from major highways and are located in the heart of the inner cities of Toronto, Mississauga, and Oakville. Sub-specialists on site are Peds Emerg, Allergy& Immunology, ENT, Eyecare specialists, Asthma Specialist, and Pediatric Travel clinic. EMR and X-ray, lab, and hospital ER are within a driving (2-5 Min distance). Staffed by over 26 pediatricians, General Pediatricians, Peds Emerg, Allergists, ENT, eye care specialists, and chiropodists. Clinic support supervised license, return of service, and work permit/applications for permanent residency. Recruiter on Records: Mr. Manz, Job Type: Full-time, Required eligibility for license or certification by: Ontario College of Phys and Surg license. Signing Bonus, Retention Bonus, and CME allowance. | Addresses: | 106-222 Dixon Rd, Toronto | 2540 Postmaster Dr, Oakville","","https://schema.org","JobPosting","Pediatrician ( Supervised/Restricted License If required)","Established multi-site/multi-specialty pediatric clinics in the GTA area providing general pediatrics services for the community for over 20 years. Primary/routine care ranges to walk-in/urgent care for common pediatric conditions &amp; pediatric Consultations. Open 7 days a day, No call or hospital commitment. High income for a full-time position. Will enjoy the variety of patient care and diverse ethnic backgrounds. Clinics are easy to access from major highways and are located in the heart of the inner cities of Toronto, Mississauga, and Oakville. Sub-specialists on site are Peds Emerg, Allergy&amp; Immunology, ENT, Eyecare specialists, Asthma Specialist, and Pediatric Travel clinic. EMR and X-ray, lab, and hospital ER are within a driving (2-5 Min distance). Staffed by over 26 pediatricians, General Pediatricians, Peds Emerg, Allergists, ENT, eye care specialists, and chiropodists. Clinic support supervised license, return of service, and work permit/applications for permanent residency. Recruiter on Records: Mr. Manz, Job Type: Full-time, Required eligibility for license or certification by: Ontario College of Phys and Surg license. Signing Bonus, Retention Bonus, and CME allowance. Addresses: 106-222 Dixon Rd, Toronto 2540 Postmaster Dr, Oakville","2026-09-11T00:00:00.000Z","2026-09-25T00:00:00.000Z","Organization","Oakville Pediatrics","Place","PostalAddress","222 Dixon Road","Toronto","ON","M9P3S5","CA","PropertyValue","69d4919be1d60f82dd89853a","2026-09-29T18:26:04.790Z","","","","","","full-time","","","","","","","","","","","","","","","","","","","","","","","","","","","","","","","","","","","","","","","","","","","","","","","","","","","","","","","","","","","","","","","","","","","","","","","","","","","","","","","","","","","","","","","","","","","","","","","","","","","","","","","","","","","","","","","","","","","","","","","","","","","","","",""
"6aa0ebf25ffbbbfeb62ea82e","https://physiciancareers.ca/jobs?specialty=Pediatrics&city=Toronto","Academic clinician staff Physician. Clinical and Metabolic Genetics","Pediatrics","full-time","The Hospital for Sick Children","downtown toronto","ON","555 University Avenue","Toronto, ON","43.6532","-79.3832","0","","annual","275543","340000","307772","307772","","","","","","","true","false","false","true","true","Unlock application details with Premium","2026-09-08","","Hospital for Sick Children, Division of Clinical and Metabolic Genetics

Effective July 1, 2027, the Department of Paediatrics, Temerity Faculty of Medicine at the University of Toronto and the Division of Clinical and Metabolic Genetics at The Hospital for Sick Children, 555 University Avenue, Toro...","Hospital for Sick Children, Division of Clinical and Metabolic Genetics

Effective July 1, 2027, the Department of Paediatrics, Temerity Faculty of Medicine at the University of Toronto and the Division of Clinical and Metabolic Genetics at The Hospital for Sick Children, 555 University Avenue, Toronto, Ontario, an academic health science centre dedicated exclusively to children, affiliated with the University of Toronto, is recruiting a full-time permanent academic clinician staff physician. 

The Division of Clinical and Metabolic Genetics has a long tradition of excellence in clinical care, education, and innovative research. Independent and collaborative clinical and basic research is performed by Division members. The Division hosts a residency training programs in addition to fellowship programs in Clinical Biochemical Genetics and Laboratory Biochemical Genetics, which are fully accredited by the Royal College of Physicians and Surgeons of Canada and the Canadian College of Medical Geneticists (CCMG). The Hospital for Sick Children has a full service biochemical diagnostic laboratory hosted within the Department of Pathology and Laboratory Medicine.

The successful candidate will join a dynamic interprofessional care team. The successful candidate will provide care for clinical genetics patients in the outpatient settings and inpatient consultation service. Specific interest and expertise in methylation disorders, overgrowth and mechanisms of imprinting is preferred but not required. Experience with interpretation of results of long-read genome wide sequencing, RNA sequencing and methylation tests would be highly desirable. Evidence of excellence in teaching and research is required. Candidates at all career stages are encouraged to apply.

All candidates must be able to function proficiently in English, hold an MD, MBBS or equivalent thereto and be certified or eligible for certification by the Royal College of Physicians and Surgeons of Canada or have comparable qualifications. Candidates must hold or be eligible for licensure with the College of Physicians and Surgeons of Ontario. This position will remain open until filled.

The successful candidate will be eligible for an academic appointment at the University of Toronto. Rank and salary ($275,543 to $340,000) per annum will be commensurate with qualifications and experience. The successful candidate will be eligible for a benefits package which includes medical, dental, life insurance, long term disability insurance, group insurance, pension plan, vision care, academic allowance, and a relocation package.

Interested individuals should submit a letter of application, curriculum vitae, and the names and addresses of three referees to: Dr. Roberto Mendoza, Head, Division of Clinical and Metabolic Genetics, Department of Paediatrics, email: ***@sickkids.ca (🔒 Premium) The Hospital for Sick Children, 555 University Avenue, Toronto, Ontario Canada M5G 1X8. 

The University of Toronto and The Hospital for Sick Children are strongly committed to diversity within its community. Both institutions recognize systemic barriers that impact equity seeking groups. As such, we welcome applications from historically marginalized groups including Black, Indigenous, and Racialized people, women, LGBTQIA+, and/or persons with disabilities. The Department recognizes and fairly considers the impact of leaves (e.g., family care or health-related) that may contribute to career interruptions or slowdowns. Candidates are encouraged to signal any leave that affected productivity, or that may have influenced their career path. This information will be considered to ensure the equitable assessment of the candidate’s record. The Department further supports an employment equity program and encourages members of designated equity groups to self-identify. It further seeks to ensure equitable treatment and full inclusion of persons with disabilities.","","{""text"":""***@sickkids.ca (🔒 Premium)"",""url"":""/pricing""}","https://schema.org","JobPosting","Academic clinician staff Physician. Clinical and Metabolic Genetics","Hospital for Sick Children, Division of Clinical and Metabolic Genetics Effective July 1, 2027, the Department of Paediatrics, Temerity Faculty of Medicine at the University of Toronto and the Division of Clinical and Metabolic Genetics at The Hospital for Sick Children, 555 University Avenue, Toronto, Ontario, an academic health science centre dedicated exclusively to children, affiliated with the University of Toronto, is recruiting a full-time permanent academic clinician staff physician. The Division of Clinical and Metabolic Genetics has a long tradition of excellence in clinical care, education, and innovative research. Independent and collaborative clinical and basic research is performed by Division members. The Division hosts a residency training programs in addition to fellowship programs in Clinical Biochemical Genetics and Laboratory Biochemical Genetics, which are fully accredited by the Royal College of Physicians and Surgeons of Canada and the Canadian College of Medical Geneticists (CCMG). The Hospital for Sick Children has a full service biochemical diagnostic laboratory hosted within the Department of Pathology and Laboratory Medicine. The successful candidate will join a dynamic interprofessional care team. The successful candidate will provide care for clinical genetics patients in the outpatient settings and inpatient consultation service. Specific interest and expertise in methylation disorders, overgrowth and mechanisms of imprinting is preferred but not required. Experience with interpretation of results of long-read genome wide sequencing, RNA sequencing and methylation tests would be highly desirable. Evidence of excellence in teaching and research is required. Candidates at all career stages are encouraged to apply. All candidates must be able to function proficiently in English, hold an MD, MBBS or equivalent thereto and be certified or eligible for certification by the Royal College of Physicians and Surgeons of Canada or have comparable qualifications. Candidates must hold or be eligible for licensure with the College of Physicians and Surgeons of Ontario. This position will remain open until filled. The successful candidate will be eligible for an academic appointment at the University of Toronto. Rank and salary ($275,543 to $340,000) per annum will be commensurate with qualifications and experience. The successful candidate will be eligible for a benefits package which includes medical, dental, life insurance, long term disability insurance, group insurance, pension plan, vision care, academic allowance, and a relocation package. Interested individuals should submit a letter of application, curriculum vitae, and the names and addresses of three referees to: Dr. Roberto Mendoza, Head, Division of Clinical and Metabolic Genetics, Department of Paediatrics, email: roberto.mendoza@sickkids.ca The Hospital for Sick Children, 555 University Avenue, Toronto, Ontario Canada M5G 1X8. The University of Toronto and The Hospital for Sick Children are strongly committed to diversity within its community. Both institutions recognize systemic barriers that impact equity seeking groups. As such, we welcome applications from historically marginalized groups including Black, Indigenous, and Racialized people, women, LGBTQIA+, and/or persons with disabilities. The Department recognizes and fairly considers the impact of leaves (e.g., family care or health-related) that may contribute to career interruptions or slowdowns. Candidates are encouraged to signal any leave that affected productivity, or that may have influenced their career path. This information will be considered to ensure the equitable assessment of the candidate’s record. The Department further supports an employment equity program and encourages members of designated equity groups to self-identify. It further seeks to ensure equitable treatment and full inclusion of persons with disabilities.","2026-09-08T00:00:00.000Z","2026-12-07T00:00:00.000Z","Organization","The Hospital for Sick Children","Place","PostalAddress","555 University Avenue","Toronto","ON","M5G1X8","CA","PropertyValue","6aa0ebf25ffbbbfeb62ea82e","2026-09-29T18:26:05.621Z","","","","","","full-time","","","","","","","","","","","","","","","","","","","","","","","","","","","","","","","","","","","","","","","","","","","","","","","","","","","","","","","","","","","","","","","","","","","","","","","","","","","","","","","","","","","Effective July 1, 2027, the Department of Paediatrics, Temerity Faculty of Medicine at the University of Toronto and the Division of Clinical and Metabolic Genetics at The Hospital for Sick Children, 555 University Avenue, Toronto, Ontario, an academic health science centre dedicated exclusively to children, affiliated with the University of Toronto, is recruiting a full-time permanent academic clinician staff physician. | The Division of Clinical and Metabolic Genetics has a long tradition of excellence in clinical care, education, and innovative research. Independent and collaborative clinical and basic research is performed by Division members. The Division hosts a residency training programs in addition to fellowship programs in Clinical Biochemical Genetics and Laboratory Biochemical Genetics, which are fully accredited by the Royal College of Physicians and Surgeons of Canada and the Canadian College of Medical Geneticists (CCMG). The Hospital for Sick Children has a full service biochemical diagnostic laboratory hosted within the Department of Pathology and Laboratory Medicine. | The successful candidate will join a dynamic interprofessional care team. The successful candidate will provide care for clinical genetics patients in the outpatient settings and inpatient consultation service. Specific interest and expertise in methylation disorders, overgrowth and mechanisms of imprinting is preferred but not required. Experience with interpretation of results of long-read genome wide sequencing, RNA sequencing and methylation tests would be highly desirable. Evidence of excellence in teaching and research is required. Candidates at all career stages are encouraged to apply. | All candidates must be able to function proficiently in English, hold an MD, MBBS or equivalent thereto and be certified or eligible for certification by the Royal College of Physicians and Surgeons of Canada or have comparable qualifications. Candidates must hold or be eligible for licensure with the College of Physicians and Surgeons of Ontario.  This position will remain open until filled. | The successful candidate will be eligible for an academic appointment at the University of Toronto. Rank and salary ($275,543 to $340,000) per annum will be commensurate with qualifications and experience.  The successful candidate will be eligible for a benefits package which includes medical, dental, life insurance, long term disability insurance, group insurance, pension plan, vision care, academic allowance, and  a relocation package. | Interested individuals should submit a letter of application, curriculum vitae, and the names and addresses of three referees to: Dr. Roberto Mendoza, Head, Division of Clinical and Metabolic Genetics, Department of Paediatrics, email: ***@sickkids.ca (🔒 Premium) The Hospital for Sick Children, 555 University Avenue, Toronto, Ontario Canada M5G 1X8. | The University of Toronto and The Hospital for Sick Children are strongly committed to diversity within its community. Both institutions recognize systemic barriers that impact equity seeking groups. As such, we welcome applications from historically marginalized groups including Black, Indigenous, and Racialized people, women, LGBTQIA+, and/or persons with disabilities. The Department recognizes and fairly considers the impact of leaves (e.g., family care or health-related) that may contribute to career interruptions or slowdowns. Candidates are encouraged to signal any leave that affected productivity, or that may have influenced their career path. This information will be considered to ensure the equitable assessment of the candidate’s record. The Department further supports an employment equity program and encourages members of designated equity groups to self-identify. It further seeks to ensure equitable treatment and full inclusion of persons with disabilities.","","","","","","","","","","","","","","","","","","","","","","","","","","","","","","","","","","","","","","","","","","",""
"6a9f997d5ffbbbfeb62c859e","https://physiciancareers.ca/jobs/pediatric-endocrinologist-opportunity-multiple-toronto-locations-kidcrew-6a9f997d5ffbbbfeb62c859e?specialty=Pediatrics&city=Toronto","Pediatric Endocrinologist Opportunity Multiple Toronto Locations Kidcrew","Pediatrics","full-time","Kidcrew","mississauga","ON","1440 Bathurst St","Toronto, ON","43.589","-79.6441","22.18","Fee-For-Service Split","unspecified","","","","","","","","","","","false","false","false","false","true","Unlock application details with Premium","2026-09-07","","Kidcrew is growing and we are looking for a Pediatric Endocrinologist to join our expanding multidisciplinary pediatric team.

Opportunity to join the Bathurst, or Duncan Mill locations, or soon-to-open Mississauga or Downtown locations.

This is an exciting opportunity to build and grow a pediatric...","Kidcrew is growing and we are looking for a Pediatric Endocrinologist to join our expanding multidisciplinary pediatric team.

Opportunity to join the Bathurst, or Duncan Mill locations, or soon-to-open Mississauga or Downtown locations.

This is an exciting opportunity to build and grow a pediatric endocrinology practice within an established, collaborative model serving a large and growing patient population.

What we offer:

🩺 Flexible opportunities — full-time, part-time, hybrid, and virtual options available

🏥 Established referral base with strong demand

👩‍⚕️ Collaborative environment with pediatricians, subspecialists, psychologists, therapists, and allied health professionals

📈 Opportunity to develop areas of interest and specialized programs

✔ Dedicated administrative and operational support

✔ Leadership and growth opportunities available

Kidcrew currently serves 130,000+ children and families and continues to expand across the Greater Toronto Area, with additional locations planned.

Whether you are an experienced Pediatric Endocrinologist or are looking to build and shape a growing practice, we would love to connect.

For a confidential discussion, please reach out:

Dina Kulik, MD

Founder & CEO, Kidcrew

***@gmail.com (🔒 Premium)","Kidcrew is growing and we are looking for a Pediatric Endocrinologist to join our expanding multidisciplinary pediatric team. | Opportunity to join the Bathurst, or Duncan Mill locations, or soon-to-open Mississauga or Downtown locations. | This is an exciting opportunity to build and grow a pediatric endocrinology practice within an established, collaborative model serving a large and growing patient population. | What we offer: | 🩺 Flexible opportunities — full-time, part-time, hybrid, and virtual options available | 🏥 Established referral base with strong demand | 👩‍⚕️ Collaborative environment with pediatricians, subspecialists, psychologists, therapists, and allied health professionals | 📈 Opportunity to develop areas of interest and specialized programs | ✔ Dedicated administrative and operational support | ✔ Leadership and growth opportunities available | Kidcrew currently serves 130,000+ children and families and continues to expand across the Greater Toronto Area, with additional locations planned. | Whether you are an experienced Pediatric Endocrinologist or are looking to build and shape a growing practice, we would love to connect. | For a confidential discussion, please reach out:","{""text"":""***@gmail.com (🔒 Premium)"",""url"":""/pricing""}","https://schema.org","JobPosting","Pediatric Endocrinologist Opportunity Multiple Toronto Locations Kidcrew","Kidcrew is growing and we are looking for a Pediatric Endocrinologist to join our expanding multidisciplinary pediatric team. Opportunity to join the Bathurst, or Duncan Mill locations, or soon-to-open Mississauga or Downtown locations. This is an exciting opportunity to build and grow a pediatric endocrinology practice within an established, collaborative model serving a large and growing patient population. What we offer: &#129658; Flexible opportunities — full-time, part-time, hybrid, and virtual options available &#127973; Established referral base with strong demand &#128105;‍⚕️ Collaborative environment with pediatricians, subspecialists, psychologists, therapists, and allied health professionals &#128200; Opportunity to develop areas of interest and specialized programs ✔ Dedicated administrative and operational support ✔ Leadership and growth opportunities available Kidcrew currently serves 130,000+ children and families and continues to expand across the Greater Toronto Area, with additional locations planned. Whether you are an experienced Pediatric Endocrinologist or are looking to build and shape a growing practice, we would love to connect. For a confidential discussion, please reach out: Dina Kulik, MD Founder &amp; CEO, Kidcrew drdinakulik@gmail.com","2026-09-07T00:00:00.000Z","2026-12-06T00:00:00.000Z","Organization","Kidcrew","Place","PostalAddress","1440 Bathurst St","Toronto","ON","M5R3J3","CA","PropertyValue","6a9f997d5ffbbbfeb62c859e","2026-09-29T18:26:06.310Z","","","","","","full-time","","","","","","","","","","","","","","","","","","","","","","","","","","","","","","","","","","","","","","","","","","","","","","","","","","","","","","","","","","","","","","","","","","","","","","","","","","","","","","","","","","","","Founder & CEO, Kidcrew | ***@gmail.com (🔒 Premium)","","","","","","","","","","","","","","","","","","","","","","","","","","","","","","","","","","","","","","","","","",""
"69f192fd58d0b1387d81e6f7","https://physiciancareers.ca/jobs/pediatrician-supervisedrestricted-license-if-required-69f192fd58d0b1387d81e6f7?specialty=Pediatrics&city=Toronto","Pediatrician ( Supervised/Restricted License If required)","Pediatrics","full-time","Oakville Pediatrics","mississauga","ON","222 Dixon Road","Toronto, ON","43.589","-79.6441","22.18","Salaried","unspecified","","","","","","","","","","","false","true","false","false","true","Unlock application details with Premium","2026-08-26","","Established multi-site/multi-specialty pediatric clinics in the GTA area providing general pediatrics services for the community for over 20 years. Primary/routine care ranges to walk-in/urgent care for common pediatric conditions & pediatric Consultations. Open 7 days a day, No call or hospital com...","Established multi-site/multi-specialty pediatric clinics in the GTA area providing general pediatrics services for the community for over 20 years. Primary/routine care ranges to walk-in/urgent care for common pediatric conditions & pediatric Consultations. Open 7 days a day, No call or hospital commitment. High income for a full-time position. Will enjoy the variety of patient care and diverse ethnic backgrounds. Clinics are easy to access from major highways and are located in the heart of the inner cities of Toronto, Mississauga, and Oakville. Sub-specialists on site are Peds Emerg, Allergy& Immunology, ENT, Eyecare specialists, Asthma Specialist, and Pediatric Travel clinic. EMR and X-ray, lab, and hospital ER are within a driving (2-5 Min distance). Staffed by over 26 pediatricians, General Pediatricians, Peds Emerg, Allergists, ENT, eye care specialists, and chiropodists. Clinic support supervised license, return of service, and work permit/applications for permanent residency. Recruiter on Records: Mr. Manz, Job Type: Full-time, Required eligibility for license or certification by: Ontario College of Phys and Surg license. Signing Bonus, Retention Bonus, and CME allowance.

Addresses:

106-222 Dixon Rd, Toronto

2540 Postmaster Dr, Oakville","Established multi-site/multi-specialty pediatric clinics in the GTA area providing general pediatrics services for the community for over 20 years. Primary/routine care ranges to walk-in/urgent care for common pediatric conditions & pediatric Consultations. Open 7 days a day, No call or hospital commitment. High income for a full-time position. Will enjoy the variety of patient care and diverse ethnic backgrounds. Clinics are easy to access from major highways and are located in the heart of the inner cities of Toronto, Mississauga, and Oakville. Sub-specialists on site are Peds Emerg, Allergy& Immunology, ENT, Eyecare specialists, Asthma Specialist, and Pediatric Travel clinic. EMR and X-ray, lab, and hospital ER are within a driving (2-5 Min distance). Staffed by over 26 pediatricians, General Pediatricians, Peds Emerg, Allergists, ENT, eye care specialists, and chiropodists. Clinic support supervised license, return of service, and work permit/applications for permanent residency. Recruiter on Records: Mr. Manz, Job Type: Full-time, Required eligibility for license or certification by: Ontario College of Phys and Surg license. Signing Bonus, Retention Bonus, and CME allowance. | Addresses: | 106-222 Dixon Rd, Toronto | 2540 Postmaster Dr, Oakville","","https://schema.org","JobPosting","Pediatrician ( Supervised/Restricted License If required)","Established multi-site/multi-specialty pediatric clinics in the GTA area providing general pediatrics services for the community for over 20 years. Primary/routine care ranges to walk-in/urgent care for common pediatric conditions &amp; pediatric Consultations. Open 7 days a day, No call or hospital commitment. High income for a full-time position. Will enjoy the variety of patient care and diverse ethnic backgrounds. Clinics are easy to access from major highways and are located in the heart of the inner cities of Toronto, Mississauga, and Oakville. Sub-specialists on site are Peds Emerg, Allergy&amp; Immunology, ENT, Eyecare specialists, Asthma Specialist, and Pediatric Travel clinic. EMR and X-ray, lab, and hospital ER are within a driving (2-5 Min distance). Staffed by over 26 pediatricians, General Pediatricians, Peds Emerg, Allergists, ENT, eye care specialists, and chiropodists. Clinic support supervised license, return of service, and work permit/applications for permanent residency. Recruiter on Records: Mr. Manz, Job Type: Full-time, Required eligibility for license or certification by: Ontario College of Phys and Surg license. Signing Bonus, Retention Bonus, and CME allowance. Addresses: 106-222 Dixon Rd, Toronto 2540 Postmaster Dr, Oakville","2026-08-26T00:00:00.000Z","2026-09-09T00:00:00.000Z","Organization","Oakville Pediatrics","Place","PostalAddress","222 Dixon Road","Toronto","ON","M9P3S5","CA","PropertyValue","69f192fd58d0b1387d81e6f7","2026-09-29T18:26:06.914Z","","","","","","full-time","","","","","","","","","","","","","","","","","","","","","","","","","","","","","","","","","","","","","","","","","","","","","","","","","","","","","","","","","","","","","","","","","","","","","","","","","","","","","","","","","","","","","","","","","","","","","","","","","","","","","","","","","","","","","","","","","","","","","","","","","","","","","",""
"6a868bebbfdb235d5f7079c8","https://physiciancareers.ca/jobs/ftpt-pediatrician-6a868bebbfdb235d5f7079c8?specialty=Pediatrics&city=Toronto","FT/PT Pediatrician","Pediatrics","full-time","303Pediatrics","etobicoke","ON","722-115 Humber College Blvd","Toronto, ON","43.6205","-79.5132","11.08","Fee-For-Service Split","unspecified","","","","","","","","","","","false","true","false","false","true","Unlock application details with Premium","2026-08-19","","Etobicoke, Toronto ON Paediatric Practice: Large well-established group seeking full-time/part-time pediatricians. EMR. Onsite lab, x-ray and pharmacy. Beside Etobicoke Hospital WOHC. New office - Etobicoke Wellness Centre. Website https://www.pediatricsathumbercollege.ca/...","Etobicoke, Toronto ON Paediatric Practice: Large well-established group seeking full-time/part-time pediatricians. EMR. Onsite lab, x-ray and pharmacy. Beside Etobicoke Hospital WOHC. New office - Etobicoke Wellness Centre. Website https://www.pediatricsathumbercollege.ca/","Etobicoke, Toronto ON Paediatric Practice: Large well-established group seeking full-time/part-time pediatricians. EMR. Onsite lab, x-ray and pharmacy. Beside Etobicoke Hospital WOHC. New office - Etobicoke Wellness Centre. Website https://www.pediatricsathumbercollege.ca/","{""text"":""https://www.pediatricsathumbercollege.ca/"",""url"":""https://www.pediatricsathumbercollege.ca/""}","https://schema.org","JobPosting","FT/PT Pediatrician","Etobicoke, Toronto ON Paediatric Practice: Large well-established group seeking full-time/part-time pediatricians. EMR. Onsite lab, x-ray and pharmacy. Beside Etobicoke Hospital WOHC. New office - Etobicoke Wellness Centre. Website https://www.pediatricsathumbercollege.ca/","2026-08-19T00:00:00.000Z","2026-11-17T00:00:00.000Z","Organization","303Pediatrics","Place","PostalAddress","722-115 Humber College Blvd","Toronto","ON","M9V0A9","CA","PropertyValue","6a868bebbfdb235d5f7079c8","2026-09-29T18:26:07.701Z","","","","","","full-time","","","","","","","","","","","","","","","","","","","","","","","","","","","","","","","","","","","","","","","","","","","","","","","","","","","","","","","","","","","","","","","","","","","","","","","","","","","","","","","","","","","","","","","","","","","","","","","","","","","","","","","","","","","","","","","","","","","","","","","","","","","","","",""
"6a83ea14bfdb235d5f6bee2c","https://physiciancareers.ca/jobs/dentist-in-chief-department-of-paediatric-dentistry-6a83ea14bfdb235d5f6bee2c?specialty=Pediatrics&city=Toronto","Dentist-in-Chief – Department of Paediatric Dentistry","Pediatrics","full-time","The Hospital for Sick Children","downtown toronto","ON","555 University Avenue","Toronto, ON","43.6532","-79.3832","0","","annual","200000","400000","300000","300000","","","","","","","true","false","false","false","true","Unlock application details with Premium","2026-08-17","","The Department of Paediatric Dentistry at The Hospital for Sick Children (SickKids), Faculty of Dentistry, University of Toronto, is inviting applications for the position of Dentist-in-Chief. This is a full-time role for an academic paediatric dentist and leader in paediatric oral health.

The effe...","The Department of Paediatric Dentistry at The Hospital for Sick Children (SickKids), Faculty of Dentistry, University of Toronto, is inviting applications for the position of Dentist-in-Chief. This is a full-time role for an academic paediatric dentist and leader in paediatric oral health.

The effective date of this appointment is June 2027 but can be negotiated.

Primary Description

Responsibilities include full clinical practice, research, and education, and administrative responsibilities as required by a Department Chief. Evidence of excellence in teaching and research is required. This role reports directly to the Chief of Peri-Operative Services.

Additional Description

The successful candidate should be a senior academic with an international reputation who can provide effective and collaborative leadership and vision at the hospital, provincial, national and international levels. The candidate must be eligible for appointment at the rank of Associate Professor at the University of Toronto and be eligible for certification with the Royal College of Dental Surgeons of Ontario. Candidates must obtain an appropriate Visa, if applicable.

We are seeking an individual whose leadership qualifications include management proficiency, dispute resolution, communications expertise, mentoring capabilities, the ability to engender trust, function collaboratively with all manner of clinical teams and administration. Additionally, the successful candidate will have a long-term vision for the Department which integrates with the mission of Peri-Operative Services, the Hospital and the University of Toronto.

Salary will be in the range of $200,000 to $400,000 for 40 hours per week, commensurate with qualifications and experience, and which will be supplemented by clinical billing activity. Benefits include Medical, Dental, Life, Group Insurance, Pension, Vision. A per annum stipend, in recognition of the administrative leadership responsibilities associated with the Department Chief role, will be provided. Support for relocation expenses will be offered. The position has a potential duration of two terms of five years each.

Department Description

The Department of Paediatric Dentistry at The Hospital for Sick Children consist of 18 dental surgeons, orthodontists and paediatric dentists, provides dental care for children and adolescents under 18 years whose treatment is best managed in a multidisciplinary hospital environment. It is integral to the Ontario Cleft Lip and Palate Craniofacial Dental program and is a major clinical training and research centre for the University of Toronto Graduate Paediatric Dentistry program. The Department also provides training to hospital staff, community dentists, physicians and families through affiliation with the University of Toronto.

Hospital Description

SickKids, located at 555 University Avenue in downtown Toronto, is among the largest children’s hospitals in North America and has a long history of excellence in clinical care, research and education. It was named the number one paediatric hospital in the world in 2025, by Newsweek magazine. SickKids is fully affiliated with the University of Toronto and is

located adjacent to the University campus and to numerous specialty hospitals and biomedical research institutes.

Toronto is a vibrant and multicultural city, widely recognized as one of the most diverse cities in the world, with approximately half of its residents born outside Canada and representation from more than 250 ethnicities. This diversity is reflected in the city’s neighbourhoods, food scene, Michelin-starred restaurants across Toronto and the surrounding region, and strengths in key sectors such as life sciences, finance, information, and communications technology. As one of the largest cities in North America, Toronto offers a dynamic downtown, diverse neighbourhoods, strong schools, and access to leading universities. It is regularly recognized in global city, travel, and liveability rankings. World-famous lake and wilderness country and year-round outdoor recreation are easily accessible, as are two hub airports for regional and international travel.

Application Process

Applications will be accepted until October 30, 2026. Should you be interested in this opportunity, please forward a one-page statement of interest [which includes the names and contact information for 3 referees] and curriculum vitae, in PDF format, via email to:

Dr. Abhaya V. Kulkarni

Chief, Peri-Operative Services and Chair of the Search Committee

175 Elizabeth St, Toronto, ON M5G 2G3

EMAIL: ***@sickkids.ca (🔒 Premium)

All qualified candidates are encouraged to apply; however, Canadians and permanent residents will be given priority.

For more information about the University of Toronto, Department of Paediatric Dentistry, please visit our home page at https://www.dentistry.utoronto.ca

Diversity Statement

The University of Toronto embraces Diversity and is building a culture of belonging that increases our capacity to effectively address and serve the interests of our global community. We strongly encourage applications from Indigenous Peoples, Black and racialized persons, women, persons with disabilities, and people of diverse sexual and gender identities. We value applicants who have demonstrated a commitment to equity, diversity and inclusion and recognize that diverse perspectives, experiences, and expertise are essential to strengthening our academic mission.

Accessibility Statement

The University strives to be an equitable and inclusive community and proactively seeks to increase diversity among its community members. Our values regarding equity and diversity are linked with our unwavering commitment to excellence in the pursuit of our academic mission.

The University is committed to the principles of the Accessibility for Ontarians with Disabilities Act (AODA). As such, we strive to make our recruitment, assessment, and selection processes as accessible as possible and provide accommodations as required for applicants with disabilities.

If you require any accommodations at any point during the application and hiring process, please contact***@utoronto.ca (🔒 Premium).","The Department of Paediatric Dentistry at The Hospital for Sick Children (SickKids), Faculty of Dentistry, University of Toronto, is inviting applications for the position of Dentist-in-Chief. This is a full-time role for an academic paediatric dentist and leader in paediatric oral health. | The effective date of this appointment is June 2027 but can be negotiated.","{""text"":""***@sickkids.ca (🔒 Premium)"",""url"":""/pricing""} | {""text"":""***@utoronto.ca (🔒 Premium)"",""url"":""/pricing""}","https://schema.org","JobPosting","Dentist-in-Chief – Department of Paediatric Dentistry","The Department of Paediatric Dentistry at The Hospital for Sick Children (SickKids), Faculty of Dentistry, University of Toronto, is inviting applications for the position of Dentist-in-Chief. This is a full-time role for an academic paediatric dentist and leader in paediatric oral health. The effective date of this appointment is June 2027 but can be negotiated. Primary Description Responsibilities include full clinical practice, research, and education, and administrative responsibilities as required by a Department Chief. Evidence of excellence in teaching and research is required. This role reports directly to the Chief of Peri-Operative Services. Additional Description The successful candidate should be a senior academic with an international reputation who can provide effective and collaborative leadership and vision at the hospital, provincial, national and international levels. The candidate must be eligible for appointment at the rank of Associate Professor at the University of Toronto and be eligible for certification with the Royal College of Dental Surgeons of Ontario. Candidates must obtain an appropriate Visa, if applicable. We are seeking an individual whose leadership qualifications include management proficiency, dispute resolution, communications expertise, mentoring capabilities, the ability to engender trust, function collaboratively with all manner of clinical teams and administration. Additionally, the successful candidate will have a long-term vision for the Department which integrates with the mission of Peri-Operative Services, the Hospital and the University of Toronto. Salary will be in the range of $200,000 to $400,000 for 40 hours per week, commensurate with qualifications and experience, and which will be supplemented by clinical billing activity. Benefits include Medical, Dental, Life, Group Insurance, Pension, Vision. A per annum stipend, in recognition of the administrative leadership responsibilities associated with the Department Chief role, will be provided. Support for relocation expenses will be offered. The position has a potential duration of two terms of five years each. Department Description The Department of Paediatric Dentistry at The Hospital for Sick Children consist of 18 dental surgeons, orthodontists and paediatric dentists, provides dental care for children and adolescents under 18 years whose treatment is best managed in a multidisciplinary hospital environment. It is integral to the Ontario Cleft Lip and Palate Craniofacial Dental program and is a major clinical training and research centre for the University of Toronto Graduate Paediatric Dentistry program. The Department also provides training to hospital staff, community dentists, physicians and families through affiliation with the University of Toronto. Hospital Description SickKids, located at 555 University Avenue in downtown Toronto, is among the largest children’s hospitals in North America and has a long history of excellence in clinical care, research and education. It was named the number one paediatric hospital in the world in 2025, by Newsweek magazine. SickKids is fully affiliated with the University of Toronto and is located adjacent to the University campus and to numerous specialty hospitals and biomedical research institutes. Toronto is a vibrant and multicultural city, widely recognized as one of the most diverse cities in the world, with approximately half of its residents born outside Canada and representation from more than 250 ethnicities. This diversity is reflected in the city’s neighbourhoods, food scene, Michelin-starred restaurants across Toronto and the surrounding region, and strengths in key sectors such as life sciences, finance, information, and communications technology. As one of the largest cities in North America, Toronto offers a dynamic downtown, diverse neighbourhoods, strong schools, and access to leading universities. It is regularly recognized in global city, travel, and liveability rankings. World-famous lake and wilderness country and year-round outdoor recreation are easily accessible, as are two hub airports for regional and international travel. Application Process Applications will be accepted until October 30, 2026. Should you be interested in this opportunity, please forward a one-page statement of interest [which includes the names and contact information for 3 referees] and curriculum vitae, in PDF format, via email to: Dr. Abhaya V. Kulkarni Chief, Peri-Operative Services and Chair of the Search Committee 175 Elizabeth St, Toronto, ON M5G 2G3 EMAIL: dentistrydepartmentchief.recruitment@sickkids.ca All qualified candidates are encouraged to apply; however, Canadians and permanent residents will be given priority. For more information about the University of Toronto, Department of Paediatric Dentistry, please visit our home page at https://www.dentistry.utoronto.ca Diversity Statement The University of Toronto embraces Diversity and is building a culture of belonging that increases our capacity to effectively address and serve the interests of our global community. We strongly encourage applications from Indigenous Peoples, Black and racialized persons, women, persons with disabilities, and people of diverse sexual and gender identities. We value applicants who have demonstrated a commitment to equity, diversity and inclusion and recognize that diverse perspectives, experiences, and expertise are essential to strengthening our academic mission. Accessibility Statement The University strives to be an equitable and inclusive community and proactively seeks to increase diversity among its community members. Our values regarding equity and diversity are linked with our unwavering commitment to excellence in the pursuit of our academic mission. The University is committed to the principles of the Accessibility for Ontarians with Disabilities Act (AODA). As such, we strive to make our recruitment, assessment, and selection processes as accessible as possible and provide accommodations as required for applicants with disabilities. If you require any accommodations at any point during the application and hiring process, please contact uoft.careers@utoronto.ca .","2026-08-17T00:00:00.000Z","2026-11-15T00:00:00.000Z","Organization","The Hospital for Sick Children","Place","PostalAddress","555 University Avenue","Toronto","ON","M5G1X8","CA","PropertyValue","6a83ea14bfdb235d5f6bee2c","2026-09-29T18:26:08.200Z","","","","","Applications will be accepted until October 30, 2026. Should you be interested in this opportunity, please forward a one-page statement of interest [which includes the names and contact information for 3 referees] and curriculum vitae, in PDF format, via email to: | Dr. Abhaya V. Kulkarni | Chief, Peri-Operative Services and Chair of the Search Committee | 175 Elizabeth St, Toronto, ON M5G 2G3 | EMAIL: ***@sickkids.ca (🔒 Premium) | All qualified candidates are encouraged to apply; however, Canadians and permanent residents will be given priority. | For more information about the University of Toronto, Department of Paediatric Dentistry, please visit our home page at https://www.dentistry.utoronto.ca","full-time","","","","","","","","","","","","","","","","","","","","","","","","","","","","","","","","","","","","","","","","","","","","","","","","","","","","","","","","","","","","","","","","","","","","The University of Toronto embraces Diversity and is building a culture of belonging that increases our capacity to effectively address and serve the interests of our global community. We strongly encourage applications from Indigenous Peoples, Black and racialized persons, women, persons with disabilities, and people of diverse sexual and gender identities. We value applicants who have demonstrated a commitment to equity, diversity and inclusion and recognize that diverse perspectives, experiences, and expertise are essential to strengthening our academic mission.","The University strives to be an equitable and inclusive community and proactively seeks to increase diversity among its community members. Our values regarding equity and diversity are linked with our unwavering commitment to excellence in the pursuit of our academic mission. | The University is committed to the principles of the Accessibility for Ontarians with Disabilities Act (AODA). As such, we strive to make our recruitment, assessment, and selection processes as accessible as possible and provide accommodations as required for applicants with disabilities. | If you require any accommodations at any point during the application and hiring process, please contact***@utoronto.ca (🔒 Premium).","","","","","","","","","","","","","","","","Responsibilities include full clinical practice, research, and education, and administrative responsibilities as required by a Department Chief. Evidence of excellence in teaching and research is required. This role reports directly to the Chief of Peri-Operative Services.","The successful candidate should be a senior academic with an international reputation who can provide effective and collaborative leadership and vision at the hospital, provincial, national and international levels. The candidate must be eligible for appointment at the rank of Associate Professor at the University of Toronto and be eligible for certification with the Royal College of Dental Surgeons of Ontario. Candidates must obtain an appropriate Visa, if applicable. | We are seeking an individual whose leadership qualifications include management proficiency, dispute resolution, communications expertise, mentoring capabilities, the ability to engender trust, function collaboratively with all manner of clinical teams and administration. Additionally, the successful candidate will have a long-term vision for the Department which integrates with the mission of Peri-Operative Services, the Hospital and the University of Toronto. | Salary will be in the range of $200,000 to $400,000 for 40 hours per week, commensurate with qualifications and experience, and which will be supplemented by clinical billing activity. Benefits include Medical, Dental, Life, Group Insurance, Pension, Vision. A per annum stipend, in recognition of the administrative leadership responsibilities associated with the Department Chief role, will be provided. Support for relocation expenses will be offered. The position has a potential duration of two terms of five years each.","The Department of Paediatric Dentistry at The Hospital for Sick Children consist of 18 dental surgeons, orthodontists and paediatric dentists, provides dental care for children and adolescents under 18 years whose treatment is best managed in a multidisciplinary hospital environment. It is integral to the Ontario Cleft Lip and Palate Craniofacial Dental program and is a major clinical training and research centre for the University of Toronto Graduate Paediatric Dentistry program. The Department also provides training to hospital staff, community dentists, physicians and families through affiliation with the University of Toronto.","SickKids, located at 555 University Avenue in downtown Toronto, is among the largest children’s hospitals in North America and has a long history of excellence in clinical care, research and education. It was named the number one paediatric hospital in the world in 2025, by Newsweek magazine. SickKids is fully affiliated with the University of Toronto and is | located adjacent to the University campus and to numerous specialty hospitals and biomedical research institutes. | Toronto is a vibrant and multicultural city, widely recognized as one of the most diverse cities in the world, with approximately half of its residents born outside Canada and representation from more than 250 ethnicities. This diversity is reflected in the city’s neighbourhoods, food scene, Michelin-starred restaurants across Toronto and the surrounding region, and strengths in key sectors such as life sciences, finance, information, and communications technology. As one of the largest cities in North America, Toronto offers a dynamic downtown, diverse neighbourhoods, strong schools, and access to leading universities. It is regularly recognized in global city, travel, and liveability rankings. World-famous lake and wilderness country and year-round outdoor recreation are easily accessible, as are two hub airports for regional and international travel.","","","","","","","","","","","","","","","","","","","","","","","","","","","","","","","","","","","","","",""
"6a7ea2b6bfdb235d5f63bdbf","https://physiciancareers.ca/jobs/division-head-haematology-oncology-6a7ea2b6bfdb235d5f63bdbf?specialty=Pediatrics&city=Toronto","Division Head, Haematology Oncology","Pediatrics","full-time","The Hospital for Sick Children","downtown toronto","ON","555 University Avenue","Toronto, ON","43.6532","-79.3832","0","","annual","425000","525000","475000","475000","","","","","","","true","false","false","true","true","Unlock application details with Premium","2026-08-13","","Join our team and be part of our bold new strategy for Precision Child Health, advancing discovery, prevention, and treatment for children worldwide. The Division of Haematology Oncology provides diagnostic services and specialist care for children and adolescents with cancer (paediatric oncology) a...","Join our team and be part of our bold new strategy for Precision Child Health, advancing discovery, prevention, and treatment for children worldwide. The Division of Haematology Oncology provides diagnostic services and specialist care for children and adolescents with cancer (paediatric oncology) and nonmalignant blood diseases (paediatric haematology), as well as those receiving haematopoietic stem cell transplantation and cellular therapies.

The Division of Hematology Oncology is seeking a full-time permanent faculty position as Division Head, Haematology Oncology at the Hospital for Sick Children, 555 University Ave., Toronto, ON, which is an academic health science centre dedicated to the care of children affiliated with the Temerty Faculty of Medicine at the University of Toronto.

The Division offers a comprehensive subspecialty residency /fellowship program, attracting Canadian and international trainees to our Royal College of Physicians and Surgeons of Canada-accredited program in Paediatric Haematology-Oncology. There are also specialized fellowships offered across the division ranging from early phase trials and neuro-oncology to cancer genetics, late effects/survivorship, and stem cell transplantation/cellular therapy. Our interprofessional team provides comprehensive care and services across 5 sections (haematology, stem cell transplant/cellular therapies, leukemia/lymphoma, solid tumour, and neuro-oncology). Specialized multi-disciplinary programs include New Agents and Innovative Therapies (NAIT), Cancer Genetics, Long Term Follow-up, Bone Marrow Failure, Haemoglobinopathies and Thrombosis.

We are actively involved in clinical, translational, and basic science research related to blood disorders and cancer in children, with a focus on designing and participating in prospective clinical trials and delivering precision therapies to patients locally, provincially, and nationally.

The successful candidate will lead and mentor our diverse faculty and trainees, collaborate with allied health and nursing partners, and innovate with our scientists at the Research Institute. By championing clinical services, education, and research, you will advance our cancer and haematology programs and align academic activities with the Temerty Faculty of Medicine at the University of Toronto.

The successful candidate will provide care in both inpatient and ambulatory settings within the Division of Haematology-Oncology. 

This role supports the expansion of specialized clinical services and offers opportunities for creative and professional activities, as well as translational and basic research to improve evidence-based care. As Division Head, you will also serve as a strategic advisor and steward of philanthropic funds, influencing the Division's vision and serving as Head of the Garron Family Cancer Centre (GFCC). The GFCC enhances and integrates clinical, research, and educational activities to improve outcomes for children, adolescents, and young adults with cancer.

The successful candidate must possess leadership and mentoring experience, with a demonstrated track record in academic and research excellence.

The successful candidate will be eligible for an academic appointment at the University of Toronto. Rank and salary ($425,000-$525,000) per annum will be commensurate with qualifications and experience. The successful candidate may also be eligible for a leadership stipend. The successful candidate will be eligible for a benefits package which includes medical, dental, life insurance, long term disability insurance, group insurance, pension plan, vision care, academic allowance, and relocation package and support services.

All candidates must be able to function proficiently in English, hold an MD, MBBS or equivalent thereto and be certified or eligible for certification by the Royal College of Physicians and Surgeons of Canada or have comparable qualifications. Candidates must hold or be eligible for licensure with the College of Physicians and Surgeons of Ontario. This position will remain open until filled.

Interested individuals should submit a letter of interest, curriculum vitae including a statement of research, education and clinical contribution, and names and addresses of three references to

Dr. Meredith Irwin, Professor and Chair, Department of Paediatrics, The Hospital for Sick Children, 555 University Avenue, Toronto, Ontario Canada M5G 1X8: e-mail ***@sickkids.ca (🔒 Premium)

The Department is strongly committed to diversity within its community and especially welcomes applications from racialized person/persons of colour, women, Indigenous / Aboriginal People of North America, persons with disabilities, LGBTQ persons, and others who may contribute to the further diversification of ideas. The Department recognizes and fairly considers the impact of leaves (e.g., family care or health-related) that may contribute to career interruptions or slowdowns. Candidates are encouraged to signal any leave that affected productivity, or that may have influenced their career path. This information will be considered to ensure the equitable assessment of the candidate’s record. The Department further supports an employment equity program and encourages members of designated equity groups to self-identify. It further seeks to ensure equitable treatment and full inclusion of persons with disabilities. Persons with disabilities who anticipate needing accommodations for any part of the application process may contact, in confidence, ***@sickkids.ca (🔒 Premium)","Join our team and be part of our bold new strategy for Precision Child Health, advancing discovery, prevention, and treatment for children worldwide. The Division of Haematology Oncology provides diagnostic services and specialist care for children and adolescents with cancer (paediatric oncology) and nonmalignant blood diseases (paediatric haematology), as well as those receiving haematopoietic stem cell transplantation and cellular therapies. | The Division of Hematology Oncology is seeking a full-time permanent faculty position as Division Head, Haematology Oncology at the Hospital for Sick Children, 555 University Ave., Toronto, ON, which is an academic health science centre dedicated to the care of children affiliated with the Temerty Faculty of Medicine at the University of Toronto. | The Division offers a comprehensive subspecialty residency /fellowship program, attracting Canadian and international trainees to our Royal College of Physicians and Surgeons of Canada-accredited program in Paediatric Haematology-Oncology. There are also specialized fellowships offered across the division ranging from early phase trials and neuro-oncology to cancer genetics, late effects/survivorship, and stem cell transplantation/cellular therapy. Our interprofessional team provides comprehensive care and services across 5 sections (haematology, stem cell transplant/cellular therapies, leukemia/lymphoma, solid tumour, and neuro-oncology). Specialized multi-disciplinary programs include New Agents and Innovative Therapies (NAIT), Cancer Genetics, Long Term Follow-up, Bone Marrow Failure, Haemoglobinopathies and Thrombosis. | We are actively involved in clinical, translational, and basic science research related to blood disorders and cancer in children, with a focus on designing and participating in prospective clinical trials and delivering precision therapies to patients locally, provincially, and nationally. | The successful candidate will lead and mentor our diverse faculty and trainees, collaborate with allied health and nursing partners, and innovate with our scientists at the Research Institute. By championing clinical services, education, and research, you will advance our cancer and haematology programs and align academic activities with the Temerty Faculty of Medicine at the University of Toronto. | The successful candidate will provide care in both inpatient and ambulatory settings within the Division of Haematology-Oncology. | This role supports the expansion of specialized clinical services and offers opportunities for creative and professional activities, as well as translational and basic research to improve evidence-based care. As Division Head, you will also serve as a strategic advisor and steward of philanthropic funds, influencing the Division's vision and serving as Head of the Garron Family Cancer Centre (GFCC). The GFCC enhances and integrates clinical, research, and educational activities to improve outcomes for children, adolescents, and young adults with cancer. | The successful candidate must possess leadership and mentoring experience, with a demonstrated track record in academic and research excellence. | The successful candidate will be eligible for an academic appointment at the University of Toronto. Rank and salary ($425,000-$525,000) per annum will be commensurate with qualifications and experience. The successful candidate may also be eligible for a leadership stipend. The successful candidate will be eligible for a benefits package which includes medical, dental, life insurance, long term disability insurance, group insurance, pension plan, vision care, academic allowance, and relocation package and support services. | All candidates must be able to function proficiently in English, hold an MD, MBBS or equivalent thereto and be certified or eligible for certification by the Royal College of Physicians and Surgeons of Canada or have comparable qualifications. Candidates must hold or be eligible for licensure with the College of Physicians and Surgeons of Ontario. This position will remain open until filled. | Interested individuals should submit a letter of interest, curriculum vitae including a statement of research, education and clinical contribution, and names and addresses of three references to | Dr. Meredith Irwin, Professor and Chair, Department of Paediatrics, The Hospital for Sick Children, 555 University Avenue, Toronto, Ontario Canada M5G 1X8: e-mail ***@sickkids.ca (🔒 Premium) | The Department is strongly committed to diversity within its community and especially welcomes applications from racialized person/persons of colour, women, Indigenous / Aboriginal People of North America, persons with disabilities, LGBTQ persons, and others who may contribute to the further diversification of ideas. The Department recognizes and fairly considers the impact of leaves (e.g., family care or health-related) that may contribute to career interruptions or slowdowns. Candidates are encouraged to signal any leave that affected productivity, or that may have influenced their career path. This information will be considered to ensure the equitable assessment of the candidate’s record. The Department further supports an employment equity program and encourages members of designated equity groups to self-identify. It further seeks to ensure equitable treatment and full inclusion of persons with disabilities. Persons with disabilities who anticipate needing accommodations for any part of the application process may contact, in confidence, ***@sickkids.ca (🔒 Premium)","{""text"":""***@sickkids.ca (🔒 Premium)"",""url"":""/pricing""} | {""text"":""***@sickkids.ca (🔒 Premium)"",""url"":""/pricing""}","https://schema.org","JobPosting","Division Head, Haematology Oncology","Join our team and be part of our bold new strategy for Precision Child Health, advancing discovery, prevention, and treatment for children worldwide. The Division of Haematology Oncology provides diagnostic services and specialist care for children and adolescents with cancer (paediatric oncology) and nonmalignant blood diseases (paediatric haematology), as well as those receiving haematopoietic stem cell transplantation and cellular therapies. The Division of Hematology Oncology is seeking a full-time permanent faculty position as Division Head, Haematology Oncology at the Hospital for Sick Children, 555 University Ave., Toronto, ON, which is an academic health science centre dedicated to the care of children affiliated with the Temerty Faculty of Medicine at the University of Toronto. The Division offers a comprehensive subspecialty residency /fellowship program, attracting Canadian and international trainees to our Royal College of Physicians and Surgeons of Canada-accredited program in Paediatric Haematology-Oncology. There are also specialized fellowships offered across the division ranging from early phase trials and neuro-oncology to cancer genetics, late effects/survivorship, and stem cell transplantation/cellular therapy. Our interprofessional team provides comprehensive care and services across 5 sections (haematology, stem cell transplant/cellular therapies, leukemia/lymphoma, solid tumour, and neuro-oncology). Specialized multi-disciplinary programs include New Agents and Innovative Therapies (NAIT), Cancer Genetics, Long Term Follow-up, Bone Marrow Failure, Haemoglobinopathies and Thrombosis. We are actively involved in clinical, translational, and basic science research related to blood disorders and cancer in children, with a focus on designing and participating in prospective clinical trials and delivering precision therapies to patients locally, provincially, and nationally. The successful candidate will lead and mentor our diverse faculty and trainees, collaborate with allied health and nursing partners, and innovate with our scientists at the Research Institute. By championing clinical services, education, and research, you will advance our cancer and haematology programs and align academic activities with the Temerty Faculty of Medicine at the University of Toronto. The successful candidate will provide care in both inpatient and ambulatory settings within the Division of Haematology-Oncology. This role supports the expansion of specialized clinical services and offers opportunities for creative and professional activities, as well as translational and basic research to improve evidence-based care. As Division Head, you will also serve as a strategic advisor and steward of philanthropic funds, influencing the Division&#39;s vision and serving as Head of the Garron Family Cancer Centre (GFCC). The GFCC enhances and integrates clinical, research, and educational activities to improve outcomes for children, adolescents, and young adults with cancer. The successful candidate must possess leadership and mentoring experience, with a demonstrated track record in academic and research excellence. The successful candidate will be eligible for an academic appointment at the University of Toronto. Rank and salary ($425,000-$525,000) per annum will be commensurate with qualifications and experience. The successful candidate may also be eligible for a leadership stipend. The successful candidate will be eligible for a benefits package which includes medical, dental, life insurance, long term disability insurance, group insurance, pension plan, vision care, academic allowance, and relocation package and support services. All candidates must be able to function proficiently in English, hold an MD, MBBS or equivalent thereto and be certified or eligible for certification by the Royal College of Physicians and Surgeons of Canada or have comparable qualifications. Candidates must hold or be eligible for licensure with the College of Physicians and Surgeons of Ontario. This position will remain open until filled. Interested individuals should submit a letter of interest, curriculum vitae including a statement of research, education and clinical contribution, and names and addresses of three references to Dr. Meredith Irwin, Professor and Chair, Department of Paediatrics, The Hospital for Sick Children, 555 University Avenue, Toronto, Ontario Canada M5G 1X8: e-mail sarah.isbester@sickkids.ca The Department is strongly committed to diversity within its community and especially welcomes applications from racialized person/persons of colour, women, Indigenous / Aboriginal People of North America, persons with disabilities, LGBTQ persons, and others who may contribute to the further diversification of ideas. The Department recognizes and fairly considers the impact of leaves (e.g., family care or health-related) that may contribute to career interruptions or slowdowns. Candidates are encouraged to signal any leave that affected productivity, or that may have influenced their career path. This information will be considered to ensure the equitable assessment of the candidate’s record. The Department further supports an employment equity program and encourages members of designated equity groups to self-identify. It further seeks to ensure equitable treatment and full inclusion of persons with disabilities. Persons with disabilities who anticipate needing accommodations for any part of the application process may contact, in confidence, sarah.isbester@sickkids.ca","2026-08-13T00:00:00.000Z","2026-11-11T00:00:00.000Z","Organization","The Hospital for Sick Children","Place","PostalAddress","555 University Avenue","Toronto","ON","M5G1X8","CA","PropertyValue","6a7ea2b6bfdb235d5f63bdbf","2026-09-29T18:26:09.073Z","","","","","","full-time","","","","","","","","","","","","","","","","","","","","","","","","","","","","","","","","","","","","","","","","","","","","","","","","","","","","","","","","","","","","","","","","","","","","","","","","","","","","","","","","","","","","","","","","","","","","","","","","","","","","","","","","","","","","","","","","","","","","","","","","","","","","","",""
"6a780b4dbfdb235d5f59291a","https://physiciancareers.ca/jobs/pediatric-endocrinologist-opportunity-multiple-toronto-locations-kidcrew-6a780b4dbfdb235d5f59291a?specialty=Pediatrics&city=Toronto","Pediatric Endocrinologist Opportunity Multiple Toronto Locations Kidcrew","Pediatrics","full-time","Kidcrew","mississauga","ON","1440 Bathurst St","Toronto, ON","43.589","-79.6441","22.18","Fee-For-Service Split","unspecified","","","","","","","","","","","false","false","false","false","true","Unlock application details with Premium","2026-08-08","","Kidcrew is growing and we are looking for a Pediatric Endocrinologist to join our expanding multidisciplinary pediatric team.

Opportunity to join the Bathurst, or Duncan Mill locations, or soon-to-open Mississauga or Downtown locations.

This is an exciting opportunity to build and grow a pediatric...","Kidcrew is growing and we are looking for a Pediatric Endocrinologist to join our expanding multidisciplinary pediatric team.

Opportunity to join the Bathurst, or Duncan Mill locations, or soon-to-open Mississauga or Downtown locations.

This is an exciting opportunity to build and grow a pediatric endocrinology practice within an established, collaborative model serving a large and growing patient population.

What we offer:

🩺 Flexible opportunities — full-time, part-time, hybrid, and virtual options available

🏥 Established referral base with strong demand

👩‍⚕️ Collaborative environment with pediatricians, subspecialists, psychologists, therapists, and allied health professionals

📈 Opportunity to develop areas of interest and specialized programs

✔ Dedicated administrative and operational support

✔ Leadership and growth opportunities available

Kidcrew currently serves 130,000+ children and families and continues to expand across the Greater Toronto Area, with additional locations planned.

Whether you are an experienced Pediatric Endocrinologist or are looking to build and shape a growing practice, we would love to connect.

For a confidential discussion, please reach out:

Dina Kulik, MD

Founder & CEO, Kidcrew

***@gmail.com (🔒 Premium)","Kidcrew is growing and we are looking for a Pediatric Endocrinologist to join our expanding multidisciplinary pediatric team. | Opportunity to join the Bathurst, or Duncan Mill locations, or soon-to-open Mississauga or Downtown locations. | This is an exciting opportunity to build and grow a pediatric endocrinology practice within an established, collaborative model serving a large and growing patient population. | What we offer: | 🩺 Flexible opportunities — full-time, part-time, hybrid, and virtual options available | 🏥 Established referral base with strong demand | 👩‍⚕️ Collaborative environment with pediatricians, subspecialists, psychologists, therapists, and allied health professionals | 📈 Opportunity to develop areas of interest and specialized programs | ✔ Dedicated administrative and operational support | ✔ Leadership and growth opportunities available | Kidcrew currently serves 130,000+ children and families and continues to expand across the Greater Toronto Area, with additional locations planned. | Whether you are an experienced Pediatric Endocrinologist or are looking to build and shape a growing practice, we would love to connect. | For a confidential discussion, please reach out:","{""text"":""***@gmail.com (🔒 Premium)"",""url"":""/pricing""}","https://schema.org","JobPosting","Pediatric Endocrinologist Opportunity Multiple Toronto Locations Kidcrew","Kidcrew is growing and we are looking for a Pediatric Endocrinologist to join our expanding multidisciplinary pediatric team. Opportunity to join the Bathurst, or Duncan Mill locations, or soon-to-open Mississauga or Downtown locations. This is an exciting opportunity to build and grow a pediatric endocrinology practice within an established, collaborative model serving a large and growing patient population. What we offer: &#129658; Flexible opportunities — full-time, part-time, hybrid, and virtual options available &#127973; Established referral base with strong demand &#128105;‍⚕️ Collaborative environment with pediatricians, subspecialists, psychologists, therapists, and allied health professionals &#128200; Opportunity to develop areas of interest and specialized programs ✔ Dedicated administrative and operational support ✔ Leadership and growth opportunities available Kidcrew currently serves 130,000+ children and families and continues to expand across the Greater Toronto Area, with additional locations planned. Whether you are an experienced Pediatric Endocrinologist or are looking to build and shape a growing practice, we would love to connect. For a confidential discussion, please reach out: Dina Kulik, MD Founder &amp; CEO, Kidcrew drdinakulik@gmail.com","2026-08-08T00:00:00.000Z","2026-11-06T00:00:00.000Z","Organization","Kidcrew","Place","PostalAddress","1440 Bathurst St","Toronto","ON","M5R3J3","CA","PropertyValue","6a780b4dbfdb235d5f59291a","2026-09-29T18:26:09.662Z","","","","","","full-time","","","","","","","","","","","","","","","","","","","","","","","","","","","","","","","","","","","","","","","","","","","","","","","","","","","","","","","","","","","","","","","","","","","","","","","","","","","","","","","","","","","","Founder & CEO, Kidcrew | ***@gmail.com (🔒 Premium)","","","","","","","","","","","","","","","","","","","","","","","","","","","","","","","","","","","","","","","","","",""
"6a74177d996e67ca991f2083","https://physiciancareers.ca/jobs/consultant-pediatrician-locum-opportunity-6a74177d996e67ca991f2083?specialty=Pediatrics&city=Toronto","Consultant Pediatrician – Locum Opportunity","Pediatrics","locum","Mimico Medical Clinic","york","ON","398 Royal York Road","Toronto, ON","43.6896","-79.4542","7","Fee-For-Service Split","unspecified","","","","","","","","","","","false","true","false","true","true","Unlock application details with Premium","2026-08-05","","Consultant Pediatrician – Locum Opportunity (Toronto, Ontario) We are seeking a Consultant Pediatrician to provide parental leave coverage from October 2026 to October 2027, with the opportunity to remain on as an associate following the locum period, if desired. This is an excellent opportunity to ...","Consultant Pediatrician – Locum Opportunity (Toronto, Ontario) We are seeking a Consultant Pediatrician to provide parental leave coverage from October 2026 to October 2027, with the opportunity to remain on as an associate following the locum period, if desired. This is an excellent opportunity to join a modern, well-established community practice with a strong referral base and the flexibility to build a practice that aligns with your professional interests. What we offer: Modern, clean, and bright clinical space Supportive, collegial, multidisciplinary environment including family medicine, subspecialty medicine, mental health, and allied health professionals Full-service administrative support Advanced technology including OSCAR Pro EMR, Ocean eReferrals, and AI scribe tools Established referral network that can support a busy practice from day one Flexible scheduling with the ability to set your own hours Extremely competitive income split Free parking and easy access via public transit Practice Profile The current practice is a 100% consultative pediatric practice with a mix of medical, developmental, and mental health consultations. Follow-up care is provided at the discretion of the consultant pediatrician. For physicians interested in continuing beyond the locum period, there is an opportunity to remain as an associate and further develop the practice based on individual interests, including focused areas of pediatrics, developmental care, mental health, or primary care services. Located in the vibrant Mimico community of Toronto, this opportunity combines professional flexibility, strong clinical support, and immediate access to a well-established patient base.




Requirements:

Board certification in Pediatrics
CPSO license in Pediatrics
Excellent communication skills for effective collaboration with medical teams.
Commitment to delivering high-quality, patient-centered care.

Why Mimico Medical?

Physician-owned and operated.
State-of-the-art medical facilities with advanced technology.
Supportive work environment prioritizing physician quality of life.
Opportunities for professional growth and autonomy.
Full management support from an experienced team.
Competitive compensation and billing support.

About Us

Mimico Medical is a growing multidisciplinary medical clinic proudly serving the Etobicoke community with comprehensive, patient-centered healthcare. Our team includes 9 Family Physicians operating under the FHO+ care model, supported by a robust internal referral network and allied health services, including Psychiatry, Psychotherapy, Physiotherapy, Pediatrics, Women's Health, and other specialty clinics. As we continue to expand our services, we are committed to improving access to high-quality, collaborative care for our patients.","Consultant Pediatrician – Locum Opportunity (Toronto, Ontario) We are seeking a Consultant Pediatrician to provide parental leave coverage from October 2026 to October 2027, with the opportunity to remain on as an associate following the locum period, if desired. This is an excellent opportunity to join a modern, well-established community practice with a strong referral base and the flexibility to build a practice that aligns with your professional interests. What we offer: Modern, clean, and bright clinical space Supportive, collegial, multidisciplinary environment including family medicine, subspecialty medicine, mental health, and allied health professionals Full-service administrative support Advanced technology including OSCAR Pro EMR, Ocean eReferrals, and AI scribe tools Established referral network that can support a busy practice from day one Flexible scheduling with the ability to set your own hours Extremely competitive income split Free parking and easy access via public transit Practice Profile The current practice is a 100% consultative pediatric practice with a mix of medical, developmental, and mental health consultations. Follow-up care is provided at the discretion of the consultant pediatrician. For physicians interested in continuing beyond the locum period, there is an opportunity to remain as an associate and further develop the practice based on individual interests, including focused areas of pediatrics, developmental care, mental health, or primary care services. Located in the vibrant Mimico community of Toronto, this opportunity combines professional flexibility, strong clinical support, and immediate access to a well-established patient base.","","https://schema.org","JobPosting","Consultant Pediatrician – Locum Opportunity","Consultant Pediatrician – Locum Opportunity (Toronto, Ontario) We are seeking a Consultant Pediatrician to provide parental leave coverage from October 2026 to October 2027, with the opportunity to remain on as an associate following the locum period, if desired. This is an excellent opportunity to join a modern, well-established community practice with a strong referral base and the flexibility to build a practice that aligns with your professional interests. What we offer: Modern, clean, and bright clinical space Supportive, collegial, multidisciplinary environment including family medicine, subspecialty medicine, mental health, and allied health professionals Full-service administrative support Advanced technology including OSCAR Pro EMR, Ocean eReferrals, and AI scribe tools Established referral network that can support a busy practice from day one Flexible scheduling with the ability to set your own hours Extremely competitive income split Free parking and easy access via public transit Practice Profile The current practice is a 100% consultative pediatric practice with a mix of medical, developmental, and mental health consultations. Follow-up care is provided at the discretion of the consultant pediatrician. For physicians interested in continuing beyond the locum period, there is an opportunity to remain as an associate and further develop the practice based on individual interests, including focused areas of pediatrics, developmental care, mental health, or primary care services. Located in the vibrant Mimico community of Toronto, this opportunity combines professional flexibility, strong clinical support, and immediate access to a well-established patient base. Requirements: Board certification in Pediatrics CPSO license in Pediatrics Excellent communication skills for effective collaboration with medical teams. Commitment to delivering high-quality, patient-centered care. Why Mimico Medical? Physician-owned and operated. State-of-the-art medical facilities with advanced technology. Supportive work environment prioritizing physician quality of life. Opportunities for professional growth and autonomy. Full management support from an experienced team. Competitive compensation and billing support. About Us Mimico Medical is a growing multidisciplinary medical clinic proudly serving the Etobicoke community with comprehensive, patient-centered healthcare. Our team includes 9 Family Physicians operating under the FHO+ care model , supported by a robust internal referral network and allied health services, including Psychiatry, Psychotherapy, Physiotherapy, Pediatrics, Women&#39;s Health, and other specialty clinics. As we continue to expand our services, we are committed to improving access to high-quality, collaborative care for our patients.","2026-08-05T00:00:00.000Z","2026-10-31T00:00:00.000Z","Organization","Mimico Medical Clinic","Place","PostalAddress","398 Royal York Road","Toronto","ON","M8Y2R5","CA","PropertyValue","6a74177d996e67ca991f2083","2026-09-29T18:26:10.445Z","","","","","","locum","","","","","","","","","","","","","","","","","","","","","","","","","","","","","","","","","","","","","","Board certification in Pediatrics | CPSO license in Pediatrics | Excellent communication skills for effective collaboration with medical teams. | Commitment to delivering high-quality, patient-centered care.","","","","","","","","","","","","","","","","","","","","","","","","","","","","","","","","","","","","","","","","","","","","","","","","","","","Physician-owned and operated. | State-of-the-art medical facilities with advanced technology. | Supportive work environment prioritizing physician quality of life. | Opportunities for professional growth and autonomy. | Full management support from an experienced team. | Competitive compensation and billing support.","Mimico Medical is a growing multidisciplinary medical clinic proudly serving the Etobicoke community with comprehensive, patient-centered healthcare. Our team includes 9 Family Physicians operating under the FHO+ care model, supported by a robust internal referral network and allied health services, including Psychiatry, Psychotherapy, Physiotherapy, Pediatrics, Women's Health, and other specialty clinics. As we continue to expand our services, we are committed to improving access to high-quality, collaborative care for our patients.","","","","","","","","","","","","","","","","","","","","","","","","","","","","","","","","","","","",""
"6a7173a9996e67ca9919b0d6","https://physiciancareers.ca/jobs/kidcrew-welcome-pediatricians-and-pediatric-subspecialists-6a7173a9996e67ca9919b0d6?specialty=Pediatrics&city=Toronto","KIDCREW - Welcome Pediatricians and Pediatric Subspecialists!","Pediatrics","full-time","Kidcrew","north york","ON","240 Duncan Mill Road","Toronto, ON","43.7615","-79.4111","12.25","Fee-For-Service Split","unspecified","","","","","","","","","","","false","true","false","true","true","Unlock application details with Premium","2026-08-03","","WELCOME TO KIDCREW!

Canada's Largest Multidisciplinary Kids' Health Clinic.

 

We are eager to welcome additional PEDIATRICIANS and PEDIATRIC SUB-SPECIALISTS.

Full-time, part-time, long term or contract

 

Two clinic locations

Bathurst and St Clair, midtown Toronto

Duncan Mill Road, North York...","WELCOME TO KIDCREW!

Canada's Largest Multidisciplinary Kids' Health Clinic.

 

We are eager to welcome additional PEDIATRICIANS and PEDIATRIC SUB-SPECIALISTS.

Full-time, part-time, long term or contract

 

Two clinic locations

Bathurst and St Clair, midtown Toronto

Duncan Mill Road, North York, Toronto

New, beautiful, bright, entertaining and technologically advanced clinics. 

 

Kidcrew is an award-winning multidisciplinary pediatric practice in Toronto, Ontario.

The clinics are bright and welcoming, with state-of-the-art technology to improve efficiency and communication between team members. Our diverse team of general pediatricians, pediatric subspecialists, mental health practitioners and allied health care providers work together to provide comprehensive and collaborative care. 

 

- Work in the office and/or virtually. You choose. 

- Our virtual-care model allows doctors to augment with casual, part-time, or full-time work.

- Cloud-based, HIPAA/PHIPA compliant EMR with VPN access from home.

- Chart, bill, order labs/imaging/write sick notes/referrals and discharge notes from anywhere you want!

- Guaranteed patient volume depending on preference. 

- ZERO EMR fee.

- Competitive overhead rate.

- Overhead is tax-deductible as an associate (versus an employee at other clinics).

- Commitment is casual or long-term. You can pick up as much or as little as you want. It's up to you when you want to work, how long, and how frequently you see patients.

 

- The offices are brand new. The EMR is PS Suite (Telus).

- Our professional office staff handles all the administrative tasks.

- Incredible nursing support. 

 

- Flexible patient encounters sick visits, consults or follow-ups, in person or via virtual medicine.

- Flexibility in hours: the ability to work part-time, FT, evenings, or weekends 

- Work alongside specialists – Kidcrew is multidisciplinary and collaborative. 

- Attractive fee split

 

Requirement: CPSO licensed

This is an excellent opportunity to build or relocate a practice in a highly populated residential area.

The clinic is open seven days a week. 365 days a year. 

 

**New Graduates Encouraged to Apply**

 

About Kidcrew

At Kidcrew, we have created an award-winning, forward-thinking and innovative children's clinic focusing on family-centred care and wellness for children of all ages. 

 

We are passionate about providing quality pediatric care for kids and families. From our friendly front desk staff to our non-traditional 2,000-square-foot patient lounge with a playground, iPad stations, and a playroom, Kidcrew is committed to providing an exceptional patient experience. We have over 130 clinicians on our team: pediatricians, a variety of pediatric sub-specialists, dietitians, speech-language pathologists, physiotherapists, occupational therapists, psychologists, and others who provide a comprehensive and collaborative model under one roof. 

 

This is an excellent opportunity for new grads and seasoned pediatricians looking to join a multidisciplinary, collaborative practice without having to manage day-to-day operations. 

 

Thank you very much for your time. We welcome you to join us on our journey to reinventing kids' healthcare.

 

Stay healthy and safe!

Dr. Dina Kulik

 

***@gmail.com (🔒 Premium)

https://kidcrew.com/","","{""text"":"""",""url"":""mailto:DrDinaKulik@gmail.com""} | {""text"":""***@gmail.com (🔒 Premium)"",""url"":""/pricing""} | {""text"":""https://kidcrew.com/"",""url"":""https://urldefense.com/v3/__https:/can01.safelinks.protection.outlook.com/?url=https*3A*2F*2Fkidcrew.com*2F&data=05*7C01*7CRonik.Kanani*40nygh.on.ca*7C2a1b2c572a354079829108da4e6312b2*7C1e9257aff78e49faacaa6ab828c9bf5a*7C0*7C0*7C637908484670380372*7CUnknown*7CTWFpbGZsb3d8eyJWIjoiMC4wLjAwMDAiLCJQIjoiV2luMzIiLCJBTiI6Ik1haWwiLCJXVCI6Mn0*3D*7C3000*7C*7C*7C&sdata=fzx0QIa*2Fsw3CV7xUZOGhMYZLp3wN1mWtWqDDoThZ5h4*3D&reserved=0__;JSUlJSUlJSUlJSUlJSUlJSUlJSUl!!D0zGoin7BXfl!-fsRJeOiPqCj1_aFVusniZ26Jttp2p_iQFdACGDbV5PWxS2S84ljvueYJgf1jMBU53y42O06qgoum6QFlUWm7IVM$""}","https://schema.org","JobPosting","KIDCREW - Welcome Pediatricians and Pediatric Subspecialists!","WELCOME TO KIDCREW! Canada&#39;s Largest Multidisciplinary Kids&#39; Health Clinic. We are eager to welcome additional PEDIATRICIANS and PEDIATRIC SUB-SPECIALISTS . Full-time, part-time, long term or contract Two clinic locations Bathurst and St Clair, midtown Toronto Duncan Mill Road, North York, Toronto New, beautiful, bright, entertaining and technologically advanced clinics. Kidcrew is an award-winning multidisciplinary pediatric practice in Toronto, Ontario. The clinics are bright and welcoming, with state-of-the-art technology to improve efficiency and communication between team members. Our diverse team of general pediatricians, pediatric subspecialists, mental health practitioners and allied health care providers work together to provide comprehensive and collaborative care. - Work in the office and/or virtually. You choose. - Our virtual-care model allows doctors to augment with casual, part-time, or full-time work. - Cloud-based, HIPAA/PHIPA compliant EMR with VPN access from home. - Chart, bill, order labs/imaging/write sick notes/referrals and discharge notes from anywhere you want! - Guaranteed patient volume depending on preference. - ZERO EMR fee. - Competitive overhead rate. - Overhead is tax-deductible as an associate (versus an employee at other clinics). - Commitment is casual or long-term. You can pick up as much or as little as you want. It&#39;s up to you when you want to work, how long, and how frequently you see patients. - The offices are brand new. The EMR is PS Suite (Telus). - Our professional office staff handles all the administrative tasks. - Incredible nursing support. - Flexible patient encounters sick visits, consults or follow-ups, in person or via virtual medicine. - Flexibility in hours: the ability to work part-time, FT, evenings, or weekends - Work alongside specialists – Kidcrew is multidisciplinary and collaborative. - Attractive fee split Requirement: CPSO licensed This is an excellent opportunity to build or relocate a practice in a highly populated residential area. The clinic is open seven days a week. 365 days a year. **New Graduates Encouraged to Apply** About Kidcrew At Kidcrew, we have created an award-winning, forward-thinking and innovative children&#39;s clinic focusing on family-centred care and wellness for children of all ages. We are passionate about providing quality pediatric care for kids and families. From our friendly front desk staff to our non-traditional 2,000-square-foot patient lounge with a playground, iPad stations, and a playroom, Kidcrew is committed to providing an exceptional patient experience. We have over 130 clinicians on our team: pediatricians, a variety of pediatric sub-specialists, dietitians, speech-language pathologists, physiotherapists, occupational therapists, psychologists, and others who provide a comprehensive and collaborative model under one roof. This is an excellent opportunity for new grads and seasoned pediatricians looking to join a multidisciplinary, collaborative practice without having to manage day-to-day operations. Thank you very much for your time. We welcome you to join us on our journey to reinventing kids&#39; healthcare. Stay healthy and safe! Dr. Dina Kulik DrDinaKulik@gmail.com https://kidcrew.com/","2026-08-03T00:00:00.000Z","2026-11-01T00:00:00.000Z","Organization","Kidcrew","Place","PostalAddress","240 Duncan Mill Road","Toronto","ON","M3B3S6","CA","PropertyValue","6a7173a9996e67ca9919b0d6","2026-09-29T18:26:11.151Z","","","","","","full-time","","","","","","","","At Kidcrew, we have created an award-winning, forward-thinking and innovative children's clinic focusing on family-centred care and wellness for children of all ages. | We are passionate about providing quality pediatric care for kids and families. From our friendly front desk staff to our non-traditional 2,000-square-foot patient lounge with a playground, iPad stations, and a playroom, Kidcrew is committed to providing an exceptional patient experience. We have over 130 clinicians on our team: pediatricians, a variety of pediatric sub-specialists, dietitians, speech-language pathologists, physiotherapists, occupational therapists, psychologists, and others who provide a comprehensive and collaborative model under one roof. | This is an excellent opportunity for new grads and seasoned pediatricians looking to join a multidisciplinary, collaborative practice without having to manage day-to-day operations. | Thank you very much for your time. We welcome you to join us on our journey to reinventing kids' healthcare. | Stay healthy and safe! | Dr. Dina Kulik | ***@gmail.com (🔒 Premium) | https://kidcrew.com/","","","","","","","","","","","","","","","","","","","","","","","","","","","","","","","","","","","","","","","","","","","","","","","","","","","","","","","","","","","","","","","","","","","","","","","","","","","","","","","","","","","","We are eager to welcome additional PEDIATRICIANS and PEDIATRIC SUB-SPECIALISTS.","","Bathurst and St Clair, midtown Toronto | Duncan Mill Road, North York, Toronto","Kidcrew is an award-winning multidisciplinary pediatric practice in Toronto, Ontario. | The clinics are bright and welcoming, with state-of-the-art technology to improve efficiency and communication between team members. Our diverse team of general pediatricians, pediatric subspecialists, mental health practitioners and allied health care providers work together to provide comprehensive and collaborative care. | - Work in the office and/or virtually. You choose. | - Our virtual-care model allows doctors to augment with casual, part-time, or full-time work. | - Cloud-based, HIPAA/PHIPA compliant EMR with VPN access from home. | - Chart, bill, order labs/imaging/write sick notes/referrals and discharge notes from anywhere you want! | - Guaranteed patient volume depending on preference. | - ZERO EMR fee. | - Competitive overhead rate. | - Overhead is tax-deductible as an associate (versus an employee at other clinics). | - Commitment is casual or long-term. You can pick up as much or as little as you want. It's up to you when you want to work, how long, and how frequently you see patients. | - The offices are brand new. The EMR is PS Suite (Telus). | - Our professional office staff handles all the administrative tasks. | - Incredible nursing support. | - Flexible patient encounters sick visits, consults or follow-ups, in person or via virtual medicine. | - Flexibility in hours: the ability to work part-time, FT, evenings, or weekends | - Work alongside specialists – Kidcrew is multidisciplinary and collaborative. | - Attractive fee split | Requirement: CPSO licensed","The clinic is open seven days a week. 365 days a year.","","","","","","","","","","","","","","","","","","","","","","","","","","","","","",""
"6a7173a9996e67ca9919b0b8","https://physiciancareers.ca/jobs/pediatric-endocrinologist-opportunity-multiple-toronto-locations-kidcrew-6a7173a9996e67ca9919b0b8?specialty=Pediatrics&city=Toronto","Pediatric Endocrinologist Opportunity Multiple Toronto Locations Kidcrew","Pediatrics","full-time","Kidcrew","downtown toronto","ON","240 Duncan Mill Road","Toronto, ON","43.6532","-79.3832","0","Fee-For-Service Split","unspecified","","","","","","","","","","","false","false","false","false","true","Unlock application details with Premium","2026-08-03","","Kidcrew is growing and we are looking for a Pediatric Endocrinologist to join our expanding multidisciplinary pediatric team.

This is an exciting opportunity to build and grow a pediatric endocrinology practice within an established, collaborative model serving a large and growing patient populatio...","Kidcrew is growing and we are looking for a Pediatric Endocrinologist to join our expanding multidisciplinary pediatric team.

This is an exciting opportunity to build and grow a pediatric endocrinology practice within an established, collaborative model serving a large and growing patient population.

What we offer:

🩺 Flexible opportunities — full-time, part-time, hybrid, and virtual options available

🏥 Established referral base with strong demand

👩‍⚕️ Collaborative environment with pediatricians, subspecialists, psychologists, therapists, and allied health professionals

📈 Opportunity to develop areas of interest and specialized programs

✔ Dedicated administrative and operational support

✔ Leadership and growth opportunities available

Kidcrew currently serves 120,000+ children and families and continues to expand across the Greater Toronto Area, with additional locations planned.

Whether you are an experienced Pediatric Endocrinologist or are looking to build and shape a growing practice, we would love to connect.

For a confidential discussion, please reach out:

Dina Kulik, MD

Founder & CEO, Kidcrew

***@gmail.com (🔒 Premium)","Kidcrew is growing and we are looking for a Pediatric Endocrinologist to join our expanding multidisciplinary pediatric team. | This is an exciting opportunity to build and grow a pediatric endocrinology practice within an established, collaborative model serving a large and growing patient population. | What we offer: | 🩺 Flexible opportunities — full-time, part-time, hybrid, and virtual options available | 🏥 Established referral base with strong demand | 👩‍⚕️ Collaborative environment with pediatricians, subspecialists, psychologists, therapists, and allied health professionals | 📈 Opportunity to develop areas of interest and specialized programs | ✔ Dedicated administrative and operational support | ✔ Leadership and growth opportunities available | Kidcrew currently serves 120,000+ children and families and continues to expand across the Greater Toronto Area, with additional locations planned. | Whether you are an experienced Pediatric Endocrinologist or are looking to build and shape a growing practice, we would love to connect. | For a confidential discussion, please reach out:","{""text"":""***@gmail.com (🔒 Premium)"",""url"":""/pricing""}","https://schema.org","JobPosting","Pediatric Endocrinologist Opportunity Multiple Toronto Locations Kidcrew","Kidcrew is growing and we are looking for a Pediatric Endocrinologist to join our expanding multidisciplinary pediatric team. This is an exciting opportunity to build and grow a pediatric endocrinology practice within an established, collaborative model serving a large and growing patient population. What we offer: &#129658; Flexible opportunities — full-time, part-time, hybrid, and virtual options available &#127973; Established referral base with strong demand &#128105;‍⚕️ Collaborative environment with pediatricians, subspecialists, psychologists, therapists, and allied health professionals &#128200; Opportunity to develop areas of interest and specialized programs ✔ Dedicated administrative and operational support ✔ Leadership and growth opportunities available Kidcrew currently serves 120,000+ children and families and continues to expand across the Greater Toronto Area, with additional locations planned. Whether you are an experienced Pediatric Endocrinologist or are looking to build and shape a growing practice, we would love to connect. For a confidential discussion, please reach out: Dina Kulik, MD Founder &amp; CEO, Kidcrew drdinakulik@gmail.com","2026-08-03T00:00:00.000Z","2026-11-01T00:00:00.000Z","Organization","Kidcrew","Place","PostalAddress","240 Duncan Mill Road","Toronto","ON","M3B3S6","CA","PropertyValue","6a7173a9996e67ca9919b0b8","2026-09-29T18:26:11.856Z","","","","","","full-time","","","","","","","","","","","","","","","","","","","","","","","","","","","","","","","","","","","","","","","","","","","","","","","","","","","","","","","","","","","","","","","","","","","","","","","","","","","","","","","","","","","","Founder & CEO, Kidcrew | ***@gmail.com (🔒 Premium)","","","","","","","","","","","","","","","","","","","","","","","","","","","","","","","","","","","","","","","","","",""
"6a7173a9996e67ca9919b0ae","https://physiciancareers.ca/jobs/gatroenterologist-for-busy-community-pediatric-practice-6a7173a9996e67ca9919b0ae?specialty=Pediatrics&city=Toronto","GATROENTEROLOGIST for busy community pediatric practice","Pediatrics","full-time","Kidcrew","north york","ON","1440 Bathurst St","Toronto, ON","43.7615","-79.4111","12.25","Fee-For-Service","hourly","500","500","500","1000000","","","","","","","false","true","false","true","true","Unlock application details with Premium","2026-08-03","","GASTROENTEROLOGIST, full-time or part-time, wanted for a multi-disciplinary clinic at either Kidcrew location.

Midtown:  Bathurst and St Clair

North York: Leslie and 401

 

DAYTIME OR AFTER-HOURS POSITIONS AVAILABLE

 

The offices are brand new. The EMR is PS Suite (Telus).

Our professional off...","GASTROENTEROLOGIST, full-time or part-time, wanted for a multi-disciplinary clinic at either Kidcrew location.

Midtown: Bathurst and St Clair

North York: Leslie and 401

 

DAYTIME OR AFTER-HOURS POSITIONS AVAILABLE

 

The offices are brand new. The EMR is PS Suite (Telus).

Our professional office staff handles all the administrative tasks.

 

Kidcrew is an award-winning multi-disciplinary pediatric practice located in Midtown Toronto and North York. We have over 80,000 patients.

 

Our Virtual Care Clinic serves kids from anywhere in Ontario.

Our virtual-care model provides flexibility to allow doctors to augment with casual, part-time, or full-time work.

Cloud-based, HIPAA/PHIPA compliant EMR with VPN access from home.

Chart, bill, order labs/imaging/write sick notes/referrals and discharge notes from anywhere you want!

Guaranteed patient volume (4-6/hr) depending on preference. 

ZERO EMR fee.

Competitive overhead rate.

Overhead is tax-deductible as an associate (versus an employee at other clinics).

Bill upwards of $500/hour

Commitment is casual or long-term. You can pick up as much or as little as you want. When you want to work, how long, and how frequently you see patients, it's up to you.

Our professional office staff handles all the administrative tasks.

 

Who do we serve?

We can see patients from anywhere in Ontario, including in rural, northern, and underserviced areas. Telemedicine can improve the health and well-being of patients who have poor access to care or can only use the ER. We can help improve access and, therefore, patients' overall health and well-being in these areas. We are thrilled to help more families with timely expert pediatric care.

 

Patient Follow Up

Kidcrew clinicians collaborate to ensure patients have timely and accessible follow-up, in order to avoid unnecessary emergency room use and ensure continuity of care.

 

Flexible patient encounters: urgent visits, consults or follow-ups, in person or via virtual medicine.

 

Flexibility in hours: the ability to work part-time, FT, evenings, or weekends 

 

Work alongside specialists: with over 20 different medical and surgical specialties affiliated

 

Attractive fee split

 

Requirement: CPSO licensed

This is an excellent opportunity to build or relocate a practice in a highly populated residential area.

The clinic is open seven days a week.

**New Graduates Encouraged to Apply**

 

About Kidcrew

At Kidcrew, we have created forward-thinking and innovative children's clinics focusing on family-centred care and wellness for children of all ages. We are looking to bring on excellent, eager, and friendly pediatricians and specialists. Pediatricians will provide well-baby care, sick visits, and general pediatrics to this thriving community. In addition, the clinic provides nursing care.

We are passionate about providing quality pediatric care for kids and families. A state-of-the-art EMR is used along with well-qualified friendly, trained support staff. 

From our friendly front desk staff to our non-traditional 2,000 square-foot patient lounges with a playground, iPad stations, and a playroom, Kidcrew is committed to providing an exceptional patient experience. We have over 120 clinicians on our team: pediatricians, a variety of pediatric sub-specialists, dietitians, speech-language pathologists, physiotherapists, occupational therapists, psychologists, and others to provide a comprehensive and collaborative model under one roof. 

Join us on our journey to reinventing kids' healthcare.

https://kidcrew.com/

 

Our founder, Dr Dina Kulik, is happy to review opportunities at ***@kidcrew.com (🔒 Premium)","","{""text"":""***@kidcrew.com (🔒 Premium)"",""url"":""/pricing""}","https://schema.org","JobPosting","GATROENTEROLOGIST for busy community pediatric practice","GASTROENTEROLOGIST, full-time or part-time, wanted for a multi-disciplinary clinic at either Kidcrew location. Midtown: Bathurst and St Clair North York: Leslie and 401 DAYTIME OR AFTER-HOURS POSITIONS AVAILABLE The offices are brand new. The EMR is PS Suite (Telus). Our professional office staff handles all the administrative tasks. Kidcrew is an award-winning multi-disciplinary pediatric practice located in Midtown Toronto and North York. We have over 80,000 patients. Our Virtual Care Clinic serves kids from anywhere in Ontario. Our virtual-care model provides flexibility to allow doctors to augment with casual, part-time, or full-time work. Cloud-based, HIPAA/PHIPA compliant EMR with VPN access from home. Chart, bill, order labs/imaging/write sick notes/referrals and discharge notes from anywhere you want! Guaranteed patient volume (4-6/hr) depending on preference. ZERO EMR fee. Competitive overhead rate. Overhead is tax-deductible as an associate (versus an employee at other clinics). Bill upwards of $500/hour Commitment is casual or long-term. You can pick up as much or as little as you want. When you want to work, how long, and how frequently you see patients, it&#39;s up to you. Our professional office staff handles all the administrative tasks. Who do we serve? We can see patients from anywhere in Ontario, including in rural, northern, and underserviced areas. Telemedicine can improve the health and well-being of patients who have poor access to care or can only use the ER. We can help improve access and, therefore, patients&#39; overall health and well-being in these areas. We are thrilled to help more families with timely expert pediatric care. Patient Follow Up Kidcrew clinicians collaborate to ensure patients have timely and accessible follow-up, in order to avoid unnecessary emergency room use and ensure continuity of care. Flexible patient encounters : urgent visits, consults or follow-ups, in person or via virtual medicine. Flexibility in hours : the ability to work part-time, FT, evenings, or weekends Work alongside specialists: with over 20 different medical and surgical specialties affiliated Attractive fee split Requirement: CPSO licensed This is an excellent opportunity to build or relocate a practice in a highly populated residential area. The clinic is open seven days a week. **New Graduates Encouraged to Apply** About Kidcrew At Kidcrew, we have created forward-thinking and innovative children&#39;s clinics focusing on family-centred care and wellness for children of all ages. We are looking to bring on excellent, eager, and friendly pediatricians and specialists. Pediatricians will provide well-baby care, sick visits, and general pediatrics to this thriving community. In addition, the clinic provides nursing care. We are passionate about providing quality pediatric care for kids and families. A state-of-the-art EMR is used along with well-qualified friendly, trained support staff. From our friendly front desk staff to our non-traditional 2,000 square-foot patient lounges with a playground, iPad stations, and a playroom, Kidcrew is committed to providing an exceptional patient experience. We have over 120 clinicians on our team: pediatricians, a variety of pediatric sub-specialists, dietitians, speech-language pathologists, physiotherapists, occupational therapists, psychologists, and others to provide a comprehensive and collaborative model under one roof. Join us on our journey to reinventing kids&#39; healthcare. https://kidcrew.com/ Our founder, Dr Dina Kulik, is happy to review opportunities at drdina@kidcrew.com","2026-08-03T00:00:00.000Z","2026-11-01T00:00:00.000Z","Organization","Kidcrew","Place","PostalAddress","1440 Bathurst St","Toronto","ON","M5R3J3","CA","PropertyValue","6a7173a9996e67ca9919b0ae","2026-09-29T18:26:12.304Z","","","","","","full-time","","","","Kidcrew is an award-winning multi-disciplinary pediatric practice located in Midtown Toronto and North York. We have over 80,000 patients. | Our Virtual Care Clinic serves kids from anywhere in Ontario. | Our virtual-care model provides flexibility to allow doctors to augment with casual, part-time, or full-time work. | Cloud-based, HIPAA/PHIPA compliant EMR with VPN access from home. | Chart, bill, order labs/imaging/write sick notes/referrals and discharge notes from anywhere you want! | Guaranteed patient volume (4-6/hr) depending on preference. | ZERO EMR fee. | Competitive overhead rate. | Overhead is tax-deductible as an associate (versus an employee at other clinics). | Bill upwards of $500/hour | Commitment is casual or long-term. You can pick up as much or as little as you want. When you want to work, how long, and how frequently you see patients, it's up to you. | Our professional office staff handles all the administrative tasks.","We can see patients from anywhere in Ontario, including in rural, northern, and underserviced areas. Telemedicine can improve the health and well-being of patients who have poor access to care or can only use the ER. We can help improve access and, therefore, patients' overall health and well-being in these areas. We are thrilled to help more families with timely expert pediatric care.","Kidcrew clinicians collaborate to ensure patients have timely and accessible follow-up,  in order to avoid unnecessary emergency room use and ensure continuity of care. | Flexible patient encounters: urgent visits, consults or follow-ups, in person or via virtual medicine. | Flexibility in hours: the ability to work part-time, FT, evenings, or weekends | Work alongside specialists: with over 20 different medical and surgical specialties affiliated","Requirement: CPSO licensed | This is an excellent opportunity to build or relocate a practice in a highly populated residential area. | The clinic is open seven days a week. | **New Graduates Encouraged to Apply**","At Kidcrew, we have created forward-thinking and innovative children's clinics focusing on family-centred care and wellness for children of all ages. We are looking to bring on excellent, eager, and friendly pediatricians and specialists.  Pediatricians will provide well-baby care, sick visits, and general pediatrics to this thriving community. In addition, the clinic provides nursing care. | We are passionate about providing quality pediatric care for kids and families. A state-of-the-art EMR is used along with well-qualified friendly, trained support staff. | From our friendly front desk staff to our non-traditional 2,000 square-foot patient lounges with a playground, iPad stations, and a playroom, Kidcrew is committed to providing an exceptional patient experience. We have over 120 clinicians on our team: pediatricians, a variety of pediatric sub-specialists, dietitians, speech-language pathologists, physiotherapists, occupational therapists, psychologists, and others to provide a comprehensive and collaborative model under one roof. | Join us on our journey to reinventing kids' healthcare. | https://kidcrew.com/ | Our founder, Dr Dina Kulik, is happy to review opportunities at ***@kidcrew.com (🔒 Premium)","","","","","","","","","","","","","","","","","","","","","","","","","","","","","","","","","","","","","","","","","","","","","","","","","","","","","","","","","","","","","","","","","","","","","","","","","","","","","","","","","","","","","","","","","","","","","","","","","","","","","","","","","","","","","","","","","","","","","",""
"6a6adc6b996e67ca990dbffd","https://physiciancareers.ca/jobs/staff-echocardiographer-cardiologist-6a6adc6b996e67ca990dbffd?specialty=Pediatrics&city=Toronto","Staff Echocardiographer Cardiologist","Pediatrics","full-time","The Hospital for Sick Children","downtown toronto","ON","555 University Avenue","Toronto, ON","43.6532","-79.3832","0","","annual","300000","450000","375000","375000","","","","","","","true","false","false","true","true","Unlock application details with Premium","2026-07-29","","Staff Paediatric Cardiologist

Effective immediately The Division of Cardiology at The Hospital for Sick Children, Department of Paediatrics (555 University Ave. Toronto, M5G 1X9), an academic health science centre dedicated exclusively to children, affiliated with the University of Toronto, is seek...","Staff Paediatric Cardiologist

Effective immediately The Division of Cardiology at The Hospital for Sick Children, Department of Paediatrics (555 University Ave. Toronto, M5G 1X9), an academic health science centre dedicated exclusively to children, affiliated with the University of Toronto, is seeking a full-time permanent faculty position for a staff paediatric cardiologist with sub-specialty training in Echocardiography at the Labatt Family Heart Centre – Cardiology Division. Candidates with expertise in Fetal Cardiology or Pulmonary Hypertension would be of special interest.

The Labatt Family Heart Centre brings together significant interdisciplinary and inter-professional activities within Paediatric Cardiology, Cardiovascular (CV) Surgery, Cardiac Critical Care, Cardiovascular Research and Adult Congenital Heart Disease Programs, thus allowing the Heart Centre to address the needs of patients and families from fetal life to adulthood. The Heart Centre at The Hospital for Sick Children promotes these activities through seamless integration of research activities, academic performance, and exemplary clinical care.

The primary role of the successful candidate will be to focus on providing excellence in clinical care, education, and research in the field of Echocardiography. The successful candidate will also be expected to teach our fellows and undertake innovative and impactful research. We anticipate some requirement for additional service provision in other subspecialty areas, including general inpatient and outpatient cardiology, depending on the candidate’s experience and interests.

The successful applicant would ideally have completed subspecialty training and/or specific clinical experience in echocardiography and fetal cardiology and will report to the Division Head, Labatt Family Heart Centre. The successful candidate must be able to function proficiently in English, hold an MD, MBBS or the equivalent thereto and be certified or eligible for certification by the Royal College of Physicians and Surgeons of Canada or have comparable qualifications. Candidates must hold or be eligible for licensure with the College of Physicians and Surgeons of Ontario. The successful candidate must be eligible for an academic appointment at the University of Toronto. Rank and salary ($300,000-$450,000) per annum and will be commensurate with qualifications and experience.

Applications should include a cover letter, curriculum vitae and a statement outlining current and future clinical and research interests. In addition, provide names and addresses of three references to Dr. Mike Seed, Head, Division of Cardiology, Department of Paediatrics, Hospital for Sick Children 555 University Avenue, Toronto, Ontario, Canada M5G 1X8 email: ***@sickkids.ca (🔒 Premium)

For additional information regarding the Department of Paediatrics see http://www.sickkids.ca/paediatrics/.

The University of Toronto and The Hospital for Sick Children are strongly committed to diversity within its community. Both institutions recognize systemic barriers that impact equity seeking groups. As such, we welcome applications from historically marginalized groups including Black, Indigenous, and Racialized people, women, LGBTQIA+, and/or persons with disabilities. The Department recognizes and fairly considers the impact of leaves (e.g., family care or health-related) that may contribute to career interruptions or slowdowns. Candidates are encouraged to signal any leave that affected productivity, or that may have influenced their career path. This information will be considered to ensure the equitable assessment of the candidate’s record. The Department further supports an employment equity program and encourages members of designated equity groups to self-identify. It further seeks to ensure equitable treatment and full inclusion of persons with disabilities. Persons with disabilities who anticipate needing accommodations for any part of the application process may contact, in confidence, Anna Capizzano, r at ***@sickkids.ca (🔒 Premium) or***-***-**** (🔒 Premium).

All qualified applicants are encouraged to apply; however, in accordance with Canadian immigration requirements, Canadians and permanent residents will be given priority. Only those applicants selected for the interview will be contacted.","Staff Paediatric Cardiologist | Effective immediately The Division of Cardiology at The Hospital for Sick Children, Department of Paediatrics (555 University Ave. Toronto, M5G 1X9), an academic health science centre dedicated exclusively to children, affiliated with the University of Toronto, is seeking a full-time permanent faculty position for a staff paediatric cardiologist with sub-specialty training in Echocardiography at the Labatt Family Heart Centre – Cardiology Division. Candidates with expertise in Fetal Cardiology or Pulmonary Hypertension would be of special interest. | The Labatt Family Heart Centre brings together significant interdisciplinary and inter-professional activities within Paediatric Cardiology, Cardiovascular (CV) Surgery, Cardiac Critical Care, Cardiovascular Research and Adult Congenital Heart Disease Programs, thus allowing the Heart Centre to address the needs of patients and families from fetal life to adulthood. The Heart Centre at The Hospital for Sick Children promotes these activities through seamless integration of research activities, academic performance, and exemplary clinical care. | The primary role of the successful candidate will be to focus on providing excellence in clinical care, education, and research in the field of Echocardiography. The successful candidate will also be expected to teach our fellows and undertake innovative and impactful research. We anticipate some requirement for additional service provision in other subspecialty areas, including general inpatient and outpatient cardiology, depending on the candidate’s experience and interests. | The successful applicant would ideally have completed subspecialty training and/or specific clinical experience in echocardiography and fetal cardiology and will report to the Division Head, Labatt Family Heart Centre. The successful candidate must be able to function proficiently in English, hold an MD, MBBS or the equivalent thereto and be certified or eligible for certification by the Royal College of Physicians and Surgeons of Canada or have comparable qualifications. Candidates must hold or be eligible for licensure with the College of Physicians and Surgeons of Ontario. The successful candidate must be eligible for an academic appointment at the University of Toronto. Rank and salary ($300,000-$450,000) per annum and will be commensurate with qualifications and experience. | Applications should include a cover letter, curriculum vitae and a statement outlining current and future clinical and research interests. In addition,  provide names and addresses of three references to Dr. Mike Seed, Head, Division of Cardiology, Department of Paediatrics, Hospital for Sick Children 555 University Avenue, Toronto, Ontario, Canada M5G 1X8 email: ***@sickkids.ca (🔒 Premium) | For additional information regarding the Department of Paediatrics see http://www.sickkids.ca/paediatrics/. | The University of Toronto and The Hospital for Sick Children are strongly committed to diversity within its community. Both institutions recognize systemic barriers that impact equity seeking groups. As such, we welcome applications from historically marginalized groups including Black, Indigenous, and Racialized people, women, LGBTQIA+, and/or persons with disabilities. The Department recognizes and fairly considers the impact of leaves (e.g., family care or health-related) that may contribute to career interruptions or slowdowns. Candidates are encouraged to signal any leave that affected productivity, or that may have influenced their career path. This information will be considered to ensure the equitable assessment of the candidate’s record. The Department further supports an employment equity program and encourages members of designated equity groups to self-identify. It further seeks to ensure equitable treatment and full inclusion of persons with disabilities. Persons with disabilities who anticipate needing accommodations for any part of the application process may contact, in confidence, Anna Capizzano, r at ***@sickkids.ca (🔒 Premium) or***-***-**** (🔒 Premium). | All qualified applicants are encouraged to apply; however, in accordance with Canadian immigration requirements, Canadians and permanent residents will be given priority. Only those applicants selected for the interview will be contacted.","{""text"":""***@sickkids.ca (🔒 Premium)"",""url"":""/pricing""} | {""text"":""http://www.sickkids.ca/paediatrics/"",""url"":""http://www.sickkids.ca/paediatrics/""} | {""text"":""***@sickkids.ca (🔒 Premium)"",""url"":""/pricing""} | {""text"":""***-***-**** (🔒 Premium)"",""url"":""/pricing""}","https://schema.org","JobPosting","Staff Echocardiographer Cardiologist","Staff Paediatric Cardiologist Effective immediately The Division of Cardiology at The Hospital for Sick Children, Department of Paediatrics (555 University Ave. Toronto, M5G 1X9), an academic health science centre dedicated exclusively to children, affiliated with the University of Toronto, is seeking a full-time permanent faculty position for a staff paediatric cardiologist with sub-specialty training in Echocardiography at the Labatt Family Heart Centre – Cardiology Division. Candidates with expertise in Fetal Cardiology or Pulmonary Hypertension would be of special interest. The Labatt Family Heart Centre brings together significant interdisciplinary and inter-professional activities within Paediatric Cardiology, Cardiovascular (CV) Surgery, Cardiac Critical Care, Cardiovascular Research and Adult Congenital Heart Disease Programs, thus allowing the Heart Centre to address the needs of patients and families from fetal life to adulthood. The Heart Centre at The Hospital for Sick Children promotes these activities through seamless integration of research activities, academic performance, and exemplary clinical care. The primary role of the successful candidate will be to focus on providing excellence in clinical care, education, and research in the field of Echocardiography. The successful candidate will also be expected to teach our fellows and undertake innovative and impactful research. We anticipate some requirement for additional service provision in other subspecialty areas, including general inpatient and outpatient cardiology, depending on the candidate’s experience and interests. The successful applicant would ideally have completed subspecialty training and/or specific clinical experience in echocardiography and fetal cardiology and will report to the Division Head, Labatt Family Heart Centre. The successful candidate must be able to function proficiently in English, hold an MD, MBBS or the equivalent thereto and be certified or eligible for certification by the Royal College of Physicians and Surgeons of Canada or have comparable qualifications. Candidates must hold or be eligible for licensure with the College of Physicians and Surgeons of Ontario. The successful candidate must be eligible for an academic appointment at the University of Toronto. Rank and salary ($300,000-$450,000) per annum and will be commensurate with qualifications and experience. Applications should include a cover letter, curriculum vitae and a statement outlining current and future clinical and research interests. In addition, provide names and addresses of three references to Dr. Mike Seed, Head, Division of Cardiology, Department of Paediatrics, Hospital for Sick Children 555 University Avenue, Toronto, Ontario, Canada M5G 1X8 email: mike.seed@sickkids.ca For additional information regarding the Department of Paediatrics see http://www.sickkids.ca/paediatrics/ . The University of Toronto and The Hospital for Sick Children are strongly committed to diversity within its community. Both institutions recognize systemic barriers that impact equity seeking groups. As such, we welcome applications from historically marginalized groups including Black, Indigenous, and Racialized people, women, LGBTQIA+, and/or persons with disabilities. The Department recognizes and fairly considers the impact of leaves (e.g., family care or health-related) that may contribute to career interruptions or slowdowns. Candidates are encouraged to signal any leave that affected productivity, or that may have influenced their career path. This information will be considered to ensure the equitable assessment of the candidate’s record. The Department further supports an employment equity program and encourages members of designated equity groups to self-identify. It further seeks to ensure equitable treatment and full inclusion of persons with disabilities. Persons with disabilities who anticipate needing accommodations for any part of the application process may contact, in confidence, Anna Capizzano, r at meagan.cameira@sickkids.ca or 416.613.6122. All qualified applicants are encouraged to apply; however, in accordance with Canadian immigration requirements, Canadians and permanent residents will be given priority. Only those applicants selected for the interview will be contacted.","2026-07-29T00:00:00.000Z","2026-10-27T00:00:00.000Z","Organization","The Hospital for Sick Children","Place","PostalAddress","555 University Avenue","Toronto","ON","M5G1X8","CA","PropertyValue","6a6adc6b996e67ca990dbffd","2026-09-29T18:26:12.705Z","","","","","","full-time","","","","","","","","","","","","","","","","","","","","","","","","","","","","","","","","","","","","","","","","","","","","","","","","","","","","","","","","","","","","","","","","","","","","","","","","","","","","","","","","","","","","","","","","","","","","","","","","","","","","","","","","","","","","","","","","","","","","","","","","","","","","","",""
"6a5321c0df36206c308be9c9","https://physiciancareers.ca/jobs/pediatrician-fullpart-time-6a5321c0df36206c308be9c9?specialty=Pediatrics&city=Toronto","Pediatrician - Full/Part Time","Pediatrics","full-time","Bloorkids","bloor","ON","622 Bloor Street West","Toronto, ON","43.6685","-79.39","1.79","Fee-For-Service","unspecified","","","","","","","","","","","false","false","false","false","true","Unlock application details with Premium","2026-07-10","","Pediatric clinic at Bathurst and Bloor. This 49-room facility is one of the largest in Toronto with a full complement of General Pediatricians, Subspecialists and Allied Health Providers. It is centrally located downtown and close to transit.

You will have the unique opportunity to join a dynamic g...","Pediatric clinic at Bathurst and Bloor. This 49-room facility is one of the largest in Toronto with a full complement of General Pediatricians, Subspecialists and Allied Health Providers. It is centrally located downtown and close to transit.

You will have the unique opportunity to join a dynamic group of Pediatricians who are committed to outstanding personal and collaborative practice.

We are looking for Pediatricians who are interested in a mix of primary/consultant-based pediatric practice. Part-time/Full-time opportunities exist. 

Compensation includes competitive fee-split and opportunity for profit-sharing (please inquire for more details)

This medical facility is well equipped for this pandemic and beyond. 

Building infection control measures: 

One way traffic with multiple entrances/exits with additional separate staff entrance 
The entire building has operating-room quality air exchanges in addition to HEPA filtration
Artificial intelligent system for rooming patients
And more!","Pediatric clinic at Bathurst and Bloor. This 49-room facility is one of the largest in Toronto with a full complement of General Pediatricians, Subspecialists and Allied Health Providers. It is centrally located downtown and close to transit. | You will have the unique opportunity to join a dynamic group of Pediatricians who are committed to outstanding personal and collaborative practice. | We are looking for Pediatricians who are interested in a mix of primary/consultant-based pediatric practice. Part-time/Full-time opportunities exist. | Compensation includes competitive fee-split and opportunity for profit-sharing (please inquire for more details) | This medical facility is well equipped for this pandemic and beyond.","","https://schema.org","JobPosting","Pediatrician - Full/Part Time","Pediatric clinic at Bathurst and Bloor. This 49-room facility is one of the largest in Toronto with a full complement of General Pediatricians, Subspecialists and Allied Health Providers. It is centrally located downtown and close to transit. You will have the unique opportunity to join a dynamic group of Pediatricians who are committed to outstanding personal and collaborative practice. We are looking for Pediatricians who are interested in a mix of primary/consultant-based pediatric practice. Part-time/Full-time opportunities exist. Compensation includes competitive fee-split and opportunity for profit-sharing (please inquire for more details) This medical facility is well equipped for this pandemic and beyond. Building infection control measures: One way traffic with multiple entrances/exits with additional separate staff entrance The entire building has operating-room quality air exchanges in addition to HEPA filtration Artificial intelligent system for rooming patients And more!","2026-07-10T00:00:00.000Z","2026-10-08T00:00:00.000Z","Organization","Bloorkids","Place","PostalAddress","622 Bloor Street West","Toronto","ON","M6G1K7","CA","PropertyValue","6a5321c0df36206c308be9c9","2026-09-29T18:26:13.456Z","","","","","","full-time","","","","","","","","","","","","","","","","","","","","","","","","","","","","","","","","","","","","","","","","","","","","","","","","","","","","","","","","","","","","","","","","","","","","","","","","","","","","","","","","","","","","","","","","","","","","","","","","","","","","","One way traffic with multiple entrances/exits with additional separate staff entrance | The entire building has operating-room quality air exchanges in addition to HEPA filtration | Artificial intelligent system for rooming patients | And more!","","","","","","","","","","","","","","","","","","","","","","","","",""
"6a41fd50a641db6c31f4adcb","https://physiciancareers.ca/jobs/peds-repsirologist-for-busy-peds-clinic-6a41fd50a641db6c31f4adcb?specialty=Pediatrics&city=Toronto","Peds repsirologist for busy peds clinic","Pediatrics","full-time","Kidcrew","north york","ON","240 Duncan Mill Road","Toronto, ON","43.7615","-79.4111","12.25","Fee-For-Service","unspecified","","","","","","","","","","","false","true","false","true","true","Unlock application details with Premium","2026-06-28","","Child Respirology - full-time or part-time, wanted for our multi-disciplinary clinic at Bathurst and St Clair and North York location on Duncan Mill Road. 

DAYTIME OR AFTER-HOURS POSITIONS AVAILABLE

The offices are brand new. The EMR is PS Suite (Telus).

Our professional office staff handles all ...","Child Respirology - full-time or part-time, wanted for our multi-disciplinary clinic at Bathurst and St Clair and North York location on Duncan Mill Road. 

DAYTIME OR AFTER-HOURS POSITIONS AVAILABLE

The offices are brand new. The EMR is PS Suite (Telus).

Our professional office staff handles all the administrative tasks.

Part-time, full-time, or casual, wanted for our large, collaborative, multidisciplinary clinic.

Kidcrew is an award-winning multidisciplinary pediatric practice located at Bathurst and St Clair in Midtown Toronto.

We have over 70,000 patients.

Our Virtual Care Clinic serves kids from anywhere in Ontario.

Our virtual-care model provides flexibility to allow doctors to augment with casual, part-time, or full-time work.

Cloud-based, HIPAA/PHIPA compliant EMR with VPN access from home.

Chart, bill, order labs/imaging/write sick notes/referrals and discharge notes from anywhere you want!

Guaranteed patient volume depending on preference. 

ZERO EMR fee.

Competitive overhead rate.

Overhead is tax-deductible as an associate (versus an employee at other clinics).

Commitment is casual or long-term. You can pick up as much or as little as you want. When you want to work, how long, and how frequently you see patients, it's up to you.

Our professional office staff handles all the administrative tasks.

Who do we serve?

We can see patients from anywhere in Ontario, including in rural, northern, and underserviced areas. Telemedicine can improve the health and well-being of patients who have poor access to care or can only use the ER. We are thrilled to help more families with timely expert pediatric care.

Patient Follow Up

As we have a brick-and-mortar location, if you want a patient examined, one of the Kidcrew colleagues can accommodate seeing a patient for a follow-up, avoid emergency room use and ensure continuity of care.

Flexible patient encounters: sick visits, consults or follow-ups, in person or via telemedicine

Flexibility in hours: the ability to work part-time, FT, evenings, or weekends 

Work alongside specialists: with over 20 different medical and surgical specialties affiliated

Attractive fee split

Requirement: CPSO licensed

This is an excellent opportunity to build or relocate a practice in a highly populated residential area.

The clinic is open seven days a week.

**New Graduates Encouraged to Apply**

About Kidcrew

At Kidcrew, we have created a forward-thinking and innovative children's clinic focusing on family-centered care and wellness for children of all ages. We are looking to bring on excellent, eager, and friendly pediatricians and specialists. Pediatricians will provide well-baby care, sick visits, and general pediatrics to this thriving community. In addition, the clinic provides nursing care.

We are passionate about providing quality pediatric care for kids and families. A state-of-the-art EMR is used along with well-qualified friendly, trained support staff. 

From our friendly front desk staff to our non-traditional 2,000 square-foot patient lounge with a playground, iPad stations, and a playroom, Kidcrew is committed to providing an exceptional patient experience. We have over 120 clinicians on our team: pediatricians, a variety of pediatric sub-specialists, dietitians, speech-language pathologists, physiotherapists, occupational therapists, psychologists, and others to provide a comprehensive and collaborative model under one roof. 

Join us on our journey in reinventing kids' healthcare.","Child Respirology - full-time or part-time, wanted for our multi-disciplinary clinic at Bathurst and St Clair and North York location on Duncan Mill Road.","","https://schema.org","JobPosting","Peds repsirologist for busy peds clinic","Child Respirology - full-time or part-time, wanted for our multi-disciplinary clinic at Bathurst and St Clair and North York location on Duncan Mill Road. DAYTIME OR AFTER-HOURS POSITIONS AVAILABLE The offices are brand new. The EMR is PS Suite (Telus). Our professional office staff handles all the administrative tasks. Part-time, full-time, or casual, wanted for our large, collaborative, multidisciplinary clinic. Kidcrew is an award-winning multidisciplinary pediatric practice located at Bathurst and St Clair in Midtown Toronto. We have over 70,000 patients. Our Virtual Care Clinic serves kids from anywhere in Ontario. Our virtual-care model provides flexibility to allow doctors to augment with casual, part-time, or full-time work. Cloud-based, HIPAA/PHIPA compliant EMR with VPN access from home. Chart, bill, order labs/imaging/write sick notes/referrals and discharge notes from anywhere you want! Guaranteed patient volume depending on preference. ZERO EMR fee. Competitive overhead rate. Overhead is tax-deductible as an associate (versus an employee at other clinics). Commitment is casual or long-term. You can pick up as much or as little as you want. When you want to work, how long, and how frequently you see patients, it&#39;s up to you. Our professional office staff handles all the administrative tasks. Who do we serve? We can see patients from anywhere in Ontario, including in rural, northern, and underserviced areas. Telemedicine can improve the health and well-being of patients who have poor access to care or can only use the ER. We are thrilled to help more families with timely expert pediatric care. Patient Follow Up As we have a brick-and-mortar location, if you want a patient examined, one of the Kidcrew colleagues can accommodate seeing a patient for a follow-up, avoid emergency room use and ensure continuity of care. Flexible patient encounters : sick visits, consults or follow-ups, in person or via telemedicine Flexibility in hours : the ability to work part-time, FT, evenings, or weekends Work alongside specialists: with over 20 different medical and surgical specialties affiliated Attractive fee split Requirement: CPSO licensed This is an excellent opportunity to build or relocate a practice in a highly populated residential area. The clinic is open seven days a week. **New Graduates Encouraged to Apply** About Kidcrew At Kidcrew, we have created a forward-thinking and innovative children&#39;s clinic focusing on family-centered care and wellness for children of all ages. We are looking to bring on excellent, eager, and friendly pediatricians and specialists. Pediatricians will provide well-baby care, sick visits, and general pediatrics to this thriving community. In addition, the clinic provides nursing care. We are passionate about providing quality pediatric care for kids and families. A state-of-the-art EMR is used along with well-qualified friendly, trained support staff. From our friendly front desk staff to our non-traditional 2,000 square-foot patient lounge with a playground, iPad stations, and a playroom, Kidcrew is committed to providing an exceptional patient experience. We have over 120 clinicians on our team: pediatricians, a variety of pediatric sub-specialists, dietitians, speech-language pathologists, physiotherapists, occupational therapists, psychologists, and others to provide a comprehensive and collaborative model under one roof. Join us on our journey in reinventing kids&#39; healthcare.","2026-06-28T00:00:00.000Z","2026-09-26T00:00:00.000Z","Organization","Kidcrew","Place","PostalAddress","240 Duncan Mill Road","Toronto","ON","M3B3S6","CA","PropertyValue","6a41fd50a641db6c31f4adcb","2026-09-29T18:26:13.905Z","","","","","","full-time","The offices are brand new. The EMR is PS Suite (Telus). | Our professional office staff handles all the administrative tasks. | Part-time, full-time, or casual, wanted for our large, collaborative, multidisciplinary clinic. | Kidcrew is an award-winning multidisciplinary pediatric practice located at Bathurst and St Clair in Midtown Toronto. | We have over 70,000 patients. | Our Virtual Care Clinic serves kids from anywhere in Ontario. | Our virtual-care model provides flexibility to allow doctors to augment with casual, part-time, or full-time work. | Cloud-based, HIPAA/PHIPA compliant EMR with VPN access from home. | Chart, bill, order labs/imaging/write sick notes/referrals and discharge notes from anywhere you want! | Guaranteed patient volume depending on preference. | ZERO EMR fee. | Competitive overhead rate. | Overhead is tax-deductible as an associate (versus an employee at other clinics). | Commitment is casual or long-term. You can pick up as much or as little as you want. When you want to work, how long, and how frequently you see patients, it's up to you. | Our professional office staff handles all the administrative tasks.","","","","We can see patients from anywhere in Ontario, including in rural, northern, and underserviced areas. Telemedicine can improve the health and well-being of patients who have poor access to care or can only use the ER. We are thrilled to help more families with timely expert pediatric care.","As we have a brick-and-mortar location, if you want a patient examined, one of the Kidcrew colleagues can accommodate seeing a patient for a follow-up, avoid emergency room use and ensure continuity of care. | Flexible patient encounters: sick visits, consults or follow-ups, in person or via telemedicine | Flexibility in hours: the ability to work part-time, FT, evenings, or weekends | Work alongside specialists: with over 20 different medical and surgical specialties affiliated","Requirement: CPSO licensed | This is an excellent opportunity to build or relocate a practice in a highly populated residential area. | The clinic is open seven days a week. | **New Graduates Encouraged to Apply**","At Kidcrew, we have created a forward-thinking and innovative children's clinic focusing on family-centered care and wellness for children of all ages. We are looking to bring on excellent, eager, and friendly pediatricians and specialists.  Pediatricians will provide well-baby care, sick visits, and general pediatrics to this thriving community. In addition, the clinic provides nursing care. | We are passionate about providing quality pediatric care for kids and families. A state-of-the-art EMR is used along with well-qualified friendly, trained support staff. | From our friendly front desk staff to our non-traditional 2,000 square-foot patient lounge with a playground, iPad stations, and a playroom, Kidcrew is committed to providing an exceptional patient experience. We have over 120 clinicians on our team: pediatricians, a variety of pediatric sub-specialists, dietitians, speech-language pathologists, physiotherapists, occupational therapists, psychologists, and others to provide a comprehensive and collaborative model under one roof. | Join us on our journey in reinventing kids' healthcare.","","","","","","","","","","","","","","","","","","","","","","","","","","","","","","","","","","","","","","","","","","","","","","","","","","","","","","","","","","","","","","","","","","","","","","","","","","","","","","","","","","","","","","","","","","","","","","","","","","","","","","","","","","","","","","","","","","","","","",""
"6a41fd50a641db6c31f4adc6","https://physiciancareers.ca/jobs/gatroenterologist-for-busy-community-pediatric-practice-6a41fd50a641db6c31f4adc6?specialty=Pediatrics&city=Toronto","GATROENTEROLOGIST for busy community pediatric practice","Pediatrics","full-time","Kidcrew","north york","ON","1440 Bathurst St","Toronto, ON","43.7615","-79.4111","12.25","Fee-For-Service","hourly","500","500","500","1000000","","","","","","","false","true","false","true","true","Unlock application details with Premium","2026-06-28","","GASTROENTEROLOGIST, full-time or part-time, wanted for a multi-disciplinary clinic at either Kidcrew location.

Midtown:  Bathurst and St Clair

North York: Leslie and 401

 

DAYTIME OR AFTER-HOURS POSITIONS AVAILABLE

 

The offices are brand new. The EMR is PS Suite (Telus).

Our professional off...","GASTROENTEROLOGIST, full-time or part-time, wanted for a multi-disciplinary clinic at either Kidcrew location.

Midtown: Bathurst and St Clair

North York: Leslie and 401

 

DAYTIME OR AFTER-HOURS POSITIONS AVAILABLE

 

The offices are brand new. The EMR is PS Suite (Telus).

Our professional office staff handles all the administrative tasks.

 

Kidcrew is an award-winning multi-disciplinary pediatric practice located in Midtown Toronto and North York. We have over 80,000 patients.

 

Our Virtual Care Clinic serves kids from anywhere in Ontario.

Our virtual-care model provides flexibility to allow doctors to augment with casual, part-time, or full-time work.

Cloud-based, HIPAA/PHIPA compliant EMR with VPN access from home.

Chart, bill, order labs/imaging/write sick notes/referrals and discharge notes from anywhere you want!

Guaranteed patient volume (4-6/hr) depending on preference. 

ZERO EMR fee.

Competitive overhead rate.

Overhead is tax-deductible as an associate (versus an employee at other clinics).

Bill upwards of $500/hour

Commitment is casual or long-term. You can pick up as much or as little as you want. When you want to work, how long, and how frequently you see patients, it's up to you.

Our professional office staff handles all the administrative tasks.

 

Who do we serve?

We can see patients from anywhere in Ontario, including in rural, northern, and underserviced areas. Telemedicine can improve the health and well-being of patients who have poor access to care or can only use the ER. We can help improve access and, therefore, patients' overall health and well-being in these areas. We are thrilled to help more families with timely expert pediatric care.

 

Patient Follow Up

Kidcrew clinicians collaborate to ensure patients have timely and accessible follow-up, in order to avoid unnecessary emergency room use and ensure continuity of care.

 

Flexible patient encounters: urgent visits, consults or follow-ups, in person or via virtual medicine.

 

Flexibility in hours: the ability to work part-time, FT, evenings, or weekends 

 

Work alongside specialists: with over 20 different medical and surgical specialties affiliated

 

Attractive fee split

 

Requirement: CPSO licensed

This is an excellent opportunity to build or relocate a practice in a highly populated residential area.

The clinic is open seven days a week.

**New Graduates Encouraged to Apply**

 

About Kidcrew

At Kidcrew, we have created forward-thinking and innovative children's clinics focusing on family-centred care and wellness for children of all ages. We are looking to bring on excellent, eager, and friendly pediatricians and specialists. Pediatricians will provide well-baby care, sick visits, and general pediatrics to this thriving community. In addition, the clinic provides nursing care.

We are passionate about providing quality pediatric care for kids and families. A state-of-the-art EMR is used along with well-qualified friendly, trained support staff. 

From our friendly front desk staff to our non-traditional 2,000 square-foot patient lounges with a playground, iPad stations, and a playroom, Kidcrew is committed to providing an exceptional patient experience. We have over 120 clinicians on our team: pediatricians, a variety of pediatric sub-specialists, dietitians, speech-language pathologists, physiotherapists, occupational therapists, psychologists, and others to provide a comprehensive and collaborative model under one roof. 

Join us on our journey to reinventing kids' healthcare.

https://kidcrew.com/

 

Our founder, Dr Dina Kulik, is happy to review opportunities at ***@kidcrew.com (🔒 Premium)","","{""text"":""***@kidcrew.com (🔒 Premium)"",""url"":""/pricing""}","https://schema.org","JobPosting","GATROENTEROLOGIST for busy community pediatric practice","GASTROENTEROLOGIST, full-time or part-time, wanted for a multi-disciplinary clinic at either Kidcrew location. Midtown: Bathurst and St Clair North York: Leslie and 401 DAYTIME OR AFTER-HOURS POSITIONS AVAILABLE The offices are brand new. The EMR is PS Suite (Telus). Our professional office staff handles all the administrative tasks. Kidcrew is an award-winning multi-disciplinary pediatric practice located in Midtown Toronto and North York. We have over 80,000 patients. Our Virtual Care Clinic serves kids from anywhere in Ontario. Our virtual-care model provides flexibility to allow doctors to augment with casual, part-time, or full-time work. Cloud-based, HIPAA/PHIPA compliant EMR with VPN access from home. Chart, bill, order labs/imaging/write sick notes/referrals and discharge notes from anywhere you want! Guaranteed patient volume (4-6/hr) depending on preference. ZERO EMR fee. Competitive overhead rate. Overhead is tax-deductible as an associate (versus an employee at other clinics). Bill upwards of $500/hour Commitment is casual or long-term. You can pick up as much or as little as you want. When you want to work, how long, and how frequently you see patients, it&#39;s up to you. Our professional office staff handles all the administrative tasks. Who do we serve? We can see patients from anywhere in Ontario, including in rural, northern, and underserviced areas. Telemedicine can improve the health and well-being of patients who have poor access to care or can only use the ER. We can help improve access and, therefore, patients&#39; overall health and well-being in these areas. We are thrilled to help more families with timely expert pediatric care. Patient Follow Up Kidcrew clinicians collaborate to ensure patients have timely and accessible follow-up, in order to avoid unnecessary emergency room use and ensure continuity of care. Flexible patient encounters : urgent visits, consults or follow-ups, in person or via virtual medicine. Flexibility in hours : the ability to work part-time, FT, evenings, or weekends Work alongside specialists: with over 20 different medical and surgical specialties affiliated Attractive fee split Requirement: CPSO licensed This is an excellent opportunity to build or relocate a practice in a highly populated residential area. The clinic is open seven days a week. **New Graduates Encouraged to Apply** About Kidcrew At Kidcrew, we have created forward-thinking and innovative children&#39;s clinics focusing on family-centred care and wellness for children of all ages. We are looking to bring on excellent, eager, and friendly pediatricians and specialists. Pediatricians will provide well-baby care, sick visits, and general pediatrics to this thriving community. In addition, the clinic provides nursing care. We are passionate about providing quality pediatric care for kids and families. A state-of-the-art EMR is used along with well-qualified friendly, trained support staff. From our friendly front desk staff to our non-traditional 2,000 square-foot patient lounges with a playground, iPad stations, and a playroom, Kidcrew is committed to providing an exceptional patient experience. We have over 120 clinicians on our team: pediatricians, a variety of pediatric sub-specialists, dietitians, speech-language pathologists, physiotherapists, occupational therapists, psychologists, and others to provide a comprehensive and collaborative model under one roof. Join us on our journey to reinventing kids&#39; healthcare. https://kidcrew.com/ Our founder, Dr Dina Kulik, is happy to review opportunities at drdina@kidcrew.com","2026-06-28T00:00:00.000Z","2026-09-26T00:00:00.000Z","Organization","Kidcrew","Place","PostalAddress","1440 Bathurst St","Toronto","ON","M5R3J3","CA","PropertyValue","6a41fd50a641db6c31f4adc6","2026-09-29T18:26:14.591Z","","","","","","full-time","","","","Kidcrew is an award-winning multi-disciplinary pediatric practice located in Midtown Toronto and North York. We have over 80,000 patients. | Our Virtual Care Clinic serves kids from anywhere in Ontario. | Our virtual-care model provides flexibility to allow doctors to augment with casual, part-time, or full-time work. | Cloud-based, HIPAA/PHIPA compliant EMR with VPN access from home. | Chart, bill, order labs/imaging/write sick notes/referrals and discharge notes from anywhere you want! | Guaranteed patient volume (4-6/hr) depending on preference. | ZERO EMR fee. | Competitive overhead rate. | Overhead is tax-deductible as an associate (versus an employee at other clinics). | Bill upwards of $500/hour | Commitment is casual or long-term. You can pick up as much or as little as you want. When you want to work, how long, and how frequently you see patients, it's up to you. | Our professional office staff handles all the administrative tasks.","We can see patients from anywhere in Ontario, including in rural, northern, and underserviced areas. Telemedicine can improve the health and well-being of patients who have poor access to care or can only use the ER. We can help improve access and, therefore, patients' overall health and well-being in these areas. We are thrilled to help more families with timely expert pediatric care.","Kidcrew clinicians collaborate to ensure patients have timely and accessible follow-up,  in order to avoid unnecessary emergency room use and ensure continuity of care. | Flexible patient encounters: urgent visits, consults or follow-ups, in person or via virtual medicine. | Flexibility in hours: the ability to work part-time, FT, evenings, or weekends | Work alongside specialists: with over 20 different medical and surgical specialties affiliated","Requirement: CPSO licensed | This is an excellent opportunity to build or relocate a practice in a highly populated residential area. | The clinic is open seven days a week. | **New Graduates Encouraged to Apply**","At Kidcrew, we have created forward-thinking and innovative children's clinics focusing on family-centred care and wellness for children of all ages. We are looking to bring on excellent, eager, and friendly pediatricians and specialists.  Pediatricians will provide well-baby care, sick visits, and general pediatrics to this thriving community. In addition, the clinic provides nursing care. | We are passionate about providing quality pediatric care for kids and families. A state-of-the-art EMR is used along with well-qualified friendly, trained support staff. | From our friendly front desk staff to our non-traditional 2,000 square-foot patient lounges with a playground, iPad stations, and a playroom, Kidcrew is committed to providing an exceptional patient experience. We have over 120 clinicians on our team: pediatricians, a variety of pediatric sub-specialists, dietitians, speech-language pathologists, physiotherapists, occupational therapists, psychologists, and others to provide a comprehensive and collaborative model under one roof. | Join us on our journey to reinventing kids' healthcare. | https://kidcrew.com/ | Our founder, Dr Dina Kulik, is happy to review opportunities at ***@kidcrew.com (🔒 Premium)","","","","","","","","","","","","","","","","","","","","","","","","","","","","","","","","","","","","","","","","","","","","","","","","","","","","","","","","","","","","","","","","","","","","","","","","","","","","","","","","","","","","","","","","","","","","","","","","","","","","","","","","","","","","","","","","","","","","","",""
"6a00129f76abc2c85cb86579","https://physiciancareers.ca/jobs/after-hours-crew-urgent-care-pediatricians-welcome-6a00129f76abc2c85cb86579?specialty=Pediatrics&city=Toronto","AFTER HOURS CREW - URGENT CARE PEDIATRICIANS WELCOME!","Pediatrics","full-time","Kidcrew","north york","ON","240 Duncan Mill Road","Toronto, ON","43.7615","-79.4111","12.25","Fee-For-Service","unspecified","","","","","","","","","","","false","true","false","false","true","Unlock application details with Premium","2026-06-28","","Pediatricians, full-time or part-time, for our urgent care/after-hours clinics

Brand new multi-disciplinary clinics in midtown Toronto and North York

JOIN THE BIGGEST AND MOST RECOMMENDED PEDIATRIC CLINIC IN CANADA!

 

DAYTIME OR AFTER-HOURS POSITIONS ARE AVAILABLE

New, tech-enhanced offices. Th...","Pediatricians, full-time or part-time, for our urgent care/after-hours clinics

Brand new multi-disciplinary clinics in midtown Toronto and North York

JOIN THE BIGGEST AND MOST RECOMMENDED PEDIATRIC CLINIC IN CANADA!

 

DAYTIME OR AFTER-HOURS POSITIONS ARE AVAILABLE

New, tech-enhanced offices. The EMR is PS Suite (Telus).

Our professional office staff handles all the administrative tasks.

 

❤ Flexibility in hours: the ability to work part-time, FT, evenings or weekends 

❤ You decide how many patients you want to see and how many hours you work. 

❤ Large, multidisciplinary pediatric group. Easily refer to other pediatricians for follow-up, or specialists for consultation.

❤ Attractive fee split

 

At Kidcrew, we have created a forward-thinking and innovative children’s clinic focusing on family-centred care and wellness for children of all ages. Kidcrew is a new Pediatric multi-disciplinary clinic in midtown Toronto. We are looking to bring on excellent, eager and friendly pediatricians and specialists. Several pediatricians provide well-baby care, sick visits and general pediatrics to our community of over 70,000 patients. We care for patients Ontario-wide, including a focus on underserviced and vulnerable communities. Nursing care is provided by the clinic.

We are passionate about providing quality pediatric care for kids and families. Telus Practice Solutions EMR and technology focused on improving clinician communication and efficiency are used in the practice along with well-qualified, friendly, support staff. 

From our friendly front desk staff to our non-traditional 2,000 square-foot patient lounges, Kidcrew is committed to providing an exceptional patient experience. Our team consists of pediatricians and a variety of pediatric sub specialists. Alongside, dietitians, speech-language pathologists, physiotherapists, occupational therapists, chiropractors, psychologists and many other team members work together to provide a comprehensive and collaborative model under one roof. 

Join us on our journey in changing childrens' healthcare for the better.

Kidcrew.com","Pediatricians, full-time or part-time, for our urgent care/after-hours clinics | Brand new multi-disciplinary clinics in midtown Toronto and North York | JOIN THE BIGGEST AND MOST RECOMMENDED PEDIATRIC CLINIC IN CANADA!","","https://schema.org","JobPosting","AFTER HOURS CREW - URGENT CARE PEDIATRICIANS WELCOME!","Pediatricians , full-time or part-time, for our urgent care/after-hours clinics Brand new multi-disciplinary clinics in midtown Toronto and North York JOIN THE BIGGEST AND MOST RECOMMENDED PEDIATRIC CLINIC IN CANADA! DAYTIME OR AFTER-HOURS POSITIONS ARE AVAILABLE New, tech-enhanced offices. The EMR is PS Suite (Telus). Our professional office staff handles all the administrative tasks. ❤ Flexibility in hours : the ability to work part-time, FT, evenings or weekends ❤ You decide how many patients you want to see and how many hours you work. ❤ Large, multidisciplinary pediatric group. Easily refer to other pediatricians for follow-up, or specialists for consultation. ❤ Attractive fee split At Kidcrew, we have created a forward-thinking and innovative children’s clinic focusing on family-centred care and wellness for children of all ages. Kidcrew is a new Pediatric multi-disciplinary clinic in midtown Toronto. We are looking to bring on excellent, eager and friendly pediatricians and specialists. Several pediatricians provide well-baby care, sick visits and general pediatrics to our community of over 70,000 patients. We care for patients Ontario-wide, including a focus on underserviced and vulnerable communities. Nursing care is provided by the clinic. We are passionate about providing quality pediatric care for kids and families. Telus Practice Solutions EMR and technology focused on improving clinician communication and efficiency are used in the practice along with well-qualified, friendly, support staff. From our friendly front desk staff to our non-traditional 2,000 square-foot patient lounges, Kidcrew is committed to providing an exceptional patient experience. Our team consists of pediatricians and a variety of pediatric sub specialists. Alongside, dietitians, speech-language pathologists, physiotherapists, occupational therapists, chiropractors, psychologists and many other team members work together to provide a comprehensive and collaborative model under one roof. Join us on our journey in changing childrens&#39; healthcare for the better. Kidcrew.com","2026-06-28T00:00:00.000Z","2026-09-26T00:00:00.000Z","Organization","Kidcrew","Place","PostalAddress","240 Duncan Mill Road","Toronto","ON","M3B3S6","CA","PropertyValue","6a00129f76abc2c85cb86579","2026-09-29T18:26:15.414Z","","","","","","full-time","","","","","","","","","","","","","","","","","","","","","","","","","","","","","","","","","","","","","","","","","","","","","","","","","","","","","","","","","","","","","","","","","","","","","","","","","","","","","","","","","","","","","","","","","","","","","","","","","","","","","","New, tech-enhanced offices. The EMR is PS Suite (Telus). | Our professional office staff handles all the administrative tasks. | ❤ Flexibility in hours: the ability to work part-time, FT, evenings or weekends | ❤ You decide how many patients you want to see and how many hours you work. | ❤ Large, multidisciplinary pediatric group. Easily refer to other pediatricians for follow-up, or specialists for consultation.","At Kidcrew, we have created a forward-thinking and innovative children’s clinic focusing on family-centred care and wellness for children of all ages. Kidcrew is a new Pediatric multi-disciplinary clinic in midtown Toronto. We are looking to bring on excellent, eager and friendly pediatricians and specialists.  Several pediatricians provide well-baby care, sick visits and general pediatrics to our community of over 70,000 patients. We care for patients Ontario-wide, including a focus on underserviced and vulnerable communities.  Nursing care is provided by the clinic. | We are passionate about providing quality pediatric care for kids and families. Telus Practice Solutions EMR and technology focused on improving clinician communication and efficiency are used in the practice along with well-qualified, friendly, support staff. | From our friendly front desk staff to our non-traditional 2,000 square-foot patient lounges, Kidcrew is committed to providing an exceptional patient experience. Our team consists of pediatricians and a variety of pediatric sub specialists. Alongside, dietitians, speech-language pathologists, physiotherapists, occupational therapists, chiropractors, psychologists and many other team members work together to provide a comprehensive and collaborative model under one roof. | Join us on our journey in changing childrens' healthcare for the better. | Kidcrew.com","","","","","","","","","","","","","","","","","","","","","","",""
"6a2ce628819ddc5dc2bc073a","https://physiciancareers.ca/jobs/division-of-nephrology-clinician-scientist-6a2ce628819ddc5dc2bc073a?specialty=Pediatrics&city=Toronto","Division of Nephrology – Clinician Scientist","Pediatrics","full-time","The Hospital for Sick Children","downtown toronto","ON","555 University Avenue","Toronto, ON","43.6532","-79.3832","0","","annual","275000","352000","313500","313500","","","","","","","true","false","false","true","true","Unlock application details with Premium","2026-06-12","","Effective immediately, a permanent full-time faculty position as a Clinician Scientist is available in the Division of Nephrology, Department of Paediatrics, at The Hospital for Sick Children (SickKids), 555 University Avenue, Toronto, ON, Canada. The new faculty member will also be appointed in the...","Effective immediately, a permanent full-time faculty position as a Clinician Scientist is available in the Division of Nephrology, Department of Paediatrics, at The Hospital for Sick Children (SickKids), 555 University Avenue, Toronto, ON, Canada. The new faculty member will also be appointed in the Research Institute at The Hospital for Sick Children.

SickKids is a world-renowned academic health science centre dedicated to the care of children, affiliated with the University of Toronto. The SickKids Research Institute includes seven fully integrated research programs (http://www.sickkids.ca/Research/) and is in the state-of-the-art Peter Gilgan Centre for Research & Learning, within the Toronto Discovery District. The position offers a unique environment for medical science discoveries near nine teaching and research hospitals and Canada’s largest university. 

The Division of Nephrology comprises fifteen highly collegial full-and part-time faculty committed to world-leading clinical care spanning the entire field of Pediatric Nephrology, including high volume dialysis/apheresis and transplant programs and high-impact clinical and basic research focused on childhood and rare kidney diseases, aligning with SickKids' “Precision Child Health” initiative.

The successful candidate should have a strong background in basic science, preferably with expertise in areas such as multi-omics, gene editing, disease modelling, or drug discovery. They should have substantial research experience, typically demonstrated through a PhD and/or postdoctoral training, along with a strong publication record, successful grant funding, and conference presentations. Preference will be given to candidates focused on rare kidney diseases. The successful applicant will also be expected to apply for a scientist-track role at the SickKids Research Institute and build an impactful research career within an equitable and inclusive environment.

The candidate’s responsibilities will involve teaching and mentoring students across the division, department, and university. The successful candidate should qualify for a cross-appointment with a University of Toronto graduate program to supervise graduate students directly. Strong collaboration with colleagues across the division, department, research institute, university, external partners, and the broader community is also expected.

The successful candidate will contribute to both research and clinical care, with 20–30% of responsibilities dedicated to patient care. The ideal applicant will demonstrate comprehensive clinical expertise in Pediatric Nephrology, including chronic kidney disease (CKD), renal replacement therapy, and kidney transplantation.

The successful candidate will be eligible for an academic appointment at the University of Toronto. Rank and salary ($275,000-$352,000) will be commensurate with qualifications and experience. The successful candidate will be eligible for a benefits package that includes medical, dental, life insurance, long-term disability insurance, group insurance, pension plan, vision care, academic allowance, and a relocation package.

All candidates must be able to function proficiently in English, hold an MD, MBBS or equivalent degree, and be certified (or eligible for certification) by the Royal College of Physicians and Surgeons of Canada or have comparable qualifications. Candidates must hold (or be eligible for) licensure with the College of Physicians and Surgeons of Ontario.

Interested individuals should submit a letter of application and curriculum vitae with the names and addresses of three references to the attention of Dr. Christoph Licht, Head, Division of Nephrology, Department of Paediatrics, c/o Linda Correia, Sr. Manager, Department of Paediatrics, The Hospital for Sick Children, 555 University Avenue, Toronto, ON M5G 1X8, Canada; email: ***@sickkids.ca (🔒 Premium).

Visit our website for additional information regarding the Department of Paediatrics: www.paeds.utoronto.ca

The University of Toronto and The Hospital for Sick Children are strongly committed to diversity within their community. Both institutions recognize systemic barriers that impact equity-seeking groups. As such, we welcome applications from historically marginalized groups, including Black, Indigenous, and Racialized people, women, LGBTQIA+, and/or persons with disabilities. The Department recognizes and fairly considers the impact of leaves (e.g., family care or health-related) that may contribute to career interruptions or slowdowns. Candidates are encouraged to disclose any leave that affected productivity or that may have influenced their career path. This information will be considered to ensure the equitable assessment of the candidate’s record. The Department further supports an employment equity program and encourages members of designated equity groups to self-identify. It further seeks to ensure equitable treatment and full inclusion of persons with disabilities.","Effective immediately, a permanent full-time faculty position as a Clinician Scientist is available in the Division of Nephrology, Department of Paediatrics, at The Hospital for Sick Children (SickKids), 555 University Avenue, Toronto, ON, Canada. The new faculty member will also be appointed in the Research Institute at The Hospital for Sick Children. | SickKids is a world-renowned academic health science centre dedicated to the care of children, affiliated with the University of Toronto. The SickKids Research Institute includes seven fully integrated research programs (http://www.sickkids.ca/Research/) and is in the state-of-the-art Peter Gilgan Centre for Research & Learning, within the Toronto Discovery District. The position offers a unique environment for medical science discoveries near nine teaching and research hospitals and Canada’s largest university. | The Division of Nephrology comprises fifteen highly collegial full-and part-time faculty committed to world-leading clinical care spanning the entire field of Pediatric Nephrology, including high volume dialysis/apheresis and transplant programs and high-impact clinical and basic research focused on childhood and rare kidney diseases, aligning with SickKids' “Precision Child Health” initiative. | The successful candidate should have a strong background in basic science, preferably with expertise in areas such as multi-omics, gene editing, disease modelling, or drug discovery. They should have substantial research experience, typically demonstrated through a PhD and/or postdoctoral training, along with a strong publication record, successful grant funding, and conference presentations. Preference will be given to candidates focused on rare kidney diseases. The successful applicant will also be expected to apply for a scientist-track role at the SickKids Research Institute and build an impactful research career within an equitable and inclusive environment. | The candidate’s responsibilities will involve teaching and mentoring students across the division, department, and university. The successful candidate should qualify for a cross-appointment with a University of Toronto graduate program to supervise graduate students directly. Strong collaboration with colleagues across the division, department, research institute, university, external partners, and the broader community is also expected. | The successful candidate will contribute to both research and clinical care, with 20–30% of responsibilities dedicated to patient care. The ideal applicant will demonstrate comprehensive clinical expertise in Pediatric Nephrology, including chronic kidney disease (CKD), renal replacement therapy, and kidney transplantation. | The successful candidate will be eligible for an academic appointment at the University of Toronto. Rank and salary ($275,000-$352,000) will be commensurate with qualifications and experience. The successful candidate will be eligible for a benefits package that includes medical, dental, life insurance, long-term disability insurance, group insurance, pension plan, vision care, academic allowance, and a relocation package. | All candidates must be able to function proficiently in English, hold an MD, MBBS or equivalent degree, and be certified (or eligible for certification) by the Royal College of Physicians and Surgeons of Canada or have comparable qualifications. Candidates must hold (or be eligible for) licensure with the College of Physicians and Surgeons of Ontario. | Interested individuals should submit a letter of application and curriculum vitae with the names and addresses of three references to the attention of Dr. Christoph Licht, Head, Division of Nephrology, Department of Paediatrics, c/o Linda Correia, Sr. Manager, Department of Paediatrics, The Hospital for Sick Children, 555 University Avenue, Toronto, ON M5G 1X8, Canada; email: ***@sickkids.ca (🔒 Premium). | Visit our website for additional information regarding the Department of Paediatrics: www.paeds.utoronto.ca | The University of Toronto and The Hospital for Sick Children are strongly committed to diversity within their community. Both institutions recognize systemic barriers that impact equity-seeking groups. As such, we welcome applications from historically marginalized groups, including Black, Indigenous, and Racialized people, women, LGBTQIA+, and/or persons with disabilities. The Department recognizes and fairly considers the impact of leaves (e.g., family care or health-related) that may contribute to career interruptions or slowdowns. Candidates are encouraged to disclose any leave that affected productivity or that may have influenced their career path. This information will be considered to ensure the equitable assessment of the candidate’s record. The Department further supports an employment equity program and encourages members of designated equity groups to self-identify. It further seeks to ensure equitable treatment and full inclusion of persons with disabilities.","{""text"":""http://www.sickkids.ca/Research/"",""url"":""http://www.sickkids.ca/Research/Programs/index.html""} | {""text"":""***@sickkids.ca (🔒 Premium)"",""url"":""/pricing""} | {""text"":""www.paeds.utoronto.ca"",""url"":""http://www.paeds.utoronto.ca""}","https://schema.org","JobPosting","Division of Nephrology – Clinician Scientist","Effective immediately, a permanent full-time faculty position as a Clinician Scientist is available in the Division of Nephrology, Department of Paediatrics, at The Hospital for Sick Children (SickKids), 555 University Avenue, Toronto, ON, Canada. The new faculty member will also be appointed in the Research Institute at The Hospital for Sick Children. SickKids is a world-renowned academic health science centre dedicated to the care of children, affiliated with the University of Toronto. The SickKids Research Institute includes seven fully integrated research programs ( http://www.sickkids.ca/Research/ ) and is in the state-of-the-art Peter Gilgan Centre for Research &amp; Learning, within the Toronto Discovery District. The position offers a unique environment for medical science discoveries near nine teaching and research hospitals and Canada’s largest university. The Division of Nephrology comprises fifteen highly collegial full-and part-time faculty committed to world-leading clinical care spanning the entire field of Pediatric Nephrology, including high volume dialysis/apheresis and transplant programs and high-impact clinical and basic research focused on childhood and rare kidney diseases, aligning with SickKids&#39; “Precision Child Health” initiative. The successful candidate should have a strong background in basic science, preferably with expertise in areas such as multi-omics, gene editing, disease modelling, or drug discovery. They should have substantial research experience, typically demonstrated through a PhD and/or postdoctoral training, along with a strong publication record, successful grant funding, and conference presentations. Preference will be given to candidates focused on rare kidney diseases. The successful applicant will also be expected to apply for a scientist-track role at the SickKids Research Institute and build an impactful research career within an equitable and inclusive environment. The candidate’s responsibilities will involve teaching and mentoring students across the division, department, and university. The successful candidate should qualify for a cross-appointment with a University of Toronto graduate program to supervise graduate students directly. Strong collaboration with colleagues across the division, department, research institute, university, external partners, and the broader community is also expected. The successful candidate will contribute to both research and clinical care, with 20–30% of responsibilities dedicated to patient care. The ideal applicant will demonstrate comprehensive clinical expertise in Pediatric Nephrology, including chronic kidney disease (CKD), renal replacement therapy, and kidney transplantation. The successful candidate will be eligible for an academic appointment at the University of Toronto. Rank and salary ($275,000-$352,000) will be commensurate with qualifications and experience. The successful candidate will be eligible for a benefits package that includes medical, dental, life insurance, long-term disability insurance, group insurance, pension plan, vision care, academic allowance, and a relocation package. All candidates must be able to function proficiently in English, hold an MD, MBBS or equivalent degree, and be certified (or eligible for certification) by the Royal College of Physicians and Surgeons of Canada or have comparable qualifications. Candidates must hold (or be eligible for) licensure with the College of Physicians and Surgeons of Ontario. Interested individuals should submit a letter of application and curriculum vitae with the names and addresses of three references to the attention of Dr. Christoph Licht, Head, Division of Nephrology, Department of Paediatrics, c/o Linda Correia, Sr. Manager, Department of Paediatrics, The Hospital for Sick Children, 555 University Avenue, Toronto, ON M5G 1X8, Canada; email: linda.correia@sickkids.ca . Visit our website for additional information regarding the Department of Paediatrics: www.paeds.utoronto.ca The University of Toronto and The Hospital for Sick Children are strongly committed to diversity within their community. Both institutions recognize systemic barriers that impact equity-seeking groups. As such, we welcome applications from historically marginalized groups, including Black, Indigenous, and Racialized people, women, LGBTQIA+, and/or persons with disabilities. The Department recognizes and fairly considers the impact of leaves (e.g., family care or health-related) that may contribute to career interruptions or slowdowns. Candidates are encouraged to disclose any leave that affected productivity or that may have influenced their career path. This information will be considered to ensure the equitable assessment of the candidate’s record. The Department further supports an employment equity program and encourages members of designated equity groups to self-identify. It further seeks to ensure equitable treatment and full inclusion of persons with disabilities.","2026-06-12T00:00:00.000Z","2026-09-10T00:00:00.000Z","Organization","The Hospital for Sick Children","Place","PostalAddress","555 University Avenue","Toronto","ON","M5G1X8","CA","PropertyValue","6a2ce628819ddc5dc2bc073a","2026-09-29T18:26:15.959Z","","","","","","full-time","","","","","","","","","","","","","","","","","","","","","","","","","","","","","","","","","","","","","","","","","","","","","","","","","","","","","","","","","","","","","","","","","","","","","","","","","","","","","","","","","","","","","","","","","","","","","","","","","","","","","","","","","","","","","","","","","","","","","","","","","","","","","",""
"6a27a0d776abc2c85ced96f0","https://physiciancareers.ca/jobs/paediatric-haematology-oncologist-6a27a0d776abc2c85ced96f0?specialty=Pediatrics&city=Toronto","Paediatric Haematology/ Oncologist","Pediatrics","full-time","The Hospital for Sick Children","downtown toronto","ON","555 University Avenue","Toronto, ON","43.6532","-79.3832","0","","annual","275543","350000","312772","312772","","","","","","","true","false","false","true","true","Unlock application details with Premium","2026-06-08","","Effective October 1, 2026, the Division of Haematology/Oncology, Blood and Marrow Transplant/Cellular Therapy (BMT/CT) Section, at the Hospital for Sick Children, (SickKids), Department of Paediatrics, 555 University Avenue. Toronto, ON which is an academic health science centre dedicated to the car...","Effective October 1, 2026, the Division of Haematology/Oncology, Blood and Marrow Transplant/Cellular Therapy (BMT/CT) Section, at the Hospital for Sick Children, (SickKids), Department of Paediatrics, 555 University Avenue. Toronto, ON which is an academic health science centre dedicated to the care of children; a fully affiliated hospital within the University of Toronto is recruiting a permanent full-time Paediatric Haematology/ Oncologist. 

The Blood and Marrow Transplant/Cellular Therapy program at SickKids is one of the largest and most active paediatric transplant and cellular therapy programs in North America. We are FACT-accredited with a 17-bed dedicated inpatient unit, performing approximately 120-130 transplants and cellular therapy procedures annually for children referred from across Ontario and the Atlantic provinces. Our clinical scope includes transplantation and cell-based therapies for the treatment of malignancies, immunodeficiencies, bone marrow failure syndromes, metabolic disorders, autoimmune diseases and haemoglobinopathies.

The section currently comprises of six faculty members with a robust portfolio of gene therapy, cell therapy, and immune effector cell clinical trials, as well as active translational and basic research programs. The program is developing on-site cell- and gene therapy manufacturing capabilities and benefits from close collaboration with SickKids' internationally recognized programs in immunology, haemoglobinopathy, metabolic disease, and oncology.

With rapidly expanding indications for cellular therapies including CAR-T, gene therapy, and gene editing, the successful candidate will not only contribute to our clinical excellence but help shape the strategic direction of the program over the next decade.

SickKids is home to Canada's largest paediatric research institute, with more than 2,000 researchers, trainees, and staff. The BMT/CT section is embedded within this vibrant research community, with extensive opportunities for collaboration across the SickKids Research Institute, the University of Toronto, and affiliated networks. Significant philanthropic support is dedicated to advancing the program's clinical and research mission.

The BMT/CT section operates a well-established clinical fellowship program that attracts trainees from Canada and around the world. The successful candidate will have the opportunity to contribute to the education of the next generation of transplant and cellular therapy physicians, with a commitment to global capacity-building in the field.

The successful candidate will join a dynamic interprofessional care team. The successful candidate will provide care for patients in the BMT/CT section of the Division in the inpatient and ambulatory settings with responsibilities which include procedures and participation in out-of-hours clinical coverage. The successful candidate is expected to spend most of their time devoted to clinical service and to making important contributions to the clinical, research and teaching missions of the Division. Evidence of excellence in teaching and research is required. Candidates at all career stages are encouraged to apply.

All candidates must be able to function proficiency in English, hold an MD, MBBS or equivalent thereto and be certified or eligible for certification by the Royal College of Physicians and Surgeons of Canada or have comparable qualifications. Candidates must hold or be eligible for licensure with the College of Physicians and Surgeons of Ontario. 

The successful candidate must be eligible for an academic appointment at the University of Toronto. Rank and salary will be ($275,543-$350,000) per annum, commensurate with qualifications and experience. The successful candidate will be eligible for a benefit package which includes medical, dental, life insurance, long term disability insurance, group insurance, pension plan, vision care, academic allowance, and a relocation package.

Interested individuals should send a letter of application, curriculum vitae and the names and addresses of three referees to Dr. James Whitlock, Head, Division of Hematology/Oncology, Hospital for Sick Children, 555 University Avenue, Toronto, Canada M5G1X8 (***@sickkids.ca (🔒 Premium)).

Visit our Web site or for additional information regarding the Department of Paediatrics, and see www.paeds.utoronto.ca

The University of Toronto and The Hospital for Sick Children are strongly committed to diversity within its community. Both institutions recognize systemic barriers that impact equity seeking groups. As such, we welcome applications from historically marginalized groups including Black, Indigenous, and Racialized people, women, LGBTQIA+, and/or persons with disabilities. The Department recognizes and fairly considers the impact of leaves (e.g., family care or health-related) that may contribute to career interruptions or slowdowns. Candidates are encouraged to signal any leave that affected productivity, or that may have influenced their career path. This information will be considered to ensure the equitable assessment of the candidate’s record. The Department further supports an employment equity program and encourages members of designated equity groups to self-identify. It further seeks to ensure equitable treatment and full inclusion of persons with disabilities. Persons with disabilities who anticipate needing accommodations for any part of the application process may contact, in confidence, Sarah Isbester, Executive Assistant to the Chair at ***@sickkids.ca (🔒 Premium) or***-***-**** (🔒 Premium).","Effective October 1, 2026, the Division of Haematology/Oncology, Blood and Marrow Transplant/Cellular Therapy (BMT/CT) Section, at the Hospital for Sick Children, (SickKids), Department of Paediatrics, 555 University Avenue. Toronto, ON which is an academic health science centre dedicated to the care of children; a fully affiliated hospital within the University of Toronto is recruiting a permanent full-time Paediatric Haematology/ Oncologist. | The Blood and Marrow Transplant/Cellular Therapy program at SickKids is one of the largest and most active paediatric transplant and cellular therapy programs in North America. We are FACT-accredited with a 17-bed dedicated inpatient unit, performing approximately 120-130 transplants and cellular therapy procedures annually for children referred from across Ontario and the Atlantic provinces. Our clinical scope includes transplantation and cell-based therapies for the treatment of malignancies, immunodeficiencies, bone marrow failure syndromes, metabolic disorders, autoimmune diseases and haemoglobinopathies. | The section currently comprises of six faculty members with a robust portfolio of gene therapy, cell therapy, and immune effector cell clinical trials, as well as active translational and basic research programs. The program is developing on-site cell- and gene therapy manufacturing capabilities and benefits from close collaboration with SickKids' internationally recognized programs in immunology, haemoglobinopathy, metabolic disease, and oncology. | With rapidly expanding indications for cellular therapies including CAR-T, gene therapy, and gene editing, the successful candidate will not only contribute to our clinical excellence but help shape the strategic direction of the program over the next decade. | SickKids is home to Canada's largest paediatric research institute, with more than 2,000 researchers, trainees, and staff. The BMT/CT section is embedded within this vibrant research community, with extensive opportunities for collaboration across the SickKids Research Institute, the University of Toronto, and affiliated networks. Significant philanthropic support is dedicated to advancing the program's clinical and research mission. | The BMT/CT section operates a well-established clinical fellowship program that attracts trainees from Canada and around the world. The successful candidate will have the opportunity to contribute to the education of the next generation of transplant and cellular therapy physicians, with a commitment to global capacity-building in the field. | The successful candidate will join a dynamic interprofessional care team. The successful candidate will provide care for patients in the BMT/CT section of the Division in the inpatient and ambulatory settings with responsibilities which include procedures and participation in out-of-hours clinical coverage. The successful candidate is expected to spend most of their time devoted to clinical service and to making important contributions to the clinical, research and teaching missions of the Division. Evidence of excellence in teaching and research is required. Candidates at all career stages are encouraged to apply. | All candidates must be able to function proficiency in English, hold an MD, MBBS or equivalent thereto and be certified or eligible for certification by the Royal College of Physicians and Surgeons of Canada or have comparable qualifications. Candidates must hold or be eligible for licensure with the College of Physicians and Surgeons of Ontario. | The successful candidate must be eligible for an academic appointment at the University of Toronto. Rank and salary will be ($275,543-$350,000) per annum, commensurate with qualifications and experience. The successful candidate will be eligible for a benefit package which includes medical, dental, life insurance, long term disability insurance, group insurance, pension plan, vision care, academic allowance, and a relocation package. | Interested individuals should send a letter of application, curriculum vitae and the names and addresses of three referees to Dr. James Whitlock, Head, Division of Hematology/Oncology, Hospital for Sick Children, 555 University Avenue, Toronto, Canada M5G1X8 (***@sickkids.ca (🔒 Premium)). | Visit our Web site or for additional information regarding the Department of Paediatrics, and see www.paeds.utoronto.ca | The University of Toronto and The Hospital for Sick Children are strongly committed to diversity within its community. Both institutions recognize systemic barriers that impact equity seeking groups. As such, we welcome applications from historically marginalized groups including Black, Indigenous, and Racialized people, women, LGBTQIA+, and/or persons with disabilities. The Department recognizes and fairly considers the impact of leaves (e.g., family care or health-related) that may contribute to career interruptions or slowdowns. Candidates are encouraged to signal any leave that affected productivity, or that may have influenced their career path. This information will be considered to ensure the equitable assessment of the candidate’s record. The Department further supports an employment equity program and encourages members of designated equity groups to self-identify. It further seeks to ensure equitable treatment and full inclusion of persons with disabilities. Persons with disabilities who anticipate needing accommodations for any part of the application process may contact, in confidence, Sarah Isbester, Executive Assistant to the Chair at ***@sickkids.ca (🔒 Premium) or***-***-**** (🔒 Premium).","{""text"":""***@sickkids.ca (🔒 Premium)"",""url"":""/pricing""} | {""text"":""www.paeds.utoronto.ca"",""url"":""http://www.paeds.utoronto.ca""} | {""text"":""***@sickkids.ca (🔒 Premium)"",""url"":""/pricing""} | {""text"":""***-***-**** (🔒 Premium)"",""url"":""/pricing""}","https://schema.org","JobPosting","Paediatric Haematology/ Oncologist","Effective October 1, 2026, the Division of Haematology/Oncology, Blood and Marrow Transplant/Cellular Therapy (BMT/CT) Section, at the Hospital for Sick Children, (SickKids), Department of Paediatrics, 555 University Avenue. Toronto, ON which is an academic health science centre dedicated to the care of children; a fully affiliated hospital within the University of Toronto is recruiting a permanent full-time Paediatric Haematology/ Oncologist. The Blood and Marrow Transplant/Cellular Therapy program at SickKids is one of the largest and most active paediatric transplant and cellular therapy programs in North America. We are FACT-accredited with a 17-bed dedicated inpatient unit, performing approximately 120-130 transplants and cellular therapy procedures annually for children referred from across Ontario and the Atlantic provinces. Our clinical scope includes transplantation and cell-based therapies for the treatment of malignancies, immunodeficiencies, bone marrow failure syndromes, metabolic disorders, autoimmune diseases and haemoglobinopathies. The section currently comprises of six faculty members with a robust portfolio of gene therapy, cell therapy, and immune effector cell clinical trials , as well as active translational and basic research programs. The program is developing on-site cell- and gene therapy manufacturing capabilities and benefits from close collaboration with SickKids&#39; internationally recognized programs in immunology, haemoglobinopathy, metabolic disease, and oncology. With rapidly expanding indications for cellular therapies including CAR-T, gene therapy, and gene editing, the successful candidate will not only contribute to our clinical excellence but help shape the strategic direction of the program over the next decade. SickKids is home to Canada&#39;s largest paediatric research institute, with more than 2,000 researchers, trainees, and staff. The BMT/CT section is embedded within this vibrant research community, with extensive opportunities for collaboration across the SickKids Research Institute, the University of Toronto, and affiliated networks. Significant philanthropic support is dedicated to advancing the program&#39;s clinical and research mission. The BMT/CT section operates a well-established clinical fellowship program that attracts trainees from Canada and around the world. The successful candidate will have the opportunity to contribute to the education of the next generation of transplant and cellular therapy physicians, with a commitment to global capacity-building in the field. The successful candidate will join a dynamic interprofessional care team. The successful candidate will provide care for patients in the BMT/CT section of the Division in the inpatient and ambulatory settings with responsibilities which include procedures and participation in out-of-hours clinical coverage. The successful candidate is expected to spend most of their time devoted to clinical service and to making important contributions to the clinical, research and teaching missions of the Division. Evidence of excellence in teaching and research is required. Candidates at all career stages are encouraged to apply. All candidates must be able to function proficiency in English, hold an MD, MBBS or equivalent thereto and be certified or eligible for certification by the Royal College of Physicians and Surgeons of Canada or have comparable qualifications. Candidates must hold or be eligible for licensure with the College of Physicians and Surgeons of Ontario. The successful candidate must be eligible for an academic appointment at the University of Toronto. Rank and salary will be ($275,543-$350,000) per annum, commensurate with qualifications and experience. The successful candidate will be eligible for a benefit package which includes medical, dental, life insurance, long term disability insurance, group insurance, pension plan, vision care, academic allowance, and a relocation package. Interested individuals should send a letter of application, curriculum vitae and the names and addresses of three referees to Dr. James Whitlock, Head, Division of Hematology/Oncology, Hospital for Sick Children, 555 University Avenue, Toronto, Canada M5G1X8 (jim.whitlock@sickkids.ca). Visit our Web site or for additional information regarding the Department of Paediatrics, and see www.paeds.utoronto.ca The University of Toronto and The Hospital for Sick Children are strongly committed to diversity within its community. Both institutions recognize systemic barriers that impact equity seeking groups. As such, we welcome applications from historically marginalized groups including Black, Indigenous, and Racialized people, women, LGBTQIA+, and/or persons with disabilities. The Department recognizes and fairly considers the impact of leaves (e.g., family care or health-related) that may contribute to career interruptions or slowdowns. Candidates are encouraged to signal any leave that affected productivity, or that may have influenced their career path. This information will be considered to ensure the equitable assessment of the candidate’s record. The Department further supports an employment equity program and encourages members of designated equity groups to self-identify. It further seeks to ensure equitable treatment and full inclusion of persons with disabilities. Persons with disabilities who anticipate needing accommodations for any part of the application process may contact, in confidence, Sarah Isbester, Executive Assistant to the Chair at sarah.isbester@sickkids.ca or 416.613.6122.","2026-06-08T00:00:00.000Z","2026-09-06T00:00:00.000Z","Organization","The Hospital for Sick Children","Place","PostalAddress","555 University Avenue","Toronto","ON","M5G1X8","CA","PropertyValue","6a27a0d776abc2c85ced96f0","2026-09-29T18:26:16.569Z","","","","","","full-time","","","","","","","","","","","","","","","","","","","","","","","","","","","","","","","","","","","","","","","","","","","","","","","","","","","","","","","","","","","","","","","","","","","","","","","","","","","","","","","","","","","","","","","","","","","","","","","","","","","","","","","","","","","","","","","","","","","","","","","","","","","","","",""
"6a0d44b076abc2c85cc90bbe","https://physiciancareers.ca/jobs/pediatrician-needed-to-join-a-busy-walk-in-family-practice-6a0d44b076abc2c85cc90bbe?specialty=Pediatrics&city=Toronto","Pediatrician needed to join a busy walk-in / family practice","Pediatrics","full-time","briarhill medical","downtown toronto","ON","2700 dufferin street","Toronto, ON","43.6532","-79.3832","0","Fee-For-Service","unspecified","","","","","","","","","","","false","false","false","false","true","Unlock application details with Premium","2026-06-08","","-  A pediatrician needed to join a walk-in clinic and family practice .

- Infront of TTC bus stop with lots of parking .

- Pharmacy and ultrasound on premesis.

call/text Mike@ ***-***-**** (🔒 Premium) for more info...","- A pediatrician needed to join a walk-in clinic and family practice .

- Infront of TTC bus stop with lots of parking .

- Pharmacy and ultrasound on premesis.

call/text Mike@ ***-***-**** (🔒 Premium) for more info","-  A pediatrician needed to join a walk-in clinic and family practice . | - Infront of TTC bus stop with lots of parking . | - Pharmacy and ultrasound on premesis. | call/text Mike@ ***-***-**** (🔒 Premium) for more info","{""text"":""***-***-**** (🔒 Premium)"",""url"":""/pricing""}","https://schema.org","JobPosting","Pediatrician needed to join a busy walk-in / family practice","- A pediatrician needed to join a walk-in clinic and family practice . - Infront of TTC bus stop with lots of parking . - Pharmacy and ultrasound on premesis. call/text Mike@ 905-815-5756 for more info","2026-06-08T00:00:00.000Z","2026-07-25T00:00:00.000Z","Organization","briarhill medical","Place","PostalAddress","2700 dufferin street","Toronto","ON","M6B4J3","CA","PropertyValue","6a0d44b076abc2c85cc90bbe","2026-09-29T18:26:17.213Z","","","","","","full-time","","","","","","","","","","","","","","","","","","","","","","","","","","","","","","","","","","","","","","","","","","","","","","","","","","","","","","","","","","","","","","","","","","","","","","","","","","","","","","","","","","","","","","","","","","","","","","","","","","","","","","","","","","","","","","","","","","","","","","","","","","","","","",""
"69df1ee26ce9c00c445a7ed4","https://physiciancareers.ca/jobs/psychiatrist-needed-for-cfb-toronto-69df1ee26ce9c00c445a7ed4?specialty=Psychiatry&city=Toronto","Psychiatrist needed for CFB Toronto","Psychiatry","part-time","Calian","downtown toronto","ON","1 Yukon Lane","Toronto, ON","43.6532","-79.3832","0","","unspecified","","","","","","","","","","","false","false","false","true","true","Unlock application details with Premium","2026-09-14","","Calian is proud to continue a long-standing contractual relationship with the Department of National Defence (DND) to provide healthcare services to the Canadian Armed Forces. Through the Health Care Provider Contract, Calian employs health care professionals across Canada who are integral to suppor...","Calian is proud to continue a long-standing contractual relationship with the Department of National Defence (DND) to provide healthcare services to the Canadian Armed Forces. Through the Health Care Provider Contract, Calian employs health care professionals across Canada who are integral to supporting the health and wellbeing of our military members.

 

Position Overview

Calian is seeking a part-time Psychiatrist to provide clinical services to Canadian Armed Forces (CAF) members at Canadian Forces Base Toronto. As a psychiatrist in this exclusive clinic, you’ll be part of a team of mental health professionals providing high quality care.

Up to 0.4 FTE is available during clinic operation from Monday to Friday.

 

Responsibilities

• Conducting psychiatric assessments, providing diagnosis based on DSM, and providing treatment of a variety of mental health conditions including trauma-related disorders, depressive disorders, anxiety disorders, substance-related disorder, and addictive disorders.

• Prepares detailed written psychiatric assessment reports on referred patients, including recommendations for a treatment plan, and participates in the implementation of the treatment plan by providing psychotherapy, prescribing appropriate somatic therapy, and generating patient medical records to support the multidisciplinary team.

• Advising on operational readiness, return to work, prognosis, impairment, and restrictions.

• Conducting psychopharmacological treatment, conducting evidence-based therapy such as CBT, responding to emergencies, and crisis.

• Conducting tele-medicine assessments and interventions.

• Providing clinical preceptorship and educational sessions for staff.

• Participates as a member of the multidisciplinary mental health team in case reviews.

• Provides expert advice on mental illness or disorders to primary care providers to assist them in the identification, diagnosis, and treatment of patients with mental health disorders.

• Creates and maintains patient records.

 

Qualifications

• Registered with the College of Physicians and Surgeons of Ontario

• Specialty certification in psychiatry from the Royal College of Physicians of Canada in Psychiatry (FRCPC)

• Experience providing psychiatric services to an adult population 18-60 years of age

• Experience providing pharmacotherapy and psychotherapy with individuals using evidence-based therapy such as CBT

• Experience in delivering psychiatric services for a wide range of mental illnesses

 

Additional Requirements

• You will be able to obtain a Government Security Clearance at the Reliability level","Calian is proud to continue a long-standing contractual relationship with the Department of National Defence (DND) to provide healthcare services to the Canadian Armed Forces. Through the Health Care Provider Contract, Calian employs health care professionals across Canada who are integral to supporting the health and wellbeing of our military members.","","https://schema.org","JobPosting","Psychiatrist needed for CFB Toronto","Calian is proud to continue a long-standing contractual relationship with the Department of National Defence (DND) to provide healthcare services to the Canadian Armed Forces. Through the Health Care Provider Contract, Calian employs health care professionals across Canada who are integral to supporting the health and wellbeing of our military members. Position Overview Calian is seeking a part-time Psychiatrist to provide clinical services to Canadian Armed Forces (CAF) members at Canadian Forces Base Toronto. As a psychiatrist in this exclusive clinic, you’ll be part of a team of mental health professionals providing high quality care. Up to 0.4 FTE is available during clinic operation from Monday to Friday. Responsibilities • Conducting psychiatric assessments, providing diagnosis based on DSM, and providing treatment of a variety of mental health conditions including trauma-related disorders, depressive disorders, anxiety disorders, substance-related disorder, and addictive disorders. • Prepares detailed written psychiatric assessment reports on referred patients, including recommendations for a treatment plan, and participates in the implementation of the treatment plan by providing psychotherapy, prescribing appropriate somatic therapy, and generating patient medical records to support the multidisciplinary team. • Advising on operational readiness, return to work, prognosis, impairment, and restrictions. • Conducting psychopharmacological treatment, conducting evidence-based therapy such as CBT, responding to emergencies, and crisis. • Conducting tele-medicine assessments and interventions. • Providing clinical preceptorship and educational sessions for staff. • Participates as a member of the multidisciplinary mental health team in case reviews. • Provides expert advice on mental illness or disorders to primary care providers to assist them in the identification, diagnosis, and treatment of patients with mental health disorders. • Creates and maintains patient records. Qualifications • Registered with the College of Physicians and Surgeons of Ontario • Specialty certification in psychiatry from the Royal College of Physicians of Canada in Psychiatry (FRCPC) • Experience providing psychiatric services to an adult population 18-60 years of age • Experience providing pharmacotherapy and psychotherapy with individuals using evidence-based therapy such as CBT • Experience in delivering psychiatric services for a wide range of mental illnesses Additional Requirements • You will be able to obtain a Government Security Clearance at the Reliability level","2026-09-14T00:00:00.000Z","2026-10-09T00:00:00.000Z","Organization","Calian","Place","PostalAddress","1 Yukon Lane","Toronto","ON","M3K2C3","CA","PropertyValue","69df1ee26ce9c00c445a7ed4","2026-09-29T18:26:20.254Z","","","","","","part-time","","","","","","","","","","","","","","","Calian is seeking a part-time Psychiatrist to provide clinical services to Canadian Armed Forces (CAF) members at Canadian Forces Base Toronto. As a psychiatrist in this exclusive clinic, you’ll be part of a team of mental health professionals providing high quality care. | Up to 0.4 FTE is available during clinic operation from Monday to Friday.","• Conducting psychiatric assessments, providing diagnosis based on DSM, and providing treatment of a variety of mental health conditions including trauma-related disorders, depressive disorders, anxiety disorders, substance-related disorder, and addictive disorders. | • Prepares detailed written psychiatric assessment reports on referred patients, including recommendations for a treatment plan, and participates in the implementation of the treatment plan by providing psychotherapy, prescribing appropriate somatic therapy, and generating patient medical records to support the multidisciplinary team. | • Advising on operational readiness, return to work, prognosis, impairment, and restrictions. | • Conducting psychopharmacological treatment, conducting evidence-based therapy such as CBT, responding to emergencies, and crisis. | • Conducting tele-medicine assessments and interventions. | • Providing clinical preceptorship and educational sessions for staff. | • Participates as a member of the multidisciplinary mental health team in case reviews. | • Provides expert advice on mental illness or disorders to primary care providers to assist them in the identification, diagnosis, and treatment of patients with mental health disorders. | • Creates and maintains patient records.","• Registered with the College of Physicians and Surgeons of Ontario | • Specialty certification in psychiatry from the Royal College of Physicians of Canada in Psychiatry (FRCPC) | • Experience providing psychiatric services to an adult population 18-60 years of age | • Experience providing pharmacotherapy and psychotherapy with individuals using evidence-based therapy such as CBT | • Experience in delivering psychiatric services for a wide range of mental illnesses","","","","","","","","","","","","","","","","","","","","","","","","","","","","","","","","","","","","","","","","","","","","","","","","","","","","","","","","","","","","","","","","","","","","","","","","","","","","","","","","","","","","","","","• You will be able to obtain a Government Security Clearance at the Reliability level","","","","","","","","","","","","","","","","","","","","","",""
"6aa38ecf5ffbbbfeb634f5c8","https://physiciancareers.ca/jobs?specialty=Psychiatry&city=Toronto","Psychiatry Opportunity in Busy Forest Hill Practice","Psychiatry","full-time","Watson Medical","forest hill","ON","561 Eglinton Avenue West","Toronto, ON","43.698","-79.412","5.49","Fee-For-Service","unspecified","","","","","","","","","","","false","true","false","true","true","Unlock application details with Premium","2026-09-10","","Psychiatrists (CPSO Licensed), full-time or part-time, wanted for a busy multi-disciplinary medical practice in Forest Hill, Toronto (Eglinton and Avenue Road).

The area supports a robust practice in addition to internal referrals from our family physicians and specialists.

The EMR is PS Suite (Te...","Psychiatrists (CPSO Licensed), full-time or part-time, wanted for a busy multi-disciplinary medical practice in Forest Hill, Toronto (Eglinton and Avenue Road).

The area supports a robust practice in addition to internal referrals from our family physicians and specialists.

The EMR is PS Suite (Telus).

Our professional office staff handles all the administrative tasks, including billing.

We are open 6 days a week.

Service Offerings:

Flexibility in hours: the ability to work full time, part-time or weekends
Work alongside specialists: with multiple affiliated medical and surgical specialists
Attractive fee split
Guaranteed minimum hourly wage

The position is currently available.","Psychiatrists (CPSO Licensed), full-time or part-time, wanted for a busy multi-disciplinary medical practice in Forest Hill, Toronto (Eglinton and Avenue Road). | The area supports a robust practice in addition to internal referrals from our family physicians and specialists. | The EMR is PS Suite (Telus). | Our professional office staff handles all the administrative tasks, including billing. | We are open 6 days a week.","","https://schema.org","JobPosting","Psychiatry Opportunity in Busy Forest Hill Practice","Psychiatrists (CPSO Licensed), full-time or part-time, wanted for a busy multi-disciplinary medical practice in Forest Hill, Toronto (Eglinton and Avenue Road). The area supports a robust practice in addition to internal referrals from our family physicians and specialists. The EMR is PS Suite (Telus). Our professional office staff handles all the administrative tasks, including billing. We are open 6 days a week. Service Offerings: Flexibility in hours : the ability to work full time, part-time or weekends Work alongside specialists: with multiple affiliated medical and surgical specialists Attractive fee split Guaranteed minimum hourly wage The position is currently available.","2026-09-10T00:00:00.000Z","2026-10-30T00:00:00.000Z","Organization","Watson Medical","Place","PostalAddress","561 Eglinton Avenue West","Toronto","ON","M5N1B5","CA","PropertyValue","6aa38ecf5ffbbbfeb634f5c8","2026-09-29T18:26:20.639Z","","","","","","full-time","","","","","","","","","","","","","","","","","","","","","","","","","","","","","","","","","","","","","","","","","","","","","","","","","","","","","","","","","","","","","","","","","","","","","","","","","","","","","","","","","","","","","","","","","","","","","","","","","","","","","","","","","Flexibility in hours: the ability to work full time, part-time or weekends | Work alongside specialists: with multiple affiliated medical and surgical specialists | Attractive fee split | Guaranteed minimum hourly wage | The position is currently available.","","","","","","","","","","","","","","","","","","","","",""
"6a9901fc5ffbbbfeb620c398","https://physiciancareers.ca/jobs/general-psychiatrists-permanent-full-time-10-month-locum-sjhc-6a9901fc5ffbbbfeb620c398?specialty=Psychiatry&city=Toronto","General Psychiatrists (Permanent Full-Time & 10-Month Locum) – SJHC","Psychiatry","full-time","Unity Health Toronto","downtown toronto","ON","30 The Queensway","Old Toronto, ON","43.6532","-79.3832","0","","unspecified","","","","","","","","","","","true","false","false","true","true","Unlock application details with Premium","2026-09-02","","St. Joseph's Health Centre, Toronto, is seeking psychiatrists with a minimum of 3 years' experience for general adult psychiatry services. We deliver care to a diverse and often marginalized population in a collaborative and dynamic multidisciplinary setting with support from mental health clinician...","St. Joseph's Health Centre, Toronto, is seeking psychiatrists with a minimum of 3 years' experience for general adult psychiatry services. We deliver care to a diverse and often marginalized population in a collaborative and dynamic multidisciplinary setting with support from mental health clinicians and case managers. We aim to deliver a time-limited intensive episode of care in the outpatient clinic aimed at reintegrating patients with appropriate community supports. The Department offers an exciting range of psychiatric services including rTMS, ECT, urgent care child & adolescent clinic, adult urgent care, ACTT, group psychotherapy modalities, Day Treatment Program, and inpatient services for children and adolescents, transitional age youth, and the general adult population.




Position Description: Full-time (1.0 FTE) general psychiatry services in the adult psychiatry setting. One position is permanent full-time (mixed ambulatory and acute care) while the other is a 10-month locum position (ambulatory care). Proficiency in concurrent disorders is an asset (roughly 25% of time doing concurrent disorders work).




Remuneration: Includes a combination of OHIP billings, on-call stipend (HOCC), a generous base stipend, and educational funds for contributions to medical education and training. There are currently no overhead expenses.




Requirements & Qualifications:

Minimum 3 years' experience in general adult psychiatry.
Active certificate of registration from the College of Physicians and Surgeons of Ontario (CPSO).
Fellowship / certification from the Royal College of Physicians and Surgeons of Canada (FRCPC).
Permanent staff must be eligible for a university appointment with the University of Toronto Temerty Faculty of Medicine.




Equity & Diversity Statement: The University of Toronto and Unity Health Toronto are strongly committed to diversity within their community and especially welcome applications from racialized persons/persons of colour, women, Indigenous/Aboriginal People of North America, persons with disability, 2SLGBTQ+ persons, and others who may contribute to enhancing cultural safety in care and further diversification of ideas. All qualified candidates are encouraged to apply; however, Canadians and permanent residents will be given priority.","St. Joseph's Health Centre, Toronto, is seeking psychiatrists with a minimum of 3 years' experience for general adult psychiatry services. We deliver care to a diverse and often marginalized population in a collaborative and dynamic multidisciplinary setting with support from mental health clinicians and case managers. We aim to deliver a time-limited intensive episode of care in the outpatient clinic aimed at reintegrating patients with appropriate community supports. The Department offers an exciting range of psychiatric services including rTMS, ECT, urgent care child & adolescent clinic, adult urgent care, ACTT, group psychotherapy modalities, Day Treatment Program, and inpatient services for children and adolescents, transitional age youth, and the general adult population. | Position Description: Full-time (1.0 FTE) general psychiatry services in the adult psychiatry setting. One position is permanent full-time (mixed ambulatory and acute care) while the other is a 10-month locum position (ambulatory care). Proficiency in concurrent disorders is an asset (roughly 25% of time doing concurrent disorders work). | Remuneration: Includes a combination of OHIP billings, on-call stipend (HOCC), a generous base stipend, and educational funds for contributions to medical education and training. There are currently no overhead expenses.","","https://schema.org","JobPosting","General Psychiatrists (Permanent Full-Time & 10-Month Locum) – SJHC","St. Joseph&#39;s Health Centre, Toronto, is seeking psychiatrists with a minimum of 3 years&#39; experience for general adult psychiatry services. We deliver care to a diverse and often marginalized population in a collaborative and dynamic multidisciplinary setting with support from mental health clinicians and case managers. We aim to deliver a time-limited intensive episode of care in the outpatient clinic aimed at reintegrating patients with appropriate community supports. The Department offers an exciting range of psychiatric services including rTMS, ECT, urgent care child &amp; adolescent clinic, adult urgent care, ACTT, group psychotherapy modalities, Day Treatment Program, and inpatient services for children and adolescents, transitional age youth, and the general adult population. Position Description: Full-time (1.0 FTE) general psychiatry services in the adult psychiatry setting. One position is permanent full-time (mixed ambulatory and acute care) while the other is a 10-month locum position (ambulatory care). Proficiency in concurrent disorders is an asset (roughly 25% of time doing concurrent disorders work). Remuneration: Includes a combination of OHIP billings, on-call stipend (HOCC), a generous base stipend, and educational funds for contributions to medical education and training. There are currently no overhead expenses. Requirements &amp; Qualifications: Minimum 3 years&#39; experience in general adult psychiatry. Active certificate of registration from the College of Physicians and Surgeons of Ontario (CPSO). Fellowship / certification from the Royal College of Physicians and Surgeons of Canada (FRCPC). Permanent staff must be eligible for a university appointment with the University of Toronto Temerty Faculty of Medicine. Equity &amp; Diversity Statement: The University of Toronto and Unity Health Toronto are strongly committed to diversity within their community and especially welcome applications from racialized persons/persons of colour, women, Indigenous/Aboriginal People of North America, persons with disability, 2SLGBTQ+ persons, and others who may contribute to enhancing cultural safety in care and further diversification of ideas. All qualified candidates are encouraged to apply; however, Canadians and permanent residents will be given priority.","2026-09-02T00:00:00.000Z","2026-10-01T00:00:00.000Z","Organization","Unity Health Toronto","Place","PostalAddress","30 The Queensway","Old Toronto","ON","M6R 1B5","CA","PropertyValue","6a9901fc5ffbbbfeb620c398","2026-09-29T18:26:21.118Z","","","","","","full-time","","","","","","","","","","","","","","","","","","","","","","","","","","","","","","","","","","","","","","","","","","","","","","","","","","","","","","","","","","","","","","","","","","","","","","","","","","","","","","","","","","","","","","","","","","","","","","","","","","","","","","","","","","Minimum 3 years' experience in general adult psychiatry. | Active certificate of registration from the College of Physicians and Surgeons of Ontario (CPSO). | Fellowship / certification from the Royal College of Physicians and Surgeons of Canada (FRCPC). | Permanent staff must be eligible for a university appointment with the University of Toronto Temerty Faculty of Medicine. | Equity & Diversity Statement: The University of Toronto and Unity Health Toronto are strongly committed to diversity within their community and especially welcome applications from racialized persons/persons of colour, women, Indigenous/Aboriginal People of North America, persons with disability, 2SLGBTQ+ persons, and others who may contribute to enhancing cultural safety in care and further diversification of ideas. All qualified candidates are encouraged to apply; however, Canadians and permanent residents will be given priority.","","","","","","","","","","","","","","","","","","","",""
"69f5880a58d0b1387d87bcdb","https://physiciancareers.ca/jobs/psychiatrists-pt-or-ft-or-virtual-69f5880a58d0b1387d87bcdb?specialty=Psychiatry&city=Toronto","Psychiatrist(s) P/T or F/T or Virtual","Psychiatry","full-time","Omni Medical Centre","bloor","ON","799 Bloor Street West","Toronto, ON","43.6685","-79.39","1.79","","unspecified","","","","","","","","","","","false","false","false","false","true","Unlock application details with Premium","2026-08-23","","Psychiatrist(s) P/T or F/T and or Virtual 

 

Please Email ***@gmail.com (🔒 Premium) or Call or Cell Text***-***-**** (🔒 Premium)...","Psychiatrist(s) P/T or F/T and or Virtual 

 

Please Email ***@gmail.com (🔒 Premium) or Call or Cell Text***-***-**** (🔒 Premium)","","{""text"":""***@gmail.com (🔒 Premium)"",""url"":""/pricing""} | {""text"":""***-***-**** (🔒 Premium)"",""url"":""/pricing""}","https://schema.org","JobPosting","Psychiatrist(s) P/T or F/T  or Virtual","Psychiatrist(s) P/T or F/T and or Virtual Please Email spatel7290@gmail.com or Call or Cell Text (416) 729-7290","2026-08-23T00:00:00.000Z","2026-10-23T00:00:00.000Z","Organization","Omni Medical Centre","Place","PostalAddress","799 Bloor Street West","Toronto","ON","M6G1L8","CA","PropertyValue","69f5880a58d0b1387d87bcdb","2026-09-29T18:26:21.636Z","","","","","","full-time","","","","","","","","","","","","","","","","","","","","","","","","","","","","","","","","","","","","","","","","","","","","","","","","","","","","","","","","","","","","","","","","","","","","","","","","","","","","","","","","","","","","","","","","","","","","","","","","","","","","","","","","","","","Please Email ***@gmail.com (🔒 Premium) or Call or Cell Text***-***-**** (🔒 Premium)","","","","","","","","","","","","","","","","","","",""
"6a87ddd881b073648d717deb","https://physiciancareers.ca/jobs/part-time-psychiatrist-virtual-consultations-6a87ddd881b073648d717deb?specialty=Psychiatry&city=Toronto","Part-Time Psychiatrist – (Virtual Consultations)","Psychiatry","part-time","Comprehensive Treatment Clinic","danforth","ON","1154 Danforth Avenue","Old Toronto, ON","43.6865","-79.33","5.66","","unspecified","","","","","","","","","","","false","false","false","false","true","Unlock application details with Premium","2026-08-20","","Part-Time Psychiatrist – (Virtual Consultations)

Flexible Remote Opportunity | Competitive Compensation Hybrid of OHIP + Stipend




Our outpatient community Rapid Access Addiction Medicine (RAAM) clinic is actively seeking a psychiatrist to join our team on a part-time, virtual basis.




This is ...","Part-Time Psychiatrist – (Virtual Consultations)

Flexible Remote Opportunity | Competitive Compensation Hybrid of OHIP + Stipend




Our outpatient community Rapid Access Addiction Medicine (RAAM) clinic is actively seeking a psychiatrist to join our team on a part-time, virtual basis.




This is an ideal opportunity for a psychiatrist who wants to fit meaningful, well-compensated clinical work into an existing schedule. We offer the flexibility to choose when to see patients. Since most patients are admitted to a residential treatment facility, consults can fit throughout your day (e.g., during a no-show to your regular practice), ensuring no lost income during your workday.




Your scope will be limited to the psychiatric assessment and treatment of patients engaged in a formal addiction treatment program. All patients are managed collaboratively with our team of Addiction Medicine Physicians, counselors, and psychotherapists in a high-quality, patient-centred environment.




Experience and/or training in addictions psychiatry is an asset but not a requirement, as our collaborative team can provide guidance and mentorship in addiction medicine.




Duties include:




 - Conducting virtual psychiatric assessments

 - Developing treatment and care plans

 - Prescribing medication(s) where appropriate

 - Supporting patients with substance use and concurrent disorders

 - Identifying safety concerns and referring to the ER when needed

 - Collaborating with other healthcare professionals

 - Maintaining appropriate clinical documentation and standards of care




We are looking for a licensed psychiatrist with:




 - Strong clinical judgment and excellent communication skills

 - A compassionate, patient-centred approach

 - Comfort providing care through a virtual platform

 - The ability to work independently while collaborating effectively with a broader clinical team




About our clinic:




Comprehensive Treatment Clinic (CTC) is a new kind of addictions clinic focused on whole-person care. We offer treatment for persons using all kinds of substances. Our services include medication, counseling, art groups, affordable psychotherapy, harm reduction supplies, and more.




Contact us at ***@ctctoronto.com (🔒 Premium) or***-***-**** (🔒 Premium) for more information.

Website: http://www.ctctoronto.com","","{""text"":""***@ctctoronto.com (🔒 Premium)"",""url"":""/pricing""} | {""text"":""***-***-**** (🔒 Premium)"",""url"":""/pricing""}","https://schema.org","JobPosting","Part-Time Psychiatrist – (Virtual Consultations)","Part-Time Psychiatrist – (Virtual Consultations) Flexible Remote Opportunity | Competitive Compensation Hybrid of OHIP + Stipend Our outpatient community Rapid Access Addiction Medicine (RAAM) clinic is actively seeking a psychiatrist to join our team on a part-time, virtual basis. This is an ideal opportunity for a psychiatrist who wants to fit meaningful, well-compensated clinical work into an existing schedule. We offer the flexibility to choose when to see patients . Since most patients are admitted to a residential treatment facility, consults can fit throughout your day (e.g., during a no-show to your regular practice), ensuring no lost income during your workday. Your scope will be limited to the psychiatric assessment and treatment of patients engaged in a formal addiction treatment program. All patients are managed collaboratively with our team of Addiction Medicine Physicians, counselors, and psychotherapists in a high-quality, patient-centred environment . Experience and/or training in addictions psychiatry is an asset but not a requirement, as our collaborative team can provide guidance and mentorship in addiction medicine. Duties include: - Conducting virtual psychiatric assessments - Developing treatment and care plans - Prescribing medication(s) where appropriate - Supporting patients with substance use and concurrent disorders - Identifying safety concerns and referring to the ER when needed - Collaborating with other healthcare professionals - Maintaining appropriate clinical documentation and standards of care We are looking for a licensed psychiatrist with: - Strong clinical judgment and excellent communication skills - A compassionate, patient-centred approach - Comfort providing care through a virtual platform - The ability to work independently while collaborating effectively with a broader clinical team About our clinic: Comprehensive Treatment Clinic (CTC) is a new kind of addictions clinic focused on whole-person care. We offer treatment for persons using all kinds of substances. Our services include medication, counseling, art groups, affordable psychotherapy, harm reduction supplies, and more. Contact us at admin@ctctoronto.com or 647-490-4008 for more information. Website: http://www.ctctoronto.com","2026-08-20T00:00:00.000Z","2026-11-18T00:00:00.000Z","Organization","Comprehensive Treatment Clinic","Place","PostalAddress","1154 Danforth Avenue","Old Toronto","ON","M4J 1M3","CA","PropertyValue","6a87ddd881b073648d717deb","2026-09-29T18:26:22.271Z","","","","","","part-time","","","","","","","","","","","","","","","","","","","","","","","","","","","","","","","","","","","","","","","","","","","","","","","","","","","","","","","","","","","","","","","","","","","","","","","","","","","","","","","","","","","","","","","","","","","","","","","","","","","","","","","","","","","","","Our outpatient community Rapid Access Addiction Medicine (RAAM) clinic is actively seeking a psychiatrist to join our team on a part-time, virtual basis. | This is an ideal opportunity for a psychiatrist who wants to fit meaningful, well-compensated clinical work into an existing schedule. We offer the flexibility to choose when to see patients. Since most patients are admitted to a residential treatment facility, consults can fit throughout your day (e.g., during a no-show to your regular practice), ensuring no lost income during your workday. | Your scope will be limited to the psychiatric assessment and treatment of patients engaged in a formal addiction treatment program. All patients are managed collaboratively with our team of Addiction Medicine Physicians, counselors, and psychotherapists in a high-quality, patient-centred environment. | Experience and/or training in addictions psychiatry is an asset but not a requirement, as our collaborative team can provide guidance and mentorship in addiction medicine.","- Conducting virtual psychiatric assessments | - Developing treatment and care plans | - Prescribing medication(s) where appropriate | - Supporting patients with substance use and concurrent disorders | - Identifying safety concerns and referring to the ER when needed | - Collaborating with other healthcare professionals | - Maintaining appropriate clinical documentation and standards of care","- Strong clinical judgment and excellent communication skills | - A compassionate, patient-centred approach | - Comfort providing care through a virtual platform | - The ability to work independently while collaborating effectively with a broader clinical team","Comprehensive Treatment Clinic (CTC) is a new kind of addictions clinic focused on whole-person care. We offer treatment for persons using all kinds of substances. Our services include medication, counseling, art groups, affordable psychotherapy, harm reduction supplies, and more. | Contact us at ***@ctctoronto.com (🔒 Premium) or***-***-**** (🔒 Premium) for more information. | Website: http://www.ctctoronto.com","","","","","","","","","","","","","",""
"6a7aae76bfdb235d5f5ddaf2","https://physiciancareers.ca/jobs/join-our-psychiatry-team-6a7aae76bfdb235d5f5ddaf2?specialty=Psychiatry&city=Toronto","JOIN OUR PSYCHIATRY TEAM!","Psychiatry","full-time","College Medical Care","downtown toronto","ON","343 College St","Toronto, ON","43.6532","-79.3832","0","","unspecified","","","","","","","","","","","false","true","false","false","true","Unlock application details with Premium","2026-08-10","","Operating for over 15 YEARS in Kensington Market at The Heart of Downtown Toronto!

 

COLLEGE MEDICAL CARE IS SEEKING AN ADDITIONAL PSYCHIATRIST TO JOIN OUR ESTABLISHED TEAM OF PSYCHIATRISTS! 




Some highlights of the clinic:




*In-house psychotherapy support*

• A clean clinic with public and ...","Operating for over 15 YEARS in Kensington Market at The Heart of Downtown Toronto!

 

COLLEGE MEDICAL CARE IS SEEKING AN ADDITIONAL PSYCHIATRIST TO JOIN OUR ESTABLISHED TEAM OF PSYCHIATRISTS! 




Some highlights of the clinic:




*In-house psychotherapy support*

• A clean clinic with public and staff washrooms

• OSCAR EMR (remote access) w/ Oceans e-referral integration 

• Great supportive management staff

• Competitive split

• All billings taken care of

* Option to work in clinc or virtually","","","https://schema.org","JobPosting","JOIN OUR PSYCHIATRY TEAM!","Operating for over 15 YEARS in Kensington Market at The Heart of Downtown Toronto! COLLEGE MEDICAL CARE IS SEEKING AN ADDITIONAL PSYCHIATRIST TO JOIN OUR ESTABLISHED TEAM OF PSYCHIATRISTS! Some highlights of the clinic: *In-house psychotherapy support* • A clean clinic with public and staff washrooms • OSCAR EMR (remote access) w/ Oceans e-referral integration • Great supportive management staff • Competitive split • All billings taken care of * Option to work in clinc or virtually","2026-08-10T00:00:00.000Z","2026-11-08T00:00:00.000Z","Organization","College Medical Care","Place","PostalAddress","343 College St","Toronto","ON","M5T1S5","CA","PropertyValue","6a7aae76bfdb235d5f5ddaf2","2026-09-29T18:26:23.204Z","","","","","","full-time","","","","","","","","","","","","","","","","","","","","","","","","","","","","","","","","","","","","","","","","","","","","","","","","","","","","","","","","","","","","","","","","","","","","","","","","","","","","","","","","","","","","","","","","","","","","","","","","","","","","","","","","","","","","","","","","","","","","• A clean clinic with public and staff washrooms | • OSCAR EMR (remote access) w/ Oceans e-referral integration | • Great supportive management staff | • Competitive split | • All billings taken care of | * Option to work in clinc or virtually","","","","","","","","","",""
"6a7173a9996e67ca9919b072","https://physiciancareers.ca/jobs/psychiatry-in-person-or-virtual-at-toronto-6a7173a9996e67ca9919b072?specialty=Psychiatry&city=Toronto","※ Psychiatry: in-person or virtual at Toronto ※","Psychiatry","full-time","Enhanced Care Medical Clinic","downtown toronto","ON","225 The East Mall","Toronto, ON","43.6532","-79.3832","0","","unspecified","","","","","","","","","","","false","true","false","false","true","Unlock application details with Premium","2026-08-03","","Enhanced Care Medical Clinic

yournewclinic.ca

 

Psychiatry: virtual or in-person

to join our team

 

• Flexible or set day of the week/month.

• Established location with steady patient flow.

• Experienced medical assistant and managerial support.

• Complete admin and billing support.

• Full...","Enhanced Care Medical Clinic

yournewclinic.ca

 

Psychiatry: virtual or in-person

to join our team

 

• Flexible or set day of the week/month.

• Established location with steady patient flow.

• Experienced medical assistant and managerial support.

• Complete admin and billing support.

• Full function EMR with custom forms and reports.

• Results and urgent messages follow-up process established.

• Phlebotomy, pharmacy, allied health support available on-site.

• Rapid access to in-house specialists (Internal Medicine, Allergy & Immunology, OB/GYN, Psychiatrist and Pediatrician).

• Patient chronic disease management and call-back programs.

• Financial/marketing/practice support for new practice starts.

• Reputable and trusted organization - Enhanced Care Clinic




Competitive: Attractive split

 

About Enhanced Care Medical Clinic

At Enhanced Care, with over 90 family physicians and specialists, and a team of allied health providers and skilled staff; our goal is to get patients healthy, quickly and safely. We are passionate about providing exceptional care to patients and creating a collaborative and supportive practice environment.

** Winner of 2015 OPA’s Collaborative Services Award.**

 

FOR MORE INFORMATION

Visit: yournewclinic.ca | Call: ***-***-**** (🔒 Premium) | email: ***@enhancedcare.ca (🔒 Premium)

 

We look forward to hearing from you soon!","","{""text"":""yournewclinic.ca"",""url"":""https://yournewclinic.ca/""} | {""text"":""yournewclinic.ca"",""url"":""https://yournewclinic.ca/""} | {""text"":""***-***-**** (🔒 Premium)"",""url"":""/pricing""} | {""text"":""***@enhancedcare.ca (🔒 Premium)"",""url"":""/pricing""}","https://schema.org","JobPosting","※ Psychiatry: in-person or virtual at Toronto ※","Enhanced Care Medical Clinic yournewclinic.ca Psychiatry: virtual or in-person to join our team • Flexible or set day of the week/month. • Established location with steady patient flow. • Experienced medical assistant and managerial support. • Complete admin and billing support. • Full function EMR with custom forms and reports. • Results and urgent messages follow-up process established. • Phlebotomy, pharmacy, allied health support available on-site. • Rapid access to in-house specialists (Internal Medicine, Allergy &amp; Immunology, OB/GYN, Psychiatrist and Pediatrician). • Patient chronic disease management and call-back programs. • Financial/marketing/practice support for new practice starts. • Reputable and trusted organization - Enhanced Care Clinic Competitive: Attractive split About Enhanced Care Medical Clinic At Enhanced Care, with over 90 family physicians and specialists, and a team of allied health providers and skilled staff; our goal is to get patients healthy, quickly and safely. We are passionate about providing exceptional care to patients and creating a collaborative and supportive practice environment. ** Winner of 2015 OPA’s Collaborative Services Award.** FOR MORE INFORMATION Visit: yournewclinic.ca | Call: 647-254-5578 | email: jobs@enhancedcare.ca We look forward to hearing from you soon!","2026-08-03T00:00:00.000Z","2026-08-31T00:00:00.000Z","Organization","Enhanced Care Medical Clinic","Place","PostalAddress","225 The East Mall","Toronto","ON","M9B6J1","CA","PropertyValue","6a7173a9996e67ca9919b072","2026-09-29T18:26:23.922Z","","","","","","full-time","","","","","","","","","","","","","","","","","","","","","","","","","","","","","","","","","","","","","","","","","","","","","","","","","","","","","","","","","","","","","","yournewclinic.ca","","","At Enhanced Care, with over 90 family physicians and specialists, and a team of allied health providers and skilled staff; our goal is to get patients healthy, quickly and safely. We are passionate about providing exceptional care to patients and creating a collaborative and supportive practice environment. | ** Winner of 2015 OPA’s Collaborative Services Award.**","Visit: yournewclinic.ca | Call: ***-***-**** (🔒 Premium) | email: ***@enhancedcare.ca (🔒 Premium)","","","","","","","","","","","","","","","","","","","","","","","","","","","","","","","","","","","","","","","","","","","","","","","","","","","to join our team | • Flexible or set day of the week/month. | • Established location with steady patient flow. | • Experienced medical assistant and managerial support. | • Complete admin and billing support. | • Full function EMR with custom forms and reports. | • Results and urgent messages follow-up process established. | • Phlebotomy, pharmacy, allied health support available on-site. | • Rapid access to in-house specialists (Internal Medicine, Allergy & Immunology, OB/GYN, Psychiatrist and Pediatrician). | • Patient chronic disease management and call-back programs. | • Financial/marketing/practice support for new practice starts. | • Reputable and trusted organization - Enhanced Care Clinic | Competitive: Attractive split","","","","","","","","",""
"6a0bf00576abc2c85cc75681","https://physiciancareers.ca/jobs/psychiatry-opportunity-in-busy-forest-hill-practice-6a0bf00576abc2c85cc75681?specialty=Psychiatry&city=Toronto","Psychiatry Opportunity in Busy Forest Hill Practice","Psychiatry","full-time","Watson Medical","forest hill","ON","561 Eglinton Avenue West","Toronto, ON","43.698","-79.412","5.49","Fee-For-Service","unspecified","","","","","","","","","","","false","true","false","true","true","Unlock application details with Premium","2026-07-30","","Psychiatrists (CPSO Licensed), full-time or part-time, wanted for a busy multi-disciplinary medical practice in Forest Hill, Toronto (Eglinton and Avenue Road).

The area supports a robust practice in addition to internal referrals from our family physicians and specialists.

The EMR is PS Suite (Te...","Psychiatrists (CPSO Licensed), full-time or part-time, wanted for a busy multi-disciplinary medical practice in Forest Hill, Toronto (Eglinton and Avenue Road).

The area supports a robust practice in addition to internal referrals from our family physicians and specialists.

The EMR is PS Suite (Telus).

Our professional office staff handles all the administrative tasks, including billing.

We are open 6 days a week.

Service Offerings:

Flexibility in hours: the ability to work full time, part-time or weekends
Work alongside specialists: with multiple affiliated medical and surgical specialists
Attractive fee split
Guaranteed minimum hourly wage

The position is currently available.","Psychiatrists (CPSO Licensed), full-time or part-time, wanted for a busy multi-disciplinary medical practice in Forest Hill, Toronto (Eglinton and Avenue Road). | The area supports a robust practice in addition to internal referrals from our family physicians and specialists. | The EMR is PS Suite (Telus). | Our professional office staff handles all the administrative tasks, including billing. | We are open 6 days a week.","","https://schema.org","JobPosting","Psychiatry Opportunity in Busy Forest Hill Practice","Psychiatrists (CPSO Licensed), full-time or part-time, wanted for a busy multi-disciplinary medical practice in Forest Hill, Toronto (Eglinton and Avenue Road). The area supports a robust practice in addition to internal referrals from our family physicians and specialists. The EMR is PS Suite (Telus). Our professional office staff handles all the administrative tasks, including billing. We are open 6 days a week. Service Offerings: Flexibility in hours : the ability to work full time, part-time or weekends Work alongside specialists: with multiple affiliated medical and surgical specialists Attractive fee split Guaranteed minimum hourly wage The position is currently available.","2026-07-30T00:00:00.000Z","2026-09-30T00:00:00.000Z","Organization","Watson Medical","Place","PostalAddress","561 Eglinton Avenue West","Toronto","ON","M5N1B5","CA","PropertyValue","6a0bf00576abc2c85cc75681","2026-09-29T18:26:24.853Z","","","","","","full-time","","","","","","","","","","","","","","","","","","","","","","","","","","","","","","","","","","","","","","","","","","","","","","","","","","","","","","","","","","","","","","","","","","","","","","","","","","","","","","","","","","","","","","","","","","","","","","","","","","","","","","","","","Flexibility in hours: the ability to work full time, part-time or weekends | Work alongside specialists: with multiple affiliated medical and surgical specialists | Attractive fee split | Guaranteed minimum hourly wage | The position is currently available.","","","","","","","","","","","","","","","","","","","","",""
"6a59b92edf36206c309880db","https://physiciancareers.ca/jobs/psychiatrist-part-time-virtual-ketamine-assisted-psychotherapy-kap-6a59b92edf36206c309880db?specialty=Psychiatry&city=Toronto","Psychiatrist (Part-time + Virtual) – Ketamine-Assisted Psychotherapy (KAP)","Psychiatry","part-time","Field Trip Health","downtown toronto","ON","30 Duncan Street","Old Toronto, ON","43.6532","-79.3832","0","Per Diem","unspecified","","","","","","","","","","","false","false","false","false","true","Unlock application details with Premium","2026-07-16","","Field Trip Health is expanding its medical team across Ontario, British Columbia, and Quebec, and we’re seeking psychiatrists who want to be part of one of North America’s most experienced and outcomes-informed KAP programs.




KAP offers patients a powerful opportunity for meaningful therapeutic c...","Field Trip Health is expanding its medical team across Ontario, British Columbia, and Quebec, and we’re seeking psychiatrists who want to be part of one of North America’s most experienced and outcomes-informed KAP programs.




KAP offers patients a powerful opportunity for meaningful therapeutic change — often helping individuals move forward when traditional treatments have plateaued. At Field Trip, psychiatrists are supported by a deeply collaborative care team and a clinical model built on safety, compassion, and evidence-based practice.




Why Field Trip:

Expertise you can trust: Field Trip is a leader in psychedelic-assisted therapies, with thousands of KAP sessions delivered and continuously refined care pathways.
Training provided: Comprehensive onboarding and ongoing clinical support from experienced nurses, therapists, and medical leadership.
Flexible, negotiable structure: Part-time, hybrid or virtual — tailored to your interests and availability with guaranteed sessional rates.
No overhead costs: We provide full administrative, scheduling, and documentation support.
Collaborative, values-aligned environment: Work alongside psychiatrists, nurses, and psychotherapists committed to clinical excellence and patient safety.
Opportunities to shape the future of care: Contribute to evolving treatment models and practice-informed clinical research.

To learn more, please contact Dr. Adam Blackman at ***@fieldtriphealth.ca (🔒 Premium). Website: fieldtriphealth.ca","Field Trip Health is expanding its medical team across Ontario, British Columbia, and Quebec, and we’re seeking psychiatrists who want to be part of one of North America’s most experienced and outcomes-informed KAP programs. | KAP offers patients a powerful opportunity for meaningful therapeutic change — often helping individuals move forward when traditional treatments have plateaued. At Field Trip, psychiatrists are supported by a deeply collaborative care team and a clinical model built on safety, compassion, and evidence-based practice.","{""text"":""***@fieldtriphealth.ca (🔒 Premium)"",""url"":""/pricing""}","https://schema.org","JobPosting","Psychiatrist (Part-time + Virtual) – Ketamine-Assisted Psychotherapy (KAP)","Field Trip Health is expanding its medical team across Ontario, British Columbia, and Quebec, and we’re seeking psychiatrists who want to be part of one of North America’s most experienced and outcomes-informed KAP programs. KAP offers patients a powerful opportunity for meaningful therapeutic change — often helping individuals move forward when traditional treatments have plateaued. At Field Trip, psychiatrists are supported by a deeply collaborative care team and a clinical model built on safety, compassion, and evidence-based practice. Why Field Trip: Expertise you can trust: Field Trip is a leader in psychedelic-assisted therapies, with thousands of KAP sessions delivered and continuously refined care pathways. Training provided: Comprehensive onboarding and ongoing clinical support from experienced nurses, therapists, and medical leadership. Flexible, negotiable structure: Part-time, hybrid or virtual — tailored to your interests and availability with guaranteed sessional rates. No overhead costs: We provide full administrative, scheduling, and documentation support. Collaborative, values-aligned environment: Work alongside psychiatrists, nurses, and psychotherapists committed to clinical excellence and patient safety. Opportunities to shape the future of care: Contribute to evolving treatment models and practice-informed clinical research. To learn more, please contact Dr. Adam Blackman at adamblackman@fieldtriphealth.ca . Website: fieldtriphealth.ca","2026-07-16T00:00:00.000Z","2026-10-14T00:00:00.000Z","Organization","Field Trip Health","Place","PostalAddress","30 Duncan Street","Old Toronto","ON","M5V 0H3","CA","PropertyValue","6a59b92edf36206c309880db","2026-09-29T18:26:25.453Z","","","","","","part-time","","","","","","","","","","","","","","","","","","","","","","","","","","","","","","","","","","","","","","","","","","","","","","","","","","","","","","","","","","","","","","","","","","","","","","","","","","","","","","","","","","","","","","","","","","","","","","","","","","","","","","","","","","","","","","","","","","","","","","Expertise you can trust: Field Trip is a leader in psychedelic-assisted therapies, with thousands of KAP sessions delivered and continuously refined care pathways. | Training provided: Comprehensive onboarding and ongoing clinical support from experienced nurses, therapists, and medical leadership. | Flexible, negotiable structure: Part-time, hybrid or virtual — tailored to your interests and availability with guaranteed sessional rates. | No overhead costs: We provide full administrative, scheduling, and documentation support. | Collaborative, values-aligned environment: Work alongside psychiatrists, nurses, and psychotherapists committed to clinical excellence and patient safety. | Opportunities to shape the future of care: Contribute to evolving treatment models and practice-informed clinical research. | To learn more, please contact Dr. Adam Blackman at ***@fieldtriphealth.ca (🔒 Premium). Website: fieldtriphealth.ca","","","","","","","",""
"6a4ddcc0a641db6c310c5631","https://physiciancareers.ca/jobs/psychiatrists-pt-or-ft-or-virtual-6a4ddcc0a641db6c310c5631?specialty=Psychiatry&city=Toronto","Psychiatrist(s) P/T or F/T or Virtual","Psychiatry","full-time","Bloor Park Medical Centre","bloor","ON","726 Bloor Street West","Toronto, ON","43.6685","-79.39","1.79","","unspecified","","","","","","","","","","","false","false","false","false","true","Unlock application details with Premium","2026-07-08","","Psychiatrist(s) P/T or F/T and or Virtual 

 

Please Email ***@gmail.com (🔒 Premium) or Call or Cell Text***-***-**** (🔒 Premium)...","Psychiatrist(s) P/T or F/T and or Virtual 

 

Please Email ***@gmail.com (🔒 Premium) or Call or Cell Text***-***-**** (🔒 Premium)","","{""text"":""***@gmail.com (🔒 Premium)"",""url"":""/pricing""} | {""text"":""***-***-**** (🔒 Premium)"",""url"":""/pricing""}","https://schema.org","JobPosting","Psychiatrist(s) P/T or F/T  or Virtual","Psychiatrist(s) P/T or F/T and or Virtual Please Email spatel7290@gmail.com or Call or Cell Text (416) 729-7290","2026-07-08T00:00:00.000Z","2026-09-30T00:00:00.000Z","Organization","Bloor Park Medical Centre","Place","PostalAddress","726 Bloor Street West","Toronto","ON","M6G1L4","CA","PropertyValue","6a4ddcc0a641db6c310c5631","2026-09-29T18:26:26.197Z","","","","","","full-time","","","","","","","","","","","","","","","","","","","","","","","","","","","","","","","","","","","","","","","","","","","","","","","","","","","","","","","","","","","","","","","","","","","","","","","","","","","","","","","","","","","","","","","","","","","","","","","","","","","","","","","","","","","Please Email ***@gmail.com (🔒 Premium) or Call or Cell Text***-***-**** (🔒 Premium)","","","","","","","","","","","","","","","","","","",""
"6a1fb7ea76abc2c85ce21ba3","https://physiciancareers.ca/jobs/psychiatry-opportunity-in-busy-forest-hill-practice-6a1fb7ea76abc2c85ce21ba3?specialty=Psychiatry&city=Toronto","Psychiatry Opportunity in Busy Forest Hill Practice","Psychiatry","full-time","Watson Medical","forest hill","ON","561 Eglinton Avenue West","Toronto, ON","43.698","-79.412","5.49","Fee-For-Service","unspecified","","","","","","","","","","","false","true","false","true","true","Unlock application details with Premium","2026-07-07","","Psychiatrists (CPSO Licensed), full-time or part-time, wanted for a busy multi-disciplinary medical practice in Forest Hill, Toronto (Eglinton and Avenue Road).

The area supports a robust practice in addition to internal referrals from our family physicians and specialists.

The EMR is PS Suite (Te...","Psychiatrists (CPSO Licensed), full-time or part-time, wanted for a busy multi-disciplinary medical practice in Forest Hill, Toronto (Eglinton and Avenue Road).

The area supports a robust practice in addition to internal referrals from our family physicians and specialists.

The EMR is PS Suite (Telus).

Our professional office staff handles all the administrative tasks, including billing.

We are open 6 days a week.

Service Offerings:

Flexibility in hours: the ability to work full time, part-time or weekends
Work alongside specialists: with multiple affiliated medical and surgical specialists
Attractive fee split
Guaranteed minimum hourly wage

The position is currently available.","Psychiatrists (CPSO Licensed), full-time or part-time, wanted for a busy multi-disciplinary medical practice in Forest Hill, Toronto (Eglinton and Avenue Road). | The area supports a robust practice in addition to internal referrals from our family physicians and specialists. | The EMR is PS Suite (Telus). | Our professional office staff handles all the administrative tasks, including billing. | We are open 6 days a week.","","https://schema.org","JobPosting","Psychiatry Opportunity in Busy Forest Hill Practice","Psychiatrists (CPSO Licensed), full-time or part-time, wanted for a busy multi-disciplinary medical practice in Forest Hill, Toronto (Eglinton and Avenue Road). The area supports a robust practice in addition to internal referrals from our family physicians and specialists. The EMR is PS Suite (Telus). Our professional office staff handles all the administrative tasks, including billing. We are open 6 days a week. Service Offerings: Flexibility in hours : the ability to work full time, part-time or weekends Work alongside specialists: with multiple affiliated medical and surgical specialists Attractive fee split Guaranteed minimum hourly wage The position is currently available.","2026-07-07T00:00:00.000Z","2026-08-01T00:00:00.000Z","Organization","Watson Medical","Place","PostalAddress","561 Eglinton Avenue West","Toronto","ON","M5N1B5","CA","PropertyValue","6a1fb7ea76abc2c85ce21ba3","2026-09-29T18:26:26.784Z","","","","","","full-time","","","","","","","","","","","","","","","","","","","","","","","","","","","","","","","","","","","","","","","","","","","","","","","","","","","","","","","","","","","","","","","","","","","","","","","","","","","","","","","","","","","","","","","","","","","","","","","","","","","","","","","","","Flexibility in hours: the ability to work full time, part-time or weekends | Work alongside specialists: with multiple affiliated medical and surgical specialists | Attractive fee split | Guaranteed minimum hourly wage | The position is currently available.","","","","","","","","","","","","","","","","","","","","",""
"69f5880a58d0b1387d87bcd6","https://physiciancareers.ca/jobs/psychiatrists-pt-or-ft-or-virtual-69f5880a58d0b1387d87bcd6?specialty=Psychiatry&city=Toronto","Psychiatrist(s) P/T or F/T or Virtual","Psychiatry","full-time","Bloor Park Medical Centre","bloor","ON","726 Bloor Street West","Toronto, ON","43.6685","-79.39","1.79","","unspecified","","","","","","","","","","","false","false","false","false","true","Unlock application details with Premium","2026-07-07","","Psychiatrist(s) P/T or F/T and or Virtual 

 

Please Email ***@gmail.com (🔒 Premium) or Call or Cell Text***-***-**** (🔒 Premium)...","Psychiatrist(s) P/T or F/T and or Virtual 

 

Please Email ***@gmail.com (🔒 Premium) or Call or Cell Text***-***-**** (🔒 Premium)","","{""text"":""***@gmail.com (🔒 Premium)"",""url"":""/pricing""} | {""text"":""***-***-**** (🔒 Premium)"",""url"":""/pricing""}","https://schema.org","JobPosting","Psychiatrist(s) P/T or F/T  or Virtual","Psychiatrist(s) P/T or F/T and or Virtual Please Email spatel7290@gmail.com or Call or Cell Text (416) 729-7290","2026-07-07T00:00:00.000Z","2026-09-17T00:00:00.000Z","Organization","Bloor Park Medical Centre","Place","PostalAddress","726 Bloor Street West","Toronto","ON","M6G1L4","CA","PropertyValue","69f5880a58d0b1387d87bcd6","2026-09-29T18:26:27.593Z","","","","","","full-time","","","","","","","","","","","","","","","","","","","","","","","","","","","","","","","","","","","","","","","","","","","","","","","","","","","","","","","","","","","","","","","","","","","","","","","","","","","","","","","","","","","","","","","","","","","","","","","","","","","","","","","","","","","Please Email ***@gmail.com (🔒 Premium) or Call or Cell Text***-***-**** (🔒 Premium)","","","","","","","","","","","","","","","","","","",""
"69dc79d96ce9c00c4458dfa8","https://physiciancareers.ca/jobs/psychiatrists-pt-or-ft-or-virtual-69dc79d96ce9c00c4458dfa8?specialty=Psychiatry&city=Toronto","Psychiatrist(s) P/T or F/T or Virtual","Psychiatry","full-time","Omni Medical Centre","bloor","ON","799 Bloor Street West","Toronto, ON","43.6685","-79.39","1.79","","unspecified","","","","","","","","","","","false","false","false","false","true","Unlock application details with Premium","2026-07-07","","Psychiatrist(s) P/T or F/T and or Virtual 

 

Please Email ***@gmail.com (🔒 Premium) or Call or Cell Text***-***-**** (🔒 Premium)...","Psychiatrist(s) P/T or F/T and or Virtual 

 

Please Email ***@gmail.com (🔒 Premium) or Call or Cell Text***-***-**** (🔒 Premium)","","{""text"":""***@gmail.com (🔒 Premium)"",""url"":""/pricing""} | {""text"":""***-***-**** (🔒 Premium)"",""url"":""/pricing""}","https://schema.org","JobPosting","Psychiatrist(s) P/T or F/T  or Virtual","Psychiatrist(s) P/T or F/T and or Virtual Please Email spatel7290@gmail.com or Call or Cell Text (416) 729-7290","2026-07-07T00:00:00.000Z","2026-09-24T00:00:00.000Z","Organization","Omni Medical Centre","Place","PostalAddress","799 Bloor Street West","Toronto","ON","M6G1L8","CA","PropertyValue","69dc79d96ce9c00c4458dfa8","2026-09-29T18:26:28.126Z","","","","","","full-time","","","","","","","","","","","","","","","","","","","","","","","","","","","","","","","","","","","","","","","","","","","","","","","","","","","","","","","","","","","","","","","","","","","","","","","","","","","","","","","","","","","","","","","","","","","","","","","","","","","","","","","","","","","Please Email ***@gmail.com (🔒 Premium) or Call or Cell Text***-***-**** (🔒 Premium)","","","","","","","","","","","","","","","","","","",""
"6a34cf8aa641db6c31dff9f5","https://physiciancareers.ca/jobs/take-over-existing-psychiatry-practice-within-a-group-of-10-physicians-6a34cf8aa641db6c31dff9f5?specialty=Psychiatry&city=Toronto","Take Over Existing Psychiatry Practice Within A Group of 10 Physicians!","Psychiatry","full-time","Queens Quay Medical","downtown toronto","ON","10 Lower Jarvis St","Toronto, ON","43.6532","-79.3832","0","","unspecified","","","","","","","","","","","false","true","false","false","true","Unlock application details with Premium","2026-06-19","","Seeking a Psychiatrist to join an established Family Health Organization of 10 physicians in downtown Toronto. Beautiful location right on Lake Ontario and close to St. Lawrence Market.

Existing network of clinics that care for over 300 patients on a daily basis. High demand for psych related refer...","Seeking a Psychiatrist to join an established Family Health Organization of 10 physicians in downtown Toronto. Beautiful location right on Lake Ontario and close to St. Lawrence Market.

Existing network of clinics that care for over 300 patients on a daily basis. High demand for psych related referrals.

* New spacious office which has been recently renovated with 12 examination rooms.

* Conveniently located in same building as Loblaws + pharmacy

* Cardiology clinic next door

* Option to work virtually or in-person

* In house Dietician 

* EMR – Telus Practice Solutions

* Competitive split, excellent management team and dedicated on-site office manager

* Free on-site parking provided.","","","https://schema.org","JobPosting","Take Over Existing Psychiatry Practice Within A Group of 10 Physicians!","Seeking a Psychiatrist to join an established Family Health Organization of 10 physicians in downtown Toronto. Beautiful location right on Lake Ontario and close to St. Lawrence Market. Existing network of clinics that care for over 300 patients on a daily basis. High demand for psych related referrals. * New spacious office which has been recently renovated with 12 examination rooms. * Conveniently located in same building as Loblaws + pharmacy * Cardiology clinic next door * Option to work virtually or in-person * In house Dietician * EMR – Telus Practice Solutions * Competitive split, excellent management team and dedicated on-site office manager * Free on-site parking provided.","2026-06-19T00:00:00.000Z","2026-09-17T00:00:00.000Z","Organization","Queens Quay Medical","Place","PostalAddress","10 Lower Jarvis St","Toronto","ON","M5E1Z2","CA","PropertyValue","6a34cf8aa641db6c31dff9f5","2026-09-29T18:26:28.950Z","","","","","","full-time","","","","","","","","","","","","","","","","","","","","","","","","","","","","","","","","","","","","","","","","","","","","","","","","","","","","","","","","","","","","","","","","","","","","","","","","","","","","","","","","","","","","","","","","","","","","","","","","","","","","","","","","","","","","","","","","","","","","","","","Existing network of clinics that care for over 300 patients on a daily basis. High demand for psych related referrals. | * New spacious office which has been recently renovated with 12 examination rooms. | * Conveniently located in same building as Loblaws + pharmacy | * Cardiology clinic next door | * Option to work virtually or in-person | * In house Dietician | * EMR – Telus Practice Solutions | * Competitive split, excellent management team and dedicated on-site office manager | * Free on-site parking provided.","","","","","","",""
"6a27a0d776abc2c85ced9606","https://physiciancareers.ca/jobs/geriatric-psychiatrist-clinician-teacher-university-health-network-6a27a0d776abc2c85ced9606?specialty=Psychiatry&city=Toronto","Geriatric Psychiatrist - Clinician Teacher - University Health Network","Psychiatry","full-time","University Health Network Mental Health Program","downtown toronto","ON","585 UNIVERSITY AVE","Toronto, ON","43.6532","-79.3832","0","","unspecified","","","","","","","","","","","false","false","false","true","true","Unlock application details with Premium","2026-06-08","","The UHN Mental Health Program and Seniors Mental Health Division is seeking to recruit a Clinician-Teacher to be based at Toronto General Hospital. The successful applicant should be eligible for a full-time clinical academic appointment in the Department of Psychiatry, Faculty of Medicine at the Un...","The UHN Mental Health Program and Seniors Mental Health Division is seeking to recruit a Clinician-Teacher to be based at Toronto General Hospital. The successful applicant should be eligible for a full-time clinical academic appointment in the Department of Psychiatry, Faculty of Medicine at the University of Toronto. The position is available from November 1, 2026, with the start date flexible and negotiable based on the successful candidate's availability. 

The Seniors Mental Health Division at UHN provides services for seniors across UHN in multiple clinical settings. Inpatient services include: consultation to acute care medical and surgical units, geriatric psychiatry inpatient beds (Toronto General Hospital), and the Specialized Dementia Unit (Toronto Rehab). Outpatient services include: The University Health Network Memory Clinic (Toronto Western Hospital and Toronto Rehab), and Seniors Mental Health outpatient clinics (Toronto General Hospital and West Park). There are also a number of outreach programs, including mental health services to long term care homes, UHN transitional and complex continuing care sites, the Virtual Behavioural Medicine program, and the Independence at Home program. 

We have an opportunity for a geriatric psychiatrist to be based at Toronto General Hospital (TGH). TGH is one of Canada's leading acute care hospitals and is internationally recognized for excellence in medicine, surgery, and transplantation, serving a diverse downtown Toronto community. 

There are three key areas of clinical need within Seniors Mental Health at UHN: 1) providing geriatric psychiatry Consultation-Liaison (C-L) services at TGH; 2) delivering outreach mental health services to long-term care homes affiliated with UHN; 3) providing coverage for the Virtual Behavioural Medicine program and the Specialized Dementia Unit at Toronto Rehab. The applicant should have an interest in practicing in at least two of these areas of geriatric psychiatry. 

The successful applicant must hold MD and FRCPC qualifications (or applied for the FRCPC examination in psychiatry) and have or be eligible for licensure as a psychiatrist in the province of Ontario as stipulated by the College of Physicians and Surgeons of Ontario (CPSO). The successful candidate is also required to have subspecialty clinical training in geriatric psychiatry and be eligible to apply for or have completed the Royal College Geriatric Psychiatry subspecialty examination. 

This position offers a strong combination of clinical and academic responsibilities, including opportunities to contribute to the development and evaluation of innovative models of care, service improvement initiatives, and quality enhancement projects. Applicants with a demonstrated academic interest in geriatric consultation-liaison psychiatry are particularly encouraged to apply. 

The successful candidate will also participate in teaching and mentorship across undergraduate, graduate, postgraduate, and fellowship training programs. Experience in teaching and supervising learners in geriatric psychiatry is considered an asset. 

Academic rank, salary, and contractual arrangements will be commensurate with the qualifications and experience of the successful candidate. Compensation will depend on the volume of clinical work performed and is based on a fee-for-service billing model. Total remuneration is expected to be within the typical range for an experienced psychiatrist practicing in Ontario. 

Depending on the final role and job description, additional support may be available for protected academic, research, and program development time through a variety of funding mechanisms within UHN Mental Health. 

Interested individuals should send a covering letter and copy of their curriculum vitae to: Dr. Andrea Iaboni, Medical Lead, Seniors Mental Health, UHN Mental Health at email ***@uhn.ca (🔒 Premium)

The University Health Network and the University of Toronto are strongly committed to diversity within their communities and especially welcome applications from visible minority group members, women, Aboriginal persons, persons with disabilities, members of sexual minority groups, and others who may contribute to the further diversification of ideas. All qualified candidates are encouraged to apply; however, Canadians and permanent residents will be given priority.","The UHN Mental Health Program and Seniors Mental Health Division is seeking to recruit a Clinician-Teacher to be based at Toronto General Hospital. The successful applicant should be eligible for a full-time clinical academic appointment in the Department of Psychiatry, Faculty of Medicine at the University of Toronto. The position is available from November 1, 2026, with the start date flexible and negotiable based on the successful candidate's availability. | The Seniors Mental Health Division at UHN provides services for seniors across UHN in multiple clinical settings. Inpatient services include: consultation to acute care medical and surgical units, geriatric psychiatry inpatient beds (Toronto General Hospital), and the Specialized Dementia Unit (Toronto Rehab). Outpatient services include: The University Health Network Memory Clinic (Toronto Western Hospital and Toronto Rehab), and Seniors Mental Health outpatient clinics (Toronto General Hospital and West Park). There are also a number of outreach programs, including mental health services to long term care homes, UHN transitional and complex continuing care sites, the Virtual Behavioural Medicine program, and the Independence at Home program. | We have an opportunity for a geriatric psychiatrist to be based at Toronto General Hospital (TGH). TGH is one of Canada's leading acute care hospitals and is internationally recognized for excellence in medicine, surgery, and transplantation, serving a diverse downtown Toronto community. | There are three key areas of clinical need within Seniors Mental Health at UHN: 1) providing geriatric psychiatry Consultation-Liaison (C-L) services at TGH; 2) delivering outreach mental health services to long-term care homes affiliated with UHN; 3) providing coverage for the Virtual Behavioural Medicine program and the Specialized Dementia Unit at Toronto Rehab. The applicant should have an interest in practicing in at least two of these areas of geriatric psychiatry. | The successful applicant must hold MD and FRCPC qualifications (or applied for the FRCPC examination in psychiatry) and have or be eligible for licensure as a psychiatrist in the province of Ontario as stipulated by the College of Physicians and Surgeons of Ontario (CPSO). The successful candidate is also required to have subspecialty clinical training in geriatric psychiatry and be eligible to apply for or have completed the Royal College Geriatric Psychiatry subspecialty examination. | This position offers a strong combination of clinical and academic responsibilities, including opportunities to contribute to the development and evaluation of innovative models of care, service improvement initiatives, and quality enhancement projects. Applicants with a demonstrated academic interest in geriatric consultation-liaison psychiatry are particularly encouraged to apply. | The successful candidate will also participate in teaching and mentorship across undergraduate, graduate, postgraduate, and fellowship training programs. Experience in teaching and supervising learners in geriatric psychiatry is considered an asset. | Academic rank, salary, and contractual arrangements will be commensurate with the qualifications and experience of the successful candidate. Compensation will depend on the volume of clinical work performed and is based on a fee-for-service billing model. Total remuneration is expected to be within the typical range for an experienced psychiatrist practicing in Ontario. | Depending on the final role and job description, additional support may be available for protected academic, research, and program development time through a variety of funding mechanisms within UHN Mental Health. | Interested individuals should send a covering letter and copy of their curriculum vitae to: Dr. Andrea Iaboni, Medical Lead, Seniors Mental Health, UHN Mental Health at email ***@uhn.ca (🔒 Premium) | The University Health Network and the University of Toronto are strongly committed to diversity within their communities and especially welcome applications from visible minority group members, women, Aboriginal persons, persons with disabilities, members of sexual minority groups, and others who may contribute to the further diversification of ideas. All qualified candidates are encouraged to apply; however, Canadians and permanent residents will be given priority.","{""text"":""***@uhn.ca (🔒 Premium)"",""url"":""/pricing""}","https://schema.org","JobPosting","Geriatric Psychiatrist - Clinician Teacher - University Health Network","The UHN Mental Health Program and Seniors Mental Health Division is seeking to recruit a Clinician-Teacher to be based at Toronto General Hospital. The successful applicant should be eligible for a full-time clinical academic appointment in the Department of Psychiatry, Faculty of Medicine at the University of Toronto. The position is available from November 1, 2026, with the start date flexible and negotiable based on the successful candidate&#39;s availability. The Seniors Mental Health Division at UHN provides services for seniors across UHN in multiple clinical settings. Inpatient services include: consultation to acute care medical and surgical units, geriatric psychiatry inpatient beds (Toronto General Hospital), and the Specialized Dementia Unit (Toronto Rehab). Outpatient services include: The University Health Network Memory Clinic (Toronto Western Hospital and Toronto Rehab), and Seniors Mental Health outpatient clinics (Toronto General Hospital and West Park). There are also a number of outreach programs, including mental health services to long term care homes, UHN transitional and complex continuing care sites, the Virtual Behavioural Medicine program, and the Independence at Home program. We have an opportunity for a geriatric psychiatrist to be based at Toronto General Hospital (TGH). TGH is one of Canada&#39;s leading acute care hospitals and is internationally recognized for excellence in medicine, surgery, and transplantation, serving a diverse downtown Toronto community. There are three key areas of clinical need within Seniors Mental Health at UHN: 1) providing geriatric psychiatry Consultation-Liaison (C-L) services at TGH; 2) delivering outreach mental health services to long-term care homes affiliated with UHN; 3) providing coverage for the Virtual Behavioural Medicine program and the Specialized Dementia Unit at Toronto Rehab. The applicant should have an interest in practicing in at least two of these areas of geriatric psychiatry. The successful applicant must hold MD and FRCPC qualifications (or applied for the FRCPC examination in psychiatry) and have or be eligible for licensure as a psychiatrist in the province of Ontario as stipulated by the College of Physicians and Surgeons of Ontario (CPSO). The successful candidate is also required to have subspecialty clinical training in geriatric psychiatry and be eligible to apply for or have completed the Royal College Geriatric Psychiatry subspecialty examination. This position offers a strong combination of clinical and academic responsibilities, including opportunities to contribute to the development and evaluation of innovative models of care, service improvement initiatives, and quality enhancement projects. Applicants with a demonstrated academic interest in geriatric consultation-liaison psychiatry are particularly encouraged to apply. The successful candidate will also participate in teaching and mentorship across undergraduate, graduate, postgraduate, and fellowship training programs. Experience in teaching and supervising learners in geriatric psychiatry is considered an asset. Academic rank, salary, and contractual arrangements will be commensurate with the qualifications and experience of the successful candidate. Compensation will depend on the volume of clinical work performed and is based on a fee-for-service billing model. Total remuneration is expected to be within the typical range for an experienced psychiatrist practicing in Ontario. Depending on the final role and job description, additional support may be available for protected academic, research, and program development time through a variety of funding mechanisms within UHN Mental Health. Interested individuals should send a covering letter and copy of their curriculum vitae to: Dr. Andrea Iaboni, Medical Lead, Seniors Mental Health, UHN Mental Health at email andrea.iaboni@uhn.ca The University Health Network and the University of Toronto are strongly committed to diversity within their communities and especially welcome applications from visible minority group members, women, Aboriginal persons, persons with disabilities, members of sexual minority groups, and others who may contribute to the further diversification of ideas. All qualified candidates are encouraged to apply; however, Canadians and permanent residents will be given priority.","2026-06-08T00:00:00.000Z","2026-09-06T00:00:00.000Z","Organization","University Health Network Mental Health Program","Place","PostalAddress","585 UNIVERSITY AVE","Toronto","ON","M5G2N2","CA","PropertyValue","6a27a0d776abc2c85ced9606","2026-09-29T18:26:29.688Z","","","","","","full-time","","","","","","","","","","","","","","","","","","","","","","","","","","","","","","","","","","","","","","","","","","","","","","","","","","","","","","","","","","","","","","","","","","","","","","","","","","","","","","","","","","","","","","","","","","","","","","","","","","","","","","","","","","","","","","","","","","","","","","","","","","","","","",""
"6a152b1876abc2c85cd370c8","https://physiciancareers.ca/jobs/independent-contractor-position-for-a-psychiatrist-md-6a152b1876abc2c85cd370c8?specialty=Psychiatry&city=Toronto","Independent Contractor Position for a Psychiatrist (MD)","Psychiatry","full-time","Centre for Psychodynamic Insights","downtown toronto","ON","suite 420-110 Cumberland Street","Old Toronto, ON","43.6532","-79.3832","0","Fee-For-Service","unspecified","","","","","","","","","","","false","false","false","true","true","Unlock application details with Premium","2026-05-25","","About the Centre for Psychodynamic Insights:

The Centre for Psychodynamic Insights is a virtual psychotherapy clinic based in Toronto, Ontario, specializing in psychodynamic psychotherapy. Our approach is rooted in evidence-based interventions and focuses on uncovering, understanding, and resolving...","About the Centre for Psychodynamic Insights:

The Centre for Psychodynamic Insights is a virtual psychotherapy clinic based in Toronto, Ontario, specializing in psychodynamic psychotherapy. Our approach is rooted in evidence-based interventions and focuses on uncovering, understanding, and resolving the underlying emotions and root causes of symptoms. Through in-depth, collaborative discussions, we analyze unconscious thoughts and emotions from childhood to the present, exploring how they influence current experiences. This comprehensive approach allows us to develop targeted strategies that foster meaningful change and symptom relief. At the Centre for Psychodynamic Insights, we are committed to helping patients achieve deeper self-awareness and lasting transformation through a personalized and integrative treatment plan.

About the Position:

This role is ideal for a psychiatrist with expertise in psychodynamic or psychoanalytic therapy who values in-depth, long-term therapeutic engagement. In addition to providing comprehensive psychotherapy, you will conduct thorough psychiatric assessments, prescribe psychotropic medications when appropriate, and monitor patients’ responses and side effects over time. You will also provide psychoeducation about medication use within a psychodynamically informed treatment framework. Working virtually with adolescents and adults (16+), you will address a broad range of concerns including trauma, neurodevelopmental conditions, personality disorders, and complex relational or sexual issues.

Requirements:

Conduct psychiatric assessments
Prescribe psychotropic medications and conduct regular assessments of therapeutic responses and side effects, and educate patients regarding psychotropic medication.
Provide psychodynamic/psychoanalytic therapy to adolescents and adults (16+). All theoretical frameworks are welcome (e.g., Jungian, Freudian, Object Relations, or Adlerian approaches).
Experience, comfort, and willingness in most of the specializations listed on our website. Experience working with trauma, anxiety, depression, neurodevelopmental disorders, personality disorders, and sexual issues is required.
Willingness to work with patients at a frequency of at least once a week.
Comfort using Avaros for scheduling, documentation, and secure communication.
Work virtually with access to a confidential workspace, adequate lighting, high-speed internet, and a high-quality camera.
Ability to maintain a caseload of at least 8 patients per week.

Qualifications:

For Ontario residents: Must be registered as a member in good standing with the CPSO. Applicants not registered with this college will not be considered. For residents of other provinces and the United States: Must be willing to register with CPSO and relocate to Ontario.
Depth and breadth of knowledge, skills, and expertise in psychodynamic/psychoanalytic therapy. This could include Jungian analysis, Adlerian analysis, or any other psychodynamic/psychoanalytic approach. This could be obtained through one or more of the following: personal experience in receiving psychodynamic/psychoanalytic therapy, individual research and interest, education, clinical expertise, training, and supervision.
Please note that while our clinic is dedicated exclusively to psychodynamic and psychoanalytic modalities, some patients who begin psychotherapy sessions may benefit more from other modalities before commencing analytical work due to their current symptoms. Such modalities include cognitive-behavioural or other non-analytic approaches. As such, we welcome practitioners who work with experiential and integrative approaches within a psychodynamic/psychoanalytic framework.
Experience and comfort with virtual therapy and working with adolescents and adults.

Assets:

Experience with couples, families, pre-/post-natal/postpartum issues, women-specific issues, or eating disorders.
Experience working with children and teenagers under 16.
Knowledge of Bowen Family Systems theory.
French or additional language skills.

Availability: Monday to Friday, including mornings, afternoons, and evenings.




Please note:

This is an independent contractor position.
Only applicants who are selected for further consideration will be contacted. We appreciate your interest in joining our team!

Application Deadline: Open until the position is filled. Early applications are encouraged.




We look forward to welcoming a passionate and skilled psychotherapist to our team!




The Centre for Psychodynamic Insights is proud to be an equal opportunity workplace. We are committed to equal employment opportunity regardless of race, colour, ancestry, religion, sex, national origin, sexual orientation, age, citizenship, marital status, disability, gender identity or Veteran status.

We are committed to fostering an inclusive, accessible environment where all employees and patients feel valued, respected and supported. We are dedicated to building a workplace that reflects the diversity of our patients and the communities in which we live and serve. If you require accommodation for any stage of the recruitment process/interview process (including alternate formats of materials, accessible meeting rooms or other accommodations), please reach out to us at ***@centreforpsychodynamicinsights.com (🔒 Premium).




Intelligence Disclosure

The Centre for Psychodynamic Insights does not use artificial intelligence tools to screen or automatically evaluate applicants. All applications are reviewed by the Clinic Director and administrative team.","","{""text"":""***@centreforpsychodynamicinsights.com (🔒 Premium)"",""url"":""/pricing""}","https://schema.org","JobPosting","Independent Contractor Position for a Psychiatrist (MD)","About the Centre for Psychodynamic Insights: The Centre for Psychodynamic Insights is a virtual psychotherapy clinic based in Toronto, Ontario, specializing in psychodynamic psychotherapy. Our approach is rooted in evidence-based interventions and focuses on uncovering, understanding, and resolving the underlying emotions and root causes of symptoms. Through in-depth, collaborative discussions, we analyze unconscious thoughts and emotions from childhood to the present, exploring how they influence current experiences. This comprehensive approach allows us to develop targeted strategies that foster meaningful change and symptom relief. At the Centre for Psychodynamic Insights, we are committed to helping patients achieve deeper self-awareness and lasting transformation through a personalized and integrative treatment plan. About the Position: This role is ideal for a psychiatrist with expertise in psychodynamic or psychoanalytic therapy who values in-depth, long-term therapeutic engagement. In addition to providing comprehensive psychotherapy, you will conduct thorough psychiatric assessments, prescribe psychotropic medications when appropriate, and monitor patients’ responses and side effects over time. You will also provide psychoeducation about medication use within a psychodynamically informed treatment framework. Working virtually with adolescents and adults (16+), you will address a broad range of concerns including trauma, neurodevelopmental conditions, personality disorders, and complex relational or sexual issues. Requirements: Conduct psychiatric assessments Prescribe psychotropic medications and conduct regular assessments of therapeutic responses and side effects, and educate patients regarding psychotropic medication. Provide psychodynamic/psychoanalytic therapy to adolescents and adults (16+). All theoretical frameworks are welcome (e.g., Jungian, Freudian, Object Relations, or Adlerian approaches). Experience, comfort, and willingness in most of the specializations listed on our website. Experience working with trauma, anxiety, depression, neurodevelopmental disorders, personality disorders, and sexual issues is required. Willingness to work with patients at a frequency of at least once a week. Comfort using Avaros for scheduling, documentation, and secure communication. Work virtually with access to a confidential workspace, adequate lighting, high-speed internet, and a high-quality camera. Ability to maintain a caseload of at least 8 patients per week. Qualifications: For Ontario residents: Must be registered as a member in good standing with the CPSO. Applicants not registered with this college will not be considered. For residents of other provinces and the United States: Must be willing to register with CPSO and relocate to Ontario. Depth and breadth of knowledge, skills, and expertise in psychodynamic/psychoanalytic therapy. This could include Jungian analysis, Adlerian analysis, or any other psychodynamic/psychoanalytic approach. This could be obtained through one or more of the following: personal experience in receiving psychodynamic/psychoanalytic therapy, individual research and interest, education, clinical expertise, training, and supervision. Please note that while our clinic is dedicated exclusively to psychodynamic and psychoanalytic modalities, some patients who begin psychotherapy sessions may benefit more from other modalities before commencing analytical work due to their current symptoms. Such modalities include cognitive-behavioural or other non-analytic approaches. As such, we welcome practitioners who work with experiential and integrative approaches within a psychodynamic/psychoanalytic framework. Experience and comfort with virtual therapy and working with adolescents and adults. Assets: Experience with couples, families, pre-/post-natal/postpartum issues, women-specific issues, or eating disorders. Experience working with children and teenagers under 16. Knowledge of Bowen Family Systems theory. French or additional language skills. Availability: Monday to Friday, including mornings, afternoons, and evenings. Please note: This is an independent contractor position. Only applicants who are selected for further consideration will be contacted. We appreciate your interest in joining our team! Application Deadline: Open until the position is filled. Early applications are encouraged. We look forward to welcoming a passionate and skilled psychotherapist to our team! The Centre for Psychodynamic Insights is proud to be an equal opportunity workplace. We are committed to equal employment opportunity regardless of race, colour, ancestry, religion, sex, national origin, sexual orientation, age, citizenship, marital status, disability, gender identity or Veteran status. We are committed to fostering an inclusive, accessible environment where all employees and patients feel valued, respected and supported. We are dedicated to building a workplace that reflects the diversity of our patients and the communities in which we live and serve. If you require accommodation for any stage of the recruitment process/interview process (including alternate formats of materials, accessible meeting rooms or other accommodations), please reach out to us at info@centreforpsychodynamicinsights.com. Intelligence Disclosure The Centre for Psychodynamic Insights does not use artificial intelligence tools to screen or automatically evaluate applicants. All applications are reviewed by the Clinic Director and administrative team.","2026-05-25T00:00:00.000Z","2026-05-28T00:00:00.000Z","Organization","Centre for Psychodynamic Insights","Place","PostalAddress","suite 420-110 Cumberland Street","Old Toronto","ON","M5R 1A6","CA","PropertyValue","6a152b1876abc2c85cd370c8","2026-09-29T18:26:30.229Z","","","","","","full-time","","","","","","","","","","","","","","","","","For Ontario residents: Must be registered as a member in good standing with the CPSO. Applicants not registered with this college will not be considered. For residents of other provinces and the United States: Must be willing to register with CPSO and relocate to Ontario. | Depth and breadth of knowledge, skills, and expertise in psychodynamic/psychoanalytic therapy. This could include Jungian analysis, Adlerian analysis, or any other psychodynamic/psychoanalytic approach. This could be obtained through one or more of the following: personal experience in receiving psychodynamic/psychoanalytic therapy, individual research and interest, education, clinical expertise, training, and supervision. | Please note that while our clinic is dedicated exclusively to psychodynamic and psychoanalytic modalities, some patients who begin psychotherapy sessions may benefit more from other modalities before commencing analytical work due to their current symptoms. Such modalities include cognitive-behavioural or other non-analytic approaches. As such, we welcome practitioners who work with experiential and integrative approaches within a psychodynamic/psychoanalytic framework. | Experience and comfort with virtual therapy and working with adolescents and adults.","","","","","","","","","","","","","","","","","","","","","Conduct psychiatric assessments | Prescribe psychotropic medications and conduct regular assessments of therapeutic responses and side effects, and educate patients regarding psychotropic medication. | Provide psychodynamic/psychoanalytic therapy to adolescents and adults (16+). All theoretical frameworks are welcome (e.g., Jungian, Freudian, Object Relations, or Adlerian approaches). | Experience, comfort, and willingness in most of the specializations listed on our website. Experience working with trauma, anxiety, depression, neurodevelopmental disorders, personality disorders, and sexual issues is required. | Willingness to work with patients at a frequency of at least once a week. | Comfort using Avaros for scheduling, documentation, and secure communication. | Work virtually with access to a confidential workspace, adequate lighting, high-speed internet, and a high-quality camera. | Ability to maintain a caseload of at least 8 patients per week.","","","","","","","","","","","","","","","","","","","","","","","","","","","","","","","","","","","","","","","","","","","","","","","","","","","","","","","","","","","","","","","","","","","","","","","","","","","","","","","","","","The Centre for Psychodynamic Insights is a virtual psychotherapy clinic based in Toronto, Ontario, specializing in psychodynamic psychotherapy. Our approach is rooted in evidence-based interventions and focuses on uncovering, understanding, and resolving the underlying emotions and root causes of symptoms. Through in-depth, collaborative discussions, we analyze unconscious thoughts and emotions from childhood to the present, exploring how they influence current experiences. This comprehensive approach allows us to develop targeted strategies that foster meaningful change and symptom relief. At the Centre for Psychodynamic Insights, we are committed to helping patients achieve deeper self-awareness and lasting transformation through a personalized and integrative treatment plan.","This role is ideal for a psychiatrist with expertise in psychodynamic or psychoanalytic therapy who values in-depth, long-term therapeutic engagement. In addition to providing comprehensive psychotherapy, you will conduct thorough psychiatric assessments, prescribe psychotropic medications when appropriate, and monitor patients’ responses and side effects over time. You will also provide psychoeducation about medication use within a psychodynamically informed treatment framework. Working virtually with adolescents and adults (16+), you will address a broad range of concerns including trauma, neurodevelopmental conditions, personality disorders, and complex relational or sexual issues.","Experience with couples, families, pre-/post-natal/postpartum issues, women-specific issues, or eating disorders. | Experience working with children and teenagers under 16. | Knowledge of Bowen Family Systems theory. | French or additional language skills. | Availability: Monday to Friday, including mornings, afternoons, and evenings.","This is an independent contractor position. | Only applicants who are selected for further consideration will be contacted. We appreciate your interest in joining our team! | Application Deadline: Open until the position is filled. Early applications are encouraged. | We look forward to welcoming a passionate and skilled psychotherapist to our team! | The Centre for Psychodynamic Insights is proud to be an equal opportunity workplace. We are committed to equal employment opportunity regardless of race, colour, ancestry, religion, sex, national origin, sexual orientation, age, citizenship, marital status, disability, gender identity or Veteran status. | We are committed to fostering an inclusive, accessible environment where all employees and patients feel valued, respected and supported. We are dedicated to building a workplace that reflects the diversity of our patients and the communities in which we live and serve. If you require accommodation for any stage of the recruitment process/interview process (including alternate formats of materials, accessible meeting rooms or other accommodations), please reach out to us at ***@centreforpsychodynamicinsights.com (🔒 Premium).","The Centre for Psychodynamic Insights does not use artificial intelligence tools to screen or automatically evaluate applicants. All applications are reviewed by the Clinic Director and administrative team.","",""
"69fec93376abc2c85cb6d0f2","https://physiciancareers.ca/jobs/brief-psychiatric-consults500hour-net-virtual-only-part-time-69fec93376abc2c85cb6d0f2?specialty=Psychiatry&city=Toronto","**Brief Psychiatric Consults**~$500/hour net. Virtual only. Part-time","Psychiatry","part-time","Institute for Behavioural & Functional Medicine","downtown toronto","ON","3410 Sheppard Avenue East","Toronto, ON","43.6532","-79.3832","0","Fee-For-Service Split","hourly","500","500","500","1000000","","","","","","","false","true","false","false","true","Unlock application details with Premium","2026-05-07","","Key information on opportunity:

• Virtual appointments only

• Schedule is flexible (your choice)

• Approximately 6-8 hours/week with opportunity to increase if you desire

• No admin work, you just have to document your consultations

• Billings: estimated billings $500/hour net to you (OHIP)

 
...","Key information on opportunity:

• Virtual appointments only

• Schedule is flexible (your choice)

• Approximately 6-8 hours/week with opportunity to increase if you desire

• No admin work, you just have to document your consultations

• Billings: estimated billings $500/hour net to you (OHIP)

 

Position Overview:

We are looking for an psychiatrist with excellent people skills to do brief one-time consults. The physician will be evaluating for the patients suitability for CBT and CBT-i.

 

Time commitment: 6-8 hours per week. Opportunity to add more hours available if interested.

 

Income:

• Estimated billings $500/hour net to you (OHIP, no HST charged)

 

Location: Virtual, appointments done over OTN.

 

Hours: flexible

 

Admin: Complete Admin support. No admin work - you just have to complete your notes (Accuro EMR) - several templates to choose from and can help you create your own. Extensive questionnaires are already completed prior to appointments to cut down on charting and we can help you create the ones you would like.

 

Requirements: Licensed to practice medicine in Ontario

 

About the clinic:

Institute for Behavioural & Functional Medicine offers behavioural & lifestyle interventions to help patients retraining their physiology to correct chronic health problems. We offer evidence-based, OHIP-funded rehabilitation programs like CBT-i, CBT, CPT, mindfulness and CBT for somatization. The first consultation is with the physician to evaluate for a patient's suitability for beginning psychological rehabilitation of their chronic condition. The 2nd appointment is with the GP Psychotherapist to prepare for the OHIP funded counselling. Learn more about this rapidly expanding field at ibfmed.ca.","Key information on opportunity: | • Virtual appointments only | • Schedule is flexible (your choice) | • Approximately 6-8 hours/week with opportunity to increase if you desire | • No admin work, you just have to document your consultations | • Billings: estimated billings $500/hour net to you (OHIP) | Position Overview: | We are looking for an psychiatrist with excellent people skills to do brief one-time consults. The physician will be evaluating for the patients suitability for CBT and CBT-i. | Time commitment: 6-8 hours per week. Opportunity to add more hours available if interested. | Income: | • Estimated billings $500/hour net to you (OHIP, no HST charged) | Location: Virtual, appointments done over OTN. | Hours: flexible | Admin: Complete Admin support. No admin work - you just have to complete your notes (Accuro EMR) - several templates to choose from and can help you create your own. Extensive questionnaires are already completed prior to appointments to cut down on charting and we can help you create the ones you would like. | Requirements: Licensed to practice medicine in Ontario | About the clinic: | Institute for Behavioural & Functional Medicine offers behavioural & lifestyle interventions to help patients retraining their physiology to correct chronic health problems. We offer evidence-based, OHIP-funded rehabilitation programs like CBT-i, CBT, CPT, mindfulness and CBT for somatization. The first consultation is with the physician to evaluate for a patient's suitability for beginning psychological rehabilitation of their chronic condition. The 2nd appointment is with the GP Psychotherapist to prepare for the OHIP funded counselling. Learn more about this rapidly expanding field at ibfmed.ca.","{""text"":""ibfmed.ca"",""url"":""https://ibfmed.ca""}","https://schema.org","JobPosting","**Brief Psychiatric Consults**~$500/hour net. Virtual only. Part-time","Key information on opportunity : • Virtual appointments only • Schedule is flexible (your choice) • Approximately 6-8 hours/week with opportunity to increase if you desire • No admin work, you just have to document your consultations • Billings: estimated billings $500/hour net to you (OHIP) Position Overview : We are looking for an psychiatrist with excellent people skills to do brief one-time consults. The physician will be evaluating for the patients suitability for CBT and CBT-i. Time commitment : 6-8 hours per week. Opportunity to add more hours available if interested. Income : • Estimated billings $500/hour net to you (OHIP, no HST charged) Location : Virtual, appointments done over OTN. Hours : flexible Admin : Complete Admin support. No admin work - you just have to complete your notes (Accuro EMR) - several templates to choose from and can help you create your own. Extensive questionnaires are already completed prior to appointments to cut down on charting and we can help you create the ones you would like. Requirements : Licensed to practice medicine in Ontario About the clinic : Institute for Behavioural &amp; Functional Medicine offers behavioural &amp; lifestyle interventions to help patients retraining their physiology to correct chronic health problems. We offer evidence-based, OHIP-funded rehabilitation programs like CBT-i, CBT, CPT, mindfulness and CBT for somatization. The first consultation is with the physician to evaluate for a patient&#39;s suitability for beginning psychological rehabilitation of their chronic condition. The 2nd appointment is with the GP Psychotherapist to prepare for the OHIP funded counselling. Learn more about this rapidly expanding field at ibfmed.ca .","2026-05-07T00:00:00.000Z","2026-07-01T00:00:00.000Z","Organization","Institute for Behavioural & Functional Medicine","Place","PostalAddress","3410 Sheppard Avenue East","Toronto","ON","M1T3K4","CA","PropertyValue","69fec93376abc2c85cb6d0f2","2026-09-29T18:26:30.716Z","","","","","","part-time","","","","","","","","","","","","","","","","","","","","","","","","","","","","","","","","","","","","","","","","","","","","","","","","","","","","","","","","","","","","","","","","","","","","","","","","","","","","","","","","","","","","","","","","","","","","","","","","","","","","","","","","","","","","","","","","","","","","","","","","","","","","","",""
"69e072936ce9c00c445c11d2","https://physiciancareers.ca/jobs/psychiatrists-pt-or-ft-or-virtual-69e072936ce9c00c445c11d2?specialty=Psychiatry&city=Toronto","Psychiatrist(s) P/T or F/T or Virtual","Psychiatry","full-time","Bloor Park Medical Centre","bloor","ON","726 Bloor Street West","Toronto, ON","43.6685","-79.39","1.79","","unspecified","","","","","","","","","","","false","false","false","false","true","Unlock application details with Premium","2026-04-15","","Psychiatrist(s) P/T or F/T and or Virtual 

 

Please Email ***@gmail.com (🔒 Premium) or Call or Cell Text***-***-**** (🔒 Premium)...","Psychiatrist(s) P/T or F/T and or Virtual 

 

Please Email ***@gmail.com (🔒 Premium) or Call or Cell Text***-***-**** (🔒 Premium)","","{""text"":""***@gmail.com (🔒 Premium)"",""url"":""/pricing""} | {""text"":""***-***-**** (🔒 Premium)"",""url"":""/pricing""}","https://schema.org","JobPosting","Psychiatrist(s) P/T or F/T  or Virtual","Psychiatrist(s) P/T or F/T and or Virtual Please Email spatel7290@gmail.com or Call or Cell Text (416) 729-7290","2026-04-15T00:00:00.000Z","2026-07-07T00:00:00.000Z","Organization","Bloor Park Medical Centre","Place","PostalAddress","726 Bloor Street West","Toronto","ON","M6G1L4","CA","PropertyValue","69e072936ce9c00c445c11d2","2026-09-29T18:26:31.182Z","","","","","","full-time","","","","","","","","","","","","","","","","","","","","","","","","","","","","","","","","","","","","","","","","","","","","","","","","","","","","","","","","","","","","","","","","","","","","","","","","","","","","","","","","","","","","","","","","","","","","","","","","","","","","","","","","","","","Please Email ***@gmail.com (🔒 Premium) or Call or Cell Text***-***-**** (🔒 Premium)","","","","","","","","","","","","","","","","","","",""
"69db28b36ce9c00c4457cb02","https://physiciancareers.ca/jobs/psychiatrists-pt-or-ft-or-virtual-69db28b36ce9c00c4457cb02?specialty=Psychiatry&city=Toronto","Psychiatrist(s) P/T or F/T or Virtual","Psychiatry","full-time","Omni Medical Centre","bloor","ON","799 Bloor Street West","Toronto, ON","43.6685","-79.39","1.79","","unspecified","","","","","","","","","","","false","false","false","false","true","Unlock application details with Premium","2026-04-12","","Psychiatrist(s) P/T or F/T and or Virtual 

 

Please Email ***@gmail.com (🔒 Premium) or Call or Cell Text***-***-**** (🔒 Premium)...","Psychiatrist(s) P/T or F/T and or Virtual 

 

Please Email ***@gmail.com (🔒 Premium) or Call or Cell Text***-***-**** (🔒 Premium)","","{""text"":""***@gmail.com (🔒 Premium)"",""url"":""/pricing""} | {""text"":""***-***-**** (🔒 Premium)"",""url"":""/pricing""}","https://schema.org","JobPosting","Psychiatrist(s) P/T or F/T  or Virtual","Psychiatrist(s) P/T or F/T and or Virtual Please Email spatel7290@gmail.com or Call or Cell Text (416) 729-7290","2026-04-12T00:00:00.000Z","2026-07-11T00:00:00.000Z","Organization","Omni Medical Centre","Place","PostalAddress","799 Bloor Street West","Toronto","ON","M6G1L8","CA","PropertyValue","69db28b36ce9c00c4457cb02","2026-09-29T18:26:31.793Z","","","","","","full-time","","","","","","","","","","","","","","","","","","","","","","","","","","","","","","","","","","","","","","","","","","","","","","","","","","","","","","","","","","","","","","","","","","","","","","","","","","","","","","","","","","","","","","","","","","","","","","","","","","","","","","","","","","","Please Email ***@gmail.com (🔒 Premium) or Call or Cell Text***-***-**** (🔒 Premium)","","","","","","","","","","","","","","","","","","",""
"69cca96ae1d60f82dd82a5a8","https://physiciancareers.ca/jobs/adult-psychiatrist-adhd-neurodevelopmental-disorders-69cca96ae1d60f82dd82a5a8?specialty=Psychiatry&city=Toronto","Adult Psychiatrist – ADHD & Neurodevelopmental Disorders","Psychiatry","part-time","Toronto Mental Health and ADHD Clinic","downtown toronto","ON","1055 Yonge Street","Toronto, ON","43.6532","-79.3832","0","","hourly","225","225","225","450000","","","","","","","false","false","false","true","true","Unlock application details with Premium","2026-03-31","","About the Clinic

An innovative ADHD clinic is seeking a collaborative, patient-focused Psychiatrist to join their multidisciplinary team. This role supports a wide range of clinical presentations, including ADHD, Autism Spectrum Disorder (ASD), and co-occurring conditions such as anxiety, depressio...","About the Clinic

An innovative ADHD clinic is seeking a collaborative, patient-focused Psychiatrist to join their multidisciplinary team. This role supports a wide range of clinical presentations, including ADHD, Autism Spectrum Disorder (ASD), and co-occurring conditions such as anxiety, depression, mood disorders, and trauma. 




In this role, you will:

Conduct psychiatric consultations (A195/K630) for adults as part of their assessment and treatment model 
Collaborate closely with psychologists and psychological associates as part of a comprehensive assessment process, with shared clinical insight informing consensus diagnosis and recommendations 
Provide consultations independently based on referrals from primary care providers 
Provide short-term follow-up care for both new and returning patients 
Work both on-site at their Toronto clinic and remotely 

All patients are referred by a primary care physician. 




Requirements

A collaborative mindset and genuine interest in multidisciplinary care
Strong interpersonal and communication skills
Licensed and in good standing with the College of Physicians and Surgeons of Ontario (CPSO) 
Fellow of the Royal College of Physicians of Canada (FRCPC) in Psychiatry 
Authorized to work with adult populations (required) 
Experience working with ASD is considered an asset

Commitment & Compensatio​n

1 day per week (6–8 hour clinic), with opportunity to increase 
Retain 100% of OHIP billings 
No clinic overhead fees 
$225/hour for non-OHIP-covered work (e.g., internal collaboration, documentation) 
No-shows compensated at OHIP rates
Comprehensive administrative support provided
Retention Bonus:
$2,500 after 6 months 
$2,500 after 12 months","","","https://schema.org","JobPosting","Adult Psychiatrist – ADHD & Neurodevelopmental Disorders","About the Clinic An innovative ADHD clinic is seeking a collaborative, patient-focused Psychiatrist to join their multidisciplinary team. This role supports a wide range of clinical presentations, including ADHD, Autism Spectrum Disorder (ASD), and co-occurring conditions such as anxiety, depression, mood disorders, and trauma. In this role, you will: Conduct psychiatric consultations (A195/K630) for adults as part of their assessment and treatment model Collaborate closely with psychologists and psychological associates as part of a comprehensive assessment process, with shared clinical insight informing consensus diagnosis and recommendations Provide consultations independently based on referrals from primary care providers Provide short-term follow-up care for both new and returning patients Work both on-site at their Toronto clinic and remotely All patients are referred by a primary care physician. Requirements A collaborative mindset and genuine interest in multidisciplinary care Strong interpersonal and communication skills Licensed and in good standing with the College of Physicians and Surgeons of Ontario (CPSO) Fellow of the Royal College of Physicians of Canada (FRCPC) in Psychiatry Authorized to work with adult populations (required) Experience working with ASD is considered an asset Commitment &amp; Compensatio ​n 1 day per week (6–8 hour clinic), with opportunity to increase Retain 100% of OHIP billings No clinic overhead fees $225/hour for non-OHIP-covered work (e.g., internal collaboration, documentation) No-shows compensated at OHIP rates Comprehensive administrative support provided Retention Bonus: $2,500 after 6 months $2,500 after 12 months","2026-03-31T00:00:00.000Z","2026-06-29T00:00:00.000Z","Organization","Toronto Mental Health and ADHD Clinic","Place","PostalAddress","1055 Yonge Street","Toronto","ON","M4W2L2","CA","PropertyValue","69cca96ae1d60f82dd82a5a8","2026-09-29T18:26:32.480Z","","","","","","part-time","","","","","","","","","","","","","","","","","","","","","","","","","","","","","","","","","","","","","","A collaborative mindset and genuine interest in multidisciplinary care | Strong interpersonal and communication skills | Licensed and in good standing with the College of Physicians and Surgeons of Ontario (CPSO) | Fellow of the Royal College of Physicians of Canada (FRCPC) in Psychiatry | Authorized to work with adult populations (required) | Experience working with ASD is considered an asset | Commitment & Compensatio​n | 1 day per week (6–8 hour clinic), with opportunity to increase | Retain 100% of OHIP billings | No clinic overhead fees | $225/hour for non-OHIP-covered work (e.g., internal collaboration, documentation) | No-shows compensated at OHIP rates | Comprehensive administrative support provided | Retention Bonus:
$2,500 after 6 months 
$2,500 after 12 months | $2,500 after 6 months | $2,500 after 12 months","","","","","","","","","","","","","","","","","","An innovative ADHD clinic is seeking a collaborative, patient-focused Psychiatrist to join their multidisciplinary team. This role supports a wide range of clinical presentations, including ADHD, Autism Spectrum Disorder (ASD), and co-occurring conditions such as anxiety, depression, mood disorders, and trauma.","","","","","","","","","","","","","","","","","","","","","","","","","","","","","","","","","","","","","","","","","","","","","","","","","","","","","","","","","","","","","","","","","","","","","Conduct psychiatric consultations (A195/K630) for adults as part of their assessment and treatment model | Collaborate closely with psychologists and psychological associates as part of a comprehensive assessment process, with shared clinical insight informing consensus diagnosis and recommendations | Provide consultations independently based on referrals from primary care providers | Provide short-term follow-up care for both new and returning patients | Work both on-site at their Toronto clinic and remotely",""